date,nav,SMA_10,EMA_10
2025-09-18,125.42,,125.42
2025-09-17,125.48,,125.43090909090908
2025-09-16,124.77,,125.31074380165288
2025-09-15,124.04,,125.07969947407963
2025-09-12,123.56,,124.80339047879242
2025-09-11,123.47,,124.5609558462847
2025-09-10,123.49,,124.36623660150566
2025-09-09,122.8,,124.08146631032281
2025-09-08,122.46,,123.78665425390048
2025-09-05,122.29,123.77799999999999,123.51453529864584
2025-09-04,122.35,123.471,123.30280160798296
2025-09-03,122.56,123.179,123.16774677016787
2025-09-02,121.65,122.86699999999999,122.89179281195553
2025-09-01,121.27,122.58999999999999,122.59692139159996
2025-08-31,119.62,122.196,122.0556629567636
2025-08-29,119.62,121.81099999999999,121.61281514644294
2025-08-28,120.05,121.46700000000001,121.32866693799876
2025-08-26,121.03,121.29,121.27436385836262
2025-08-25,123.11,121.35499999999999,121.60811588411485
2025-08-22,123.0,121.426,121.86118572336669
2025-08-21,123.48,121.53899999999999,122.15551559184547
2025-08-20,123.4,121.623,122.3817854842372
2025-08-19,123.36,121.79400000000001,122.55964266892133
2025-08-18,122.79,121.946,122.60152582002654
2025-08-14,121.04,122.08800000000001,122.31761203456716
2025-08-13,121.23,122.24900000000002,122.11986439191858
2025-08-12,120.5,122.29400000000001,121.82534359338793
2025-08-11,120.38,122.229,121.56255384913557
2025-08-08,119.72,121.89000000000001,121.22754405838364
2025-08-07,120.89,121.679,121.1661724114048
2025-08-06,120.75,121.40599999999999,121.09050470024029
2025-08-05,122.01,121.26700000000001,121.25768566383296
2025-08-04,122.67,121.19800000000001,121.5144700885906
2025-08-01,122.17,121.13600000000001,121.6336573452105
2025-07-31,123.29,121.36099999999999,121.93481055517222
2025-07-30,123.62,121.60000000000002,122.24120863605
2025-07-29,123.58,121.90799999999999,122.48462524767727
2025-07-28,122.61,122.131,122.5074206571905
2025-07-25,123.77,122.53599999999999,122.7369805377013
2025-07-24,125.69,123.016,123.27389316721013
2025-07-23,126.13,123.55400000000002,123.79318531862647
2025-07-22,126.2,123.973,124.23078798796709
2025-07-21,126.32,124.33800000000001,124.61064471742762
2025-07-18,126.15,124.73599999999999,124.89052749607714
2025-07-17,127.07,125.114,125.2867952240631
2025-07-16,126.4,125.39199999999998,125.48919609241526
2025-07-15,126.24,125.65799999999999,125.62570589379429
2025-07-14,125.08,125.905,125.52648664037713
2025-07-11,124.35,125.96300000000001,125.31257997849038
2025-07-10,125.3,125.924,125.31029270967393
2025-07-09,125.46,125.857,125.33751221700594
2025-07-08,125.12,125.749,125.29796454118667
2025-07-07,125.54,125.671,125.34197098824363
2025-07-04,125.87,125.643,125.43797626310842
2025-07-03,125.71,125.50699999999999,125.48743512436144
2025-07-02,125.32,125.399,125.45699237447754
2025-07-01,125.62,125.33700000000002,125.48663012457253
2025-06-30,125.49,125.37800000000001,125.4872428291957
2025-06-27,124.62,125.405,125.32956231479646
2025-06-26,124.01,125.276,125.08964189392437
2025-06-25,123.79,125.109,124.85334336775628
2025-06-24,122.36,124.83300000000001,124.4000082099824
2025-06-23,121.54,124.43299999999999,123.88000671725831
2025-06-20,121.04,123.95,123.36364185957498
2025-06-19,119.9,123.369,122.7338887941977
2025-06-18,121.8,123.01700000000001,122.56409083161628
2025-06-17,122.02,122.657,122.46516522586786
2025-06-16,122.59,122.36699999999999,122.48786245752825
2025-06-13,122.07,122.11200000000001,122.41188746525037
2025-06-12,121.84,121.89500000000001,122.30790792611394
2025-06-11,123.46,121.86200000000001,122.51737921227505
2025-06-10,123.59,121.98499999999999,122.71240117367957
2025-06-09,123.31,122.16199999999999,122.82105550573782
2025-06-06,122.36,122.29400000000001,122.7372272319673
2025-06-05,121.66,122.46999999999998,122.54136773524597
2025-06-04,120.7,122.35999999999999,122.20657360156488
2025-06-03,120.56,122.21399999999998,121.90719658309854
2025-06-02,120.39,121.994,121.6313426588988
2025-05-31,120.02,121.78899999999999,121.33837126637175
2025-05-30,120.02,121.607,121.09866739975871
2025-05-29,119.46,121.207,120.80072787252985
2025-05-28,118.93,120.74100000000001,120.46059553206987
2025-05-27,118.88,120.298,120.17321452623898
2025-05-26,118.77,119.939,119.91808461237734
2025-05-23,118.16,119.58900000000001,119.59843286467236
2025-05-22,117.76,119.295,119.26417234382285
2025-05-21,117.89,119.02799999999999,119.01432282676414
2025-05-20,117.45,118.734,118.7299004946252
2025-05-19,118.39,118.571,118.66810040469335
2025-05-16,118.1,118.37899999999999,118.56480942202182
2025-05-15,116.97,118.13,118.2748440725633
2025-05-14,116.14,117.851,117.88669060482451
2025-05-13,114.89,117.452,117.34183776758368
2025-05-12,114.18,116.99300000000001,116.76695817347756
2025-05-09,110.73,116.25,115.66932941466345
2025-05-08,111.32,115.606,114.878542248361
2025-05-07,112.33,115.05,114.41517093047717
2025-05-06,111.25,114.43000000000002,113.83968530675403
2025-05-05,112.61,113.852,113.61610616007147
2025-05-02,111.5,113.19200000000001,113.23135958551302
2025-04-30,112.07,112.702,113.02020329723791
2025-04-29,113.62,112.45,113.12925724319464
2025-04-28,113.18,112.279,113.13848319897743
2025-04-25,112.83,112.144,113.0823953446179
2025-04-24,114.81,112.55199999999999,113.39650528196009
2025-04-23,115.22,112.94200000000001,113.72804977614916
2025-04-22,115.34,113.24300000000001,114.02113163503113
2025-04-21,114.16,113.53399999999999,114.04638042866182
2025-04-17,112.33,113.506,113.7343112598142
2025-04-16,111.67,113.523,113.35898193984798
2025-04-15,110.94,113.41000000000001,112.9191670416938
2025-04-11,107.88,112.83599999999998,112.00295485229492
2025-04-09,105.12,112.03,110.75150851551402
2025-04-08,106.12,111.359,109.90941605814783
2025-04-07,103.84,110.26200000000001,108.80588586575732
2025-04-04,107.3,109.47,108.53208843561961
2025-04-03,110.25,108.96099999999998,108.84443599277968
2025-04-02,110.37,108.582,109.12181126681975
2025-04-01,109.25,108.274,109.14511830921614
2025-03-31,110.09,108.11600000000001,109.31691498026775
2025-03-28,110.09,108.03099999999999,109.45747589294633
2025-03-27,110.02,108.245,109.55975300331971
2025-03-26,109.63,108.696,109.57252518453431
2025-03-25,111.08,109.19200000000001,109.84661151461898
2025-03-24,111.9,109.998,110.21995487559734
2025-03-21,110.75,110.343,110.31632671639782
2025-03-20,109.24,110.242,110.12063094978004
2025-03-19,108.21,110.026,109.77324350436548
2025-03-18,106.7,109.771,109.21447195811722
2025-03-17,104.53,109.215,108.36274978391407
2025-03-13,104.26,108.63199999999999,107.61679527774787
2025-03-12,104.91,108.12100000000001,107.12465068179371
2025-03-11,104.96,107.654,106.73107783055848
2025-03-10,105.38,107.08399999999999,106.48542731591147
2025-03-07,106.51,106.545,106.48989507665482
2025-03-06,106.15,106.085,106.42809597180847
2025-03-05,105.09,105.67,106.18480579511602
2025-03-04,103.05,105.154,105.61484110509491
2025-03-03,102.28,104.71200000000002,105.00850635871402
2025-02-28,102.34,104.49300000000001,104.52332338440237
2025-02-27,103.98,104.465,104.42453731451103
2025-02-25,105.1,104.484,104.54734871187266
2025-02-24,105.24,104.51200000000001,104.67328530971398
2025-02-21,106.38,104.61200000000001,104.98359707158416
2025-02-20,106.52,104.61300000000001,105.26294305856885
2025-02-19,105.86,104.58399999999999,105.37149886610179
2025-02-18,104.35,104.51000000000002,105.18577179953782
2025-02-17,105.53,104.758,105.24835874507639
2025-02-14,106.44,105.174,105.46502079142613
2025-02-13,108.73,105.81299999999999,106.05865337480319
2025-02-12,109.26,106.34099999999998,106.64071639756625
2025-02-11,109.57,106.78800000000001,107.17331341619057
2025-02-10,112.76,107.54,108.18907461324682
2025-02-07,114.85,108.38700000000001,109.40015195629283
2025-02-06,114.95,109.22999999999999,110.40921523696686
2025-02-05,115.3,110.174,111.2984488302456
2025-02-04,114.37,111.176,111.85691267929185
2025-02-03,113.68,111.99100000000001,112.18838310123878
2025-01-31,113.74,112.721,112.47049526464991
2025-01-30,112.03,113.051,112.39040521653175
2025-01-29,112.47,113.372,112.40487699534415
2025-01-28,109.25,113.34,111.83126299619066
2025-01-27,110.88,113.152,111.65830608779235
2025-01-24,113.48,113.01500000000001,111.9895231627392
2025-01-23,115.24,113.04400000000001,112.58051895133207
2025-01-22,113.99,112.91300000000001,112.83678823290805
2025-01-21,115.58,113.03399999999999,113.33555400874295
2025-01-20,117.81,113.447,114.14908964351694
2025-01-17,117.09,113.782,114.68380061742295
2025-01-16,117.74,114.353,115.23947323243695
2025-01-15,116.63,114.769,115.49229628108476
2025-01-14,115.61,115.405,115.51369695725116
2025-01-13,114.47,115.76400000000001,115.32393387411457
2025-01-10,118.6,116.276,115.91958226063919
2025-01-09,120.6,116.81200000000001,116.77056730415933
2025-01-08,121.8,117.593,117.68500961249399
2025-01-07,122.8,118.31500000000001,118.6150078647678
2025-01-06,121.53,118.68699999999998,119.14500643481001
2025-01-03,124.49,119.42699999999999,120.11682344666272
2025-01-02,124.42,120.095,120.89921918363314
2025-01-01,123.61,120.793,121.39208842297256
2024-12-31,122.8,121.51199999999999,121.64807234606846
2024-12-30,122.34,122.299,121.77387737405601
2024-12-27,122.4,122.679,121.88771785150038
2024-12-26,122.08,122.827,121.92267824213667
2024-12-24,122.3,122.877,121.9912821981118
2024-12-23,122.1,122.80699999999999,122.01104907118238
2024-12-20,122.53,122.907,122.10540378551285
2024-12-19,124.99,122.957,122.62987582451049
2024-12-18,124.99,123.01399999999998,123.05898931096311
2024-12-17,125.47,123.2,123.49735489078799
2024-12-16,126.32,123.55199999999999,124.01056309246289
2024-12-13,125.62,123.88,124.30318798474237
2024-12-12,125.95,124.23500000000001,124.60260835115284
2024-12-11,126.9,124.71699999999998,125.0203159236705
2024-12-10,126.57,125.144,125.30207666482131
2024-12-09,125.94,125.52799999999999,125.4180627257629
2024-12-06,125.45,125.82000000000001,125.4238695028969
2024-12-05,124.79,125.8,125.30862050237019
2024-12-04,124.52,125.753,125.1652349564847
2024-12-03,123.57,125.56300000000002,124.87519223712384
2024-12-02,122.3,125.16100000000002,124.40697546673768
2024-11-30,121.67,124.76599999999999,123.90934356369446
2024-11-29,121.67,124.338,123.50219018847729
2024-11-28,120.88,123.73600000000002,123.02542833602686
2024-11-27,120.84,123.16299999999998,122.62807772947652
2024-11-26,120.13,122.58200000000002,122.1738817786626
2024-11-25,119.74,122.011,121.73135781890575
2024-11-22,118.19,121.351,121.0874745791047
2024-11-21,116.95,120.59400000000001,120.33520647381293
2024-11-19,117.04,119.94099999999999,119.73607802402876
2024-11-18,116.01,119.31199999999998,119.05860929238716
2024-11-14,116.38,118.78300000000002,118.57158942104402
2024-11-13,115.61,118.17699999999999,118.03311861721782
2024-11-12,118.09,117.898,118.04346068681457
2024-11-11,119.22,117.73599999999999,118.25737692557554
2024-11-08,120.35,117.75800000000001,118.63785384819818
2024-11-07,121.57,117.941,119.17097133034395
2024-11-06,122.38,118.36000000000001,119.75443108846322
2024-11-05,120.35,118.7,119.86271634510626
2024-11-04,120.14,119.00999999999999,119.91313155508693
2024-10-31,120.64,119.473,120.04528945416203
2024-10-30,119.05,119.73999999999998,119.86432773522347
2024-10-29,118.08,119.98700000000001,119.53990451063737
2024-10-28,117.5,119.928,119.16901278143057
2024-10-25,117.15,119.721,118.80191954844318
2024-10-24,118.87,119.57300000000001,118.8142978123626
2024-10-23,120.03,119.41900000000001,119.03533457375121
2024-10-22,119.3,119.11099999999999,119.08345556034189
2024-10-21,122.5,119.326,119.70464545846153
2024-10-18,123.94,119.70599999999999,120.47470992055942
2024-10-17,124.27,120.069,121.16476266227588
2024-10-16,125.83,120.747,122.01298763277116
2024-10-15,125.87,121.526,122.71426260863095
2024-10-14,124.49,122.225,123.03712395251623
2024-10-11,124.02,122.912,123.21582868842236
2024-10-10,123.6,123.38499999999999,123.28567801780011
2024-10-09,123.46,123.728,123.31737292365463
2024-10-08,122.15,124.01299999999999,123.10512330117197
2024-10-07,120.6,123.82300000000001,122.64964633732251
2024-10-04,123.15,123.74399999999999,122.7406197305366
2024-10-03,124.3,123.747,123.02414341589358
2024-10-01,126.49,123.81300000000002,123.65429915845837
2024-09-30,125.69,123.79499999999999,124.02442658419321
2024-09-27,125.74,123.91999999999999,124.3363490234308
2024-09-26,126.03,124.12099999999998,124.64428556462519
2024-09-25,126.24,124.38499999999999,124.93441546196605
2024-09-24,126.8,124.71900000000001,125.2736126506995
2024-09-23,126.94,125.19800000000001,125.57659216875413
2024-09-20,126.17,125.755,125.68448450170791
2024-09-19,124.37,125.877,125.44548731957919
2024-09-18,125.0,125.94699999999997,125.36448962511022
2024-09-17,125.35,125.833,125.36185514781744
2024-09-16,124.78,125.742,125.25606330275971
2024-09-13,124.1,125.578,125.04586997498521
2024-09-12,123.3,125.30500000000002,124.72843907044243
2024-09-11,122.14,124.89500000000001,124.25781378490744
2024-09-10,122.82,124.497,123.99639309674244
2024-09-09,121.71,123.974,123.58068526097108
2024-09-06,122.22,123.579,123.3332879407945
2024-09-05,122.67,123.40900000000002,123.21269013337732
2024-09-04,121.89,123.098,122.97220101821782
2024-09-03,121.34,122.697,122.67543719672366
2024-09-02,120.73,122.292,122.3217213427739
2024-08-31,120.93,121.975,122.06868109863318
2024-08-30,120.93,121.73799999999999,121.86164817160895
2024-08-29,120.43,121.56700000000001,121.60134850404367
2024-08-28,121.0,121.38500000000002,121.49201241239936
2024-08-27,121.04,121.31800000000001,121.40982833741765
2024-08-26,120.66,121.162,121.27349591243261
2024-08-23,120.09,120.904,121.05831483744487
2024-08-22,119.9,120.70500000000001,120.8477121397276
2024-08-21,119.51,120.522,120.60449175068622
2024-08-20,118.88,120.33699999999999,120.29094779601598
2024-08-19,118.32,120.076,119.9325936512858
2024-08-16,117.5,119.73299999999999,119.49030389650655
2024-08-14,115.14,119.204,118.69933955168717
2024-08-13,115.21,118.625,118.06491417865314
2024-08-12,115.92,118.11300000000001,117.67492978253438
2024-08-09,115.82,117.62899999999999,117.33766982207358
2024-08-08,114.75,117.095,116.86718439987837
2024-08-07,114.96,116.601,116.52042359990048
2024-08-06,113.1,115.96,115.89852839991858
2024-08-05,113.57,115.429,115.47515959993336
2024-08-02,117.7,115.367,115.87967603630912
2024-08-01,118.9,115.50700000000002,116.42882584788929
2024-07-31,119.52,115.94500000000001,116.99085751190941
2024-07-30,119.65,116.38899999999998,117.4743379642895
2024-07-29,118.86,116.68299999999999,117.72627651623685
2024-07-26,117.51,116.852,117.68695351328469
2024-07-25,115.98,116.975,117.3765983290511
2024-07-24,115.97,117.076,117.12085317831455
2024-07-23,115.06,117.272,116.74615260043917
2024-07-22,115.07,117.422,116.4413975821775
2024-07-19,114.59,117.11100000000002,116.10477983996341
2024-07-18,116.7,116.89099999999999,116.21300168724278
2024-07-16,117.27,116.66599999999998,116.40518319865316
2024-07-15,116.8,116.38100000000001,116.47696807162531
2024-07-12,116.77,116.172,116.53024660405707
2024-07-11,116.91,116.112,116.5992926760467
2024-07-10,116.41,116.155,116.56487582585638
2024-07-09,117.31,116.28899999999999,116.70035294842793
2024-07-08,116.79,116.46199999999999,116.71665241235011
2024-07-05,117.54,116.70900000000002,116.866351973741
2024-07-04,116.95,116.94499999999998,116.88156070578809
2024-07-03,116.46,116.921,116.8049133047357
2024-07-02,116.11,116.80500000000002,116.67856543114739
2024-07-01,116.13,116.73799999999999,116.57882626184785
2024-06-28,113.89,116.45,116.08994875969368
2024-06-27,113.06,116.06500000000001,115.53904898520392
2024-06-26,113.4,115.76399999999998,115.15013098789412
2024-06-25,113.63,115.396,114.87374353554972
2024-06-24,112.98,115.01500000000001,114.52942652908614
2024-06-21,112.74,114.53500000000001,114.20407625107048
2024-06-20,113.12,114.152,114.00697147814856
2024-06-19,112.88,113.79400000000001,113.80206757303063
2024-06-18,113.63,113.546,113.77078255975232
2024-06-14,112.95,113.228,113.62154936707009
2024-06-13,111.68,113.00699999999999,113.26854039123916
2024-06-12,110.86,112.78699999999999,112.8306239564684
2024-06-11,110.23,112.47,112.35778323711051
2024-06-10,109.69,112.076,111.87273173945405
2024-06-07,108.66,111.644,111.28859869591696
2024-06-06,106.67,111.03699999999999,110.4488534784775
2024-06-05,104.1,110.13499999999999,109.29451648239068
2024-06-04,101.9,109.03699999999999,107.95005894013782
2024-06-03,107.08,108.38199999999999,107.7918664055673
2024-05-31,105.28,107.61500000000001,107.33516342273688
2024-05-30,104.36,106.883,106.7942246186029
2024-05-29,105.43,106.34,106.54618377885691
2024-05-28,105.35,105.852,106.32869581906475
2024-05-27,106.26,105.50899999999999,106.31620567014389
2024-05-24,106.17,105.26000000000002,106.28962282102682
2024-05-23,106.27,105.22,106.28605503538557
2024-05-22,105.97,105.40700000000001,106.22859048349729
2024-05-21,105.97,105.814,106.18157403195232
2024-05-17,105.73,105.679,106.09946966250644
2024-05-16,104.16,105.56700000000001,105.74683881477799
2024-05-15,102.91,105.422,105.2310499393638
2024-05-14,101.84,105.06300000000002,104.614495404934
2024-05-13,100.76,104.604,103.91367805858235
2024-05-10,100.9,104.06800000000001,103.36573659338555
2024-05-09,100.44,103.495,102.83378448549726
2024-05-08,101.97,103.06500000000001,102.6767327608614
2024-05-07,101.71,102.63900000000001,102.50096316797749
2024-05-06,102.89,102.33099999999999,102.57169713743612
2024-05-03,103.11,102.06899999999999,102.669570385175
2024-05-02,103.71,102.024,102.85873940605228
2024-04-30,103.74,102.107,103.01896860495185
2024-04-29,103.29,102.252,103.06824704041514
2024-04-26,103.52,102.52799999999999,103.15038394215784
2024-04-25,103.47,102.785,103.2084959526746
2024-04-24,102.75,103.01599999999999,103.1251330521883
2024-04-23,101.95,103.01399999999998,102.91147249724497
2024-04-22,100.88,102.931,102.54211386138225
2024-04-19,100.36,102.678,102.14536588658547
2024-04-18,100.49,102.41600000000001,101.84439027084264
2024-04-16,100.66,102.111,101.62904658523487
2024-04-15,100.47,101.78399999999999,101.41831084246489
2024-04-12,101.64,101.619,101.45861796201673
2024-04-10,102.25,101.492,101.60250560528641
2024-04-09,101.51,101.296,101.58568640432523
2024-04-08,101.74,101.19500000000001,101.61374342172064
2024-04-05,101.75,101.175,101.63851734504415
2024-04-04,101.69,101.256,101.64787782776338
2024-04-03,101.21,101.34100000000001,101.56826367726094
2024-04-02,100.65,101.357,101.40130664503167
2024-04-01,99.84,101.275,101.11743270957136
2024-03-31,98.14,101.042,100.5760813078311
2024-03-28,98.14,100.692,100.13315743367998
2024-03-27,97.8,100.247,99.7089469911927
2024-03-26,97.08,99.804,99.23095662915766
2024-03-22,96.78,99.30799999999999,98.78532815112898
2024-03-21,95.92,98.725,98.26435939637825
2024-03-20,94.11,97.967,97.50902132430947
2024-03-19,94.13,97.25899999999999,96.89465381079864
2024-03-18,94.8,96.674,96.5138076633807
2024-03-15,95.08,96.198,96.25311536094785
2024-03-14,94.77,95.86099999999999,95.9834580225937
2024-03-13,93.52,95.399,95.53555656394029
2024-03-12,96.73,95.292,95.75272809776934
2024-03-11,97.94,95.378,96.1504138981749
2024-03-07,98.84,95.584,96.63942955305218
2024-03-06,98.52,95.84400000000001,96.98135145249722
2024-03-05,99.98,96.43100000000001,97.5265602793159
2024-03-04,101.09,97.127,98.17445841034936
2024-03-01,101.0,97.747,98.68819324483128
2024-02-29,100.81,98.32000000000001,99.07397629122559
2024-02-28,100.97,98.94000000000001,99.41870787463911
2024-02-27,102.26,99.814,99.93530644288654
2024-02-26,101.74,100.31500000000001,100.26343254417989
2024-02-23,101.9,100.711,100.56099026341991
2024-02-22,101.35,100.962,100.70444657916174
2024-02-21,100.89,101.199,100.73818356476869
2024-02-20,101.05,101.306,100.79487746208346
2024-02-19,101.37,101.334,100.8994451962501
2024-02-16,101.16,101.35,100.9468187969319
2024-02-15,100.36,101.30499999999999,100.840124470217
2024-02-14,99.89,101.197,100.66737456654118
2024-02-13,99.3,100.901,100.41876100898824
2024-02-12,99.61,100.688,100.27171355280855
2024-02-09,100.94,100.592,100.39322017957062
2024-02-08,101.39,100.59599999999999,100.57445287419414
2024-02-07,102.3,100.737,100.88818871524975
2024-02-06,101.81,100.813,101.05579076702253
2024-02-05,101.18,100.79400000000001,101.07837426392751
2024-02-02,101.32,100.80999999999999,101.12230621594068
2024-02-01,101.2,100.894,101.13643235849692
2024-01-31,101.29,101.03399999999999,101.16435374786111
2024-01-30,99.67,101.071,100.89265306643182
2024-01-29,99.56,101.066,100.65035250889875
2024-01-25,98.75,100.84700000000001,100.30483387091715
2024-01-24,98.52,100.56,99.98031862165948
2024-01-23,97.15,100.045,99.46571523590319
2024-01-19,98.82,99.74600000000001,99.34831246573897
2024-01-18,98.2,99.44800000000001,99.13952838105915
2024-01-17,98.45,99.161,99.01415958450293
2024-01-16,98.99,98.94,99.00976693277512
2024-01-15,99.11,98.72200000000001,99.027991126816
2024-01-12,99.14,98.669,99.04835637648583
2024-01-11,98.38,98.551,98.92683703530658
2024-01-10,97.86,98.462,98.73286666525084
2024-01-09,97.93,98.40299999999999,98.5868909079325
2024-01-08,97.43,98.431,98.37654710649022
2024-01-05,98.03,98.352,98.31353854167382
2024-01-04,97.11,98.243,98.09471335227857
2024-01-03,96.35,98.033,97.77749274277338
2024-01-02,96.65,97.799,97.57249406226913
2024-01-01,97.08,97.596,97.4829496873111
2023-12-29,97.15,97.397,97.42241338052727
2023-12-28,96.69,97.228,97.28924731134049
2023-12-27,96.65,97.107,97.1730205274604
2023-12-26,96.28,96.94200000000001,97.01065315883122
2023-12-22,96.29,96.828,96.87962531177098
2023-12-21,95.37,96.562,96.60514798235808
2023-12-20,94.42,96.293,96.20784834920207
2023-12-19,96.34,96.292,96.23187592207441
2023-12-18,96.3,96.257,96.24426211806087
2023-12-15,96.17,96.166,96.23075991477707
2023-12-14,95.74,96.025,96.14153083936304
2023-12-13,94.76,95.832,95.8903434140243
2023-12-12,94.37,95.604,95.61391733874714
2023-12-11,94.53,95.429,95.41684145897493
2023-12-08,94.55,95.25500000000001,95.25923392097948
2023-12-07,95.17,95.235,95.24300957171047
2023-12-06,95.22,95.315,95.23882601321766
2023-12-05,95.55,95.23599999999999,95.29540310172354
2023-12-04,95.16,95.122,95.27078435595561
2023-12-01,94.5,94.95500000000001,95.13064174578186
2023-11-30,94.08,94.789,94.93961597382152
2023-11-29,93.32,94.64500000000001,94.6451403422176
2023-11-28,92.78,94.486,94.30602391635986
2023-11-24,92.63,94.29599999999999,94.00129229520353
2023-11-23,92.64,94.10499999999999,93.75378460516652
2023-11-22,93.0,93.888,93.6167328587726
2023-11-21,93.25,93.691,93.55005415717757
2023-11-20,92.8,93.41600000000001,93.41368067405438
2023-11-17,92.6,93.16,93.26573873331722
2023-11-16,92.15,92.925,93.06287714544135
2023-11-15,91.87,92.704,92.84599039172474
2023-11-13,90.73,92.445,92.46126486595661
2023-11-10,90.24,92.191,92.05739852669177
2023-11-09,89.86,91.914,91.65787152183871
2023-11-08,90.2,91.67,91.39280397241349
2023-11-07,90.03,91.373,91.14502143197467
2023-11-06,90.02,91.05,90.94047208070654
2023-11-03,89.11,90.68100000000001,90.60765897512353
2023-11-02,87.97,90.218,90.12808461601016
2023-11-01,87.59,89.76199999999999,89.66661468582649
2023-10-31,87.41,89.316,89.2563211065853
2023-10-30,87.45,88.988,88.92789908720616
2023-10-27,87.11,88.675,88.5973719804414
2023-10-26,85.45,88.23400000000001,88.02512252945203
2023-10-25,85.95,87.809,87.64782752409711
2023-10-23,86.62,87.468,87.46094979244309
2023-10-20,88.78,87.34400000000001,87.70077710290798
2023-10-19,89.36,87.369,88.00245399328834
2023-10-18,89.5,87.522,88.27473508541772
2023-10-17,89.59,87.72200000000001,88.51387416079632
2023-10-16,89.15,87.896,88.62953340428788
2023-10-13,89.27,88.078,88.74598187623553
2023-10-12,89.06,88.273,88.80307608055634
2023-10-11,88.88,88.616,88.8170622477279
2023-10-10,88.31,88.852,88.72486911177738
2023-10-09,87.48,88.93800000000002,88.4985292732724
2023-10-06,88.51,88.911,88.50061485995013
2023-10-05,88.25,88.8,88.45504852177737
2023-10-04,87.57,88.607,88.29413060872693
2023-10-03,88.15,88.46300000000001,88.26792504350385
2023-09-29,87.72,88.32,88.16830230832133
2023-09-27,87.88,88.181,88.11588370680836
2023-09-26,87.52,88.027,88.00754121466137
2023-09-25,87.36,87.875,87.88980644835931
2023-09-22,87.2,87.764,87.76438709411217
2023-09-21,87.4,87.756,87.69813489518268
2023-09-20,88.1,87.715,87.77120127787673
2023-09-18,88.44,87.734,87.89280104553549
2023-09-15,89.01,87.878,88.0959281281654
2023-09-14,88.97,87.96,88.25485028668076
2023-09-13,87.92,87.98,88.19396841637517
2023-09-12,87.84,87.976,88.12961052248878
2023-09-11,89.89,88.21300000000001,88.44968133658172
2023-09-08,89.27,88.40400000000001,88.59883018447594
2023-09-07,88.77,88.561,88.62995196911668
2023-09-06,88.27,88.648,88.56450615655
2023-09-05,88.33,88.671,88.52186867354091
2023-09-04,87.98,88.625,88.42334709653346
2023-09-01,87.29,88.453,88.21728398807284
2023-08-31,86.99,88.25500000000001,87.99414144478686
2023-08-30,86.2,88.083,87.66793390937106
2023-08-29,86.0,87.899,87.36467319857631
2023-08-28,85.47,87.457,87.02018716247153
2023-08-25,85.3,87.05999999999999,86.70742586020398
2023-08-24,85.41,86.724,86.4715302492578
2023-08-23,85.07,86.404,86.21670656757456
2023-08-22,84.74,86.045,85.94821446437918
2023-08-21,84.3,85.67699999999999,85.64853910721932
2023-08-18,83.73,85.321,85.29971381499762
2023-08-17,83.95,85.017,85.05431130317986
2023-08-16,83.6,84.757,84.78989106623807
2023-08-14,83.61,84.518,84.57536541783115
2023-08-11,83.96,84.36699999999999,84.4634807964073
2023-08-10,83.9,84.227,84.36102974251506
2023-08-09,84.18,84.104,84.32811524387596
2023-08-08,83.99,83.99600000000001,84.2666397449894
2023-08-07,84.08,83.92999999999999,84.2327052459004
2023-08-04,84.08,83.908,84.20494065573668
2023-08-03,83.46,83.881,84.06949690014818
2023-08-02,83.44,83.83,83.95504291830305
2023-08-01,84.36,83.90599999999999,84.02867147861159
2023-07-31,84.04,83.949,84.03073120977311
2023-07-28,82.88,83.841,83.82150735345071
2023-07-27,82.8,83.73100000000001,83.6357787437324
2023-07-26,82.55,83.568,83.43836442669014
2023-07-25,82.73,83.442,83.30957089456466
2023-07-24,82.87,83.321,83.2296489137347
2023-07-21,82.71,83.184,83.13516729305566
2023-07-20,83.21,83.15899999999999,83.14877323977281
2023-07-19,83.3,83.14500000000001,83.17626901435956
2023-07-18,82.86,82.995,83.11876555720328
2023-07-17,83.5,82.941,83.18808091043904
2023-07-14,83.28,82.98100000000001,83.20479347217739
2023-07-13,82.58,82.95899999999999,83.09119465905422
2023-07-12,82.66,82.97,83.01279563013527
2023-07-11,82.23,82.92,82.87046915192886
2023-07-10,81.76,82.809,82.66856566975997
2023-07-07,81.89,82.727,82.52700827525815
2023-07-06,82.03,82.60900000000001,82.43664313430213
2023-07-05,81.45,82.424,82.25725347351992
2023-07-04,81.28,82.266,82.07957102378903
2023-07-03,81.23,82.03900000000002,81.92510356491829
2023-06-30,81.28,81.839,81.80781200766042
2023-06-28,81.12,81.69300000000001,81.68275527899488
2023-06-27,81.22,81.549,81.59861795554126
2023-06-26,80.62,81.388,81.42068741817012
2023-06-23,80.19,81.231,81.1969260694119
2023-06-22,81.16,81.15799999999999,81.19021223860973
2023-06-21,81.49,81.104,81.24471910431704
2023-06-20,81.29,81.088,81.25295199444122
2023-06-19,81.1,81.07000000000001,81.22514254090645
2023-06-16,80.92,81.039,81.16966207892345
2023-06-15,80.29,80.94,81.00972351911918
2023-06-14,80.11,80.839,80.84613742473387
2023-06-13,79.69,80.686,80.63593062023679
2023-06-12,79.21,80.54499999999999,80.37667050746647
2023-06-09,78.84,80.41,80.09727586974529
2023-06-08,79.05,80.199,79.90686207524614
2023-06-07,79.44,79.994,79.821978061565
2023-06-06,78.65,79.72999999999999,79.60889114128045
2023-06-05,78.15,79.435,79.34363820650219
2023-06-02,77.87,79.13,79.07570398713816
2023-06-01,77.45,78.846,78.78012144402211
2023-05-31,77.13,78.548,78.4800993632908
2023-05-30,76.79,78.258,78.1728085699652
2023-05-29,76.66,78.00300000000001,77.89775246633516
2023-05-26,76.49,77.768,77.64179747245603
2023-05-25,76.17,77.48,77.37419793200948
2023-05-24,75.9,77.126,77.1061619443714
2023-05-23,75.68,76.82900000000001,76.8468597726675
2023-05-22,75.7,76.584,76.63833981400067
2023-05-19,75.56,76.35300000000001,76.44227802963691
2023-05-18,75.37,76.14500000000001,76.24731838788475
2023-05-17,75.5,75.982,76.11144231736024
2023-05-16,75.17,75.82000000000001,75.94027098693111
2023-05-15,74.78,75.63199999999999,75.7293126256709
2023-05-12,74.39,75.422,75.48580123918528
2023-05-11,74.52,75.257,75.31020101387887
2023-05-10,74.1,75.077,75.09016446590088
2023-05-09,73.87,74.89599999999999,74.86831638119163
2023-05-08,73.8,74.706,74.67407703915678
2023-05-05,73.49,74.499,74.45879030476463
2023-05-04,73.61,74.32300000000001,74.30446479480743
2023-05-03,72.99,74.07199999999999,74.06547119575153
2023-05-02,72.7,73.825,73.81720370561487
2023-04-28,72.6,73.607,73.59589394095762
2023-04-27,71.97,73.36500000000001,73.3002768607835
2023-04-26,71.66,73.079,73.0020447042774
2023-04-25,71.44,72.813,72.71803657622695
2023-04-24,71.4,72.566,72.4783935623675
2023-04-21,71.14,72.3,72.23504927830068
2023-04-20,71.14,72.065,72.03594940951874
2023-04-19,71.11,71.815,71.86759497142441
2023-04-18,71.3,71.646,71.76439588571088
2023-04-17,71.31,71.50699999999999,71.68177845194526
2023-04-13,71.37,71.38399999999999,71.62509146068248
2023-04-12,71.28,71.315,71.56234755874021
2023-04-11,70.94,71.243,71.44919345715108
2023-04-10,70.53,71.152,71.2820673740327
2023-04-06,70.14,71.026,71.07441876057221
2023-04-05,69.92,70.904,70.86452444046817
2023-04-03,69.83,70.773,70.67642908765578
2023-03-31,69.53,70.615,70.46798743535473
2023-03-29,68.5,70.33500000000001,70.1101715380175
2023-03-28,67.56,69.96,69.64650398565068
2023-03-27,67.76,69.599,69.30350326098691
2023-03-24,68.26,69.297,69.11377539535293
2023-03-23,69.09,69.112,69.10945259619785
2023-03-22,69.08,68.967,69.10409757870733
2023-03-21,68.81,68.83399999999999,69.05062529166963
2023-03-20,68.76,68.718,68.99778432954788
2023-03-17,68.99,68.63399999999999,68.9963689969028
2023-03-16,68.55,68.536,68.91521099746592
2023-03-15,69.01,68.587,68.93244536156303
2023-03-14,69.09,68.74000000000001,68.96109165946066
2023-03-13,69.62,68.92600000000002,69.08089317592236
2023-03-10,70.5,69.15,69.33891259848193
2023-03-09,70.82,69.32300000000001,69.60820121693976
2023-03-08,70.99,69.514,69.85943735931434
2023-03-06,70.98,69.731,70.06317602125719
2023-03-03,70.62,69.917,70.16441674466498
2023-03-02,70.3,70.048,70.18906824563499
2023-03-01,70.49,70.24199999999999,70.24378311006498
2023-02-28,69.88,70.329,70.1776407264168
2023-02-27,70.01,70.42099999999999,70.14716059434102
2023-02-24,70.6,70.51899999999999,70.22949503173356
2023-02-23,70.44,70.513,70.26776866232746
2023-02-22,70.54,70.485,70.317265269177
2023-02-21,71.03,70.489,70.4468534020539
2023-02-20,71.32,70.523,70.60560732895318
2023-02-17,71.4,70.601,70.7500423600526
2023-02-16,71.57,70.728,70.89912556731576
2023-02-15,71.05,70.784,70.92655728234925
2023-02-14,70.85,70.881,70.91263777646756
2023-02-13,71.21,71.001,70.96670363529164
2023-02-10,72.05,71.146,71.16366661069316
2023-02-09,71.9,71.292,71.29754540874895
2023-02-08,72.27,71.465,71.47435533443095
2023-02-07,71.74,71.536,71.52265436453442
2023-02-06,71.52,71.556,71.52217175280089
2023-02-03,71.24,71.53999999999999,71.47086779774617
2023-02-02,71.31,71.51399999999998,71.44161910724686
2023-02-01,70.84,71.493,71.33223381502016
2023-01-31,71.12,71.52,71.29364584865286
2023-01-30,70.14,71.413,71.08389205798869
2023-01-27,69.87,71.195,70.86318441108166
2023-01-25,70.75,71.08,70.84260542724863
2023-01-24,71.07,70.96000000000001,70.8839498950216
2023-01-23,71.17,70.90299999999999,70.93595900501766
2023-01-20,71.13,70.864,70.97123918592354
2023-01-19,71.34,70.874,71.03828660666471
2023-01-18,71.39,70.882,71.10223449636203
2023-01-17,71.43,70.941,71.1618282242962
2023-01-16,71.52,70.98100000000001,71.22695036533325
2023-01-13,71.54,71.12100000000001,71.28386848072721
2023-01-12,71.24,71.25800000000001,71.27589239332225
2023-01-11,71.18,71.301,71.2584574127182
2023-01-10,71.07,71.301,71.22419242858761
2023-01-09,71.27,71.311,71.23252107793532
2023-01-06,71.07,71.30499999999999,71.20297179103798
2023-01-05,71.56,71.327,71.26788601084925
2023-01-04,71.49,71.337,71.30827037251302
2023-01-03,71.95,71.38900000000001,71.42494848660156
2023-01-02,72.01,71.438,71.53132148903764
2022-12-30,71.66,71.45,71.55471758193988
2022-12-29,71.27,71.453,71.5029507488599
2022-12-28,71.26,71.461,71.45877788543082
2022-12-27,71.27,71.481,71.4244546335343
2022-12-26,70.58,71.412,71.27091742743714
2022-12-23,69.22,71.227,70.89802334972129
2022-12-22,71.1,71.181,70.93474637704468
2022-12-21,71.98,71.22999999999999,71.12479249030928
2022-12-20,72.75,71.30999999999999,71.4202847647985
2022-12-19,72.65,71.374,71.64386935301695
2022-12-16,72.51,71.459,71.80134765246841
2022-12-15,72.93,71.625,72.00655717020142
2022-12-14,73.5,71.849,72.27809223016479
2022-12-13,72.95,72.01700000000001,72.40025727922573
2022-12-12,72.91,72.25,72.49293777391195
2022-12-09,72.65,72.59299999999999,72.52149454229159
2022-12-08,73.3,72.81300000000002,72.66304098914766
2022-12-07,72.96,72.911,72.71703353657536
2022-12-06,73.39,72.975,72.83939107537984
2022-12-05,73.59,73.06899999999999,72.97586542531077
2022-12-02,73.43,73.161,73.05843534798154
2022-12-01,73.07,73.175,73.06053801198489
2022-11-30,72.45,73.07000000000001,72.9495311007149
2022-11-29,72.08,72.98299999999999,72.79143453694856
2022-11-28,72.13,72.905,72.67117371204881
2022-11-25,71.83,72.82300000000001,72.51823303713084
2022-11-24,71.76,72.669,72.38037248492523
2022-11-23,71.43,72.516,72.2075774876661
2022-11-22,70.88,72.26500000000001,71.9661997626359
2022-11-21,71.11,72.01700000000001,71.81052707852027
2022-11-18,70.97,71.77099999999999,71.65770397333476
2022-11-17,71.21,71.58500000000001,71.57630325091026
2022-11-16,71.44,71.484,71.55152084165384
2022-11-15,71.48,71.424,71.53851705226222
2022-11-14,71.47,71.358,71.52605940639636
2022-11-11,71.23,71.298,71.4722304234152
2022-11-10,71.03,71.225,71.39182489188516
2022-11-09,71.34,71.216,71.38240218426968
2022-11-07,71.66,71.294,71.43287451440246
2022-11-04,71.28,71.31099999999999,71.40507914814745
2022-11-03,71.42,71.35600000000001,71.40779203030246
2022-11-02,71.41,71.376,71.40819347933837
2022-11-01,71.19,71.351,71.36852193764048
2022-10-31,71.03,71.30600000000001,71.30697249443313
2022-10-28,70.98,71.257,71.24752294999074
2022-10-27,71.55,71.289,71.30251877726515
2022-10-25,71.33,71.319,71.30751536321694
2022-10-21,71.02,71.287,71.25523984263204
2022-10-20,71.41,71.262,71.28337805306256
2022-10-19,71.35,71.269,71.29549113432391
2022-10-18,71.46,71.273,71.3254018371741
2022-10-17,70.97,71.229,71.26078332132425
2022-10-14,70.85,71.195,71.18609544471984
2022-10-13,70.63,71.155,71.0849871820435
2022-10-12,70.8,71.13699999999999,71.03317133076287
2022-10-11,70.59,71.041,70.95259472516962
2022-10-10,71.4,71.04799999999999,71.03394113877513
2022-10-07,71.67,71.113,71.14958820445239
2022-10-06,71.43,71.115,71.20057216727922
2022-10-04,70.77,71.05699999999999,71.122286318683
2022-10-03,70.34,70.94500000000001,70.98005244255882
2022-09-30,70.75,70.923,70.93822472572994
2022-09-29,69.99,70.837,70.76582023014267
2022-09-28,69.91,70.765,70.61021655193491
2022-09-27,70.05,70.69000000000001,70.50835899703765
2022-09-26,69.88,70.619,70.39411190666716
2022-09-23,71.17,70.596,70.53518246909131
2022-09-22,72.07,70.636,70.8142402019838
2022-09-21,71.92,70.685,71.01528743798673
2022-09-20,72.38,70.846,71.26341699471641
2022-09-19,71.42,70.954,71.2918866320407
2022-09-16,71.86,71.065,71.39517997166966
2022-09-15,72.94,71.35999999999999,71.676056340457
2022-09-14,73.16,71.685,71.94586427855572
2022-09-13,72.9,71.97,72.11934350063649
2022-09-12,72.86,72.268,72.25400831870257
2022-09-09,72.11,72.362,72.22782498802938
2022-09-08,72.03,72.358,72.19185680838767
2022-09-07,71.47,72.313,72.06061011595355
2022-09-06,70.83,72.15799999999999,71.83686282214381
2022-09-05,70.62,72.078,71.61561503629947
2022-09-02,70.45,71.937,71.40368502969956
2022-09-01,70.42,71.685,71.22483320611781
2022-08-30,70.04,71.373,71.00940898682366
2022-08-29,69.24,71.007,70.68769826194662
2022-08-26,69.69,70.69,70.50629857795631
2022-08-25,69.6,70.439,70.34151701832789
2022-08-24,69.49,70.185,70.18669574226827
2022-08-23,69.07,69.945,69.98366015276494
2022-08-22,68.38,69.7,69.69208557953495
2022-08-19,68.95,69.533,69.5571609287104
2022-08-18,69.71,69.45899999999999,69.58494985076305
2022-08-17,69.59,69.376,69.58586805971522
2022-08-16,69.46,69.318,69.56298295794882
2022-08-12,69.21,69.31499999999998,69.49880423832175
2022-08-11,69.06,69.252,69.41902164953598
2022-08-10,68.91,69.18299999999999,69.32647225871125
2022-08-08,68.33,69.067,69.14529548440011
2022-08-05,67.98,68.958,68.93342357814554
2022-08-04,67.84,68.904,68.73461929120998
2022-08-03,67.6,68.76899999999999,68.52832487462635
2022-08-02,67.69,68.56700000000001,68.37590217014883
2022-08-01,67.53,68.361,68.22210177557632
2022-07-29,66.95,68.11,67.99081054365335
2022-07-28,66.19,67.808,67.66339044480729
2022-07-27,65.62,67.464,67.29186490938778
2022-07-26,65.49,67.122,66.96425310768092
2022-07-25,66.05,66.89399999999999,66.79802526992074
2022-07-22,65.83,66.679,66.62202067538969
2022-07-21,65.65,66.46000000000001,66.44528964350064
2022-07-20,65.34,66.23400000000001,66.24432789013689
2022-07-19,65.12,65.977,66.03990463738472
2022-07-18,64.65,65.689,65.78719470331477
2022-07-15,63.95,65.389,65.45315930271208
2022-07-14,63.45,65.11500000000001,65.08894852040079
2022-07-13,63.93,64.946,64.87823060760064
2022-07-12,63.97,64.79400000000001,64.71309776985507
2022-07-11,64.05,64.59400000000001,64.59253453897233
2022-07-08,63.68,64.37899999999999,64.42661916825008
2022-07-07,63.52,64.16600000000001,64.26177931947734
2022-07-06,63.12,63.944,64.05418307957237
2022-07-05,62.71,63.702999999999996,63.80978615601376
2022-07-04,62.57,63.495000000000005,63.58437049128398
2022-07-01,62.4,63.339999999999996,63.36903040195961
2022-06-30,62.33,63.22800000000001,63.1801157834215
2022-06-29,62.43,63.077999999999996,63.04373109552668
2022-06-28,62.76,62.956999999999994,62.99214362361273
2022-06-27,62.53,62.80499999999999,62.90811751022859
2022-06-24,61.78,62.61500000000001,62.70300523564158
2022-06-23,61.2,62.382999999999996,62.42973155643402
2022-06-22,60.52,62.12299999999999,62.08250763708237
2022-06-21,60.68,61.92,61.827506248521935
2022-06-20,59.94,61.657,61.484323294245215
2022-06-17,60.56,61.473,61.31626451347336
2022-06-16,61.24,61.364,61.30239823829638
2022-06-15,62.15,61.336,61.45650764951522
2022-06-14,61.93,61.253,61.542597167785175
2022-06-13,61.86,61.186,61.600306773642416
2022-06-10,63.15,61.323,61.882069178434705
2022-06-09,63.6,61.563,62.19442023690112
2022-06-08,63.55,61.86600000000001,62.440889284737274
2022-06-07,63.77,62.175,62.6825457784214
2022-06-06,64.07,62.588,62.934810182344776
2022-06-03,64.21,62.952999999999996,63.1666628764639
2022-06-02,64.87,63.315999999999995,63.47636053528865
2022-06-01,64.69,63.57000000000001,63.69702225614526
2022-05-31,64.2,63.797000000000004,63.78847275502793
2022-05-30,63.85,63.996,63.79965952684103
2022-05-27,62.79,63.959999999999994,63.61608506741538
2022-05-26,62.2,63.82000000000001,63.35861505515804
2022-05-25,61.96,63.661,63.104321408765664
2022-05-24,63.1,63.593999999999994,63.10353569808099
2022-05-23,63.68,63.55500000000001,63.20834738933899
2022-05-20,63.96,63.529999999999994,63.34501150036826
2022-05-19,62.98,63.340999999999994,63.27864577302857
2022-05-18,63.83,63.25500000000001,63.37889199611428
2022-05-17,63.45,63.18000000000001,63.3918207240935
2022-05-16,62.31,63.025999999999996,63.195126046985585
2022-05-13,61.91,62.938,62.96146676571548
2022-05-12,61.48,62.866,62.69210917194903
2022-05-11,62.24,62.89399999999999,62.609907504321924
2022-05-10,63.34,62.918000000000006,62.742651594445206
2022-05-09,64.25,62.975,63.01671494090971
2022-05-06,64.7,63.04899999999999,63.32276676983521
2022-05-05,66.1,63.361000000000004,63.82771826622881
2022-05-04,66.24,63.602,64.2663149450963
2022-05-02,67.31,63.987999999999985,64.81971222780606
2022-04-29,67.65,64.522,65.3343100045686
2022-04-28,68.34,65.165,65.88079909464703
2022-04-27,67.76,65.793,66.22247198652938
2022-04-26,67.94,66.363,66.53474980716041
2022-04-25,67.28,66.75699999999999,66.67024984222215
2022-04-22,68.35,67.167,66.97565896181811
2022-04-21,68.44,67.54100000000001,67.24190278694209
2022-04-20,67.88,67.71900000000001,67.35792046204352
2022-04-19,67.71,67.866,67.42193492349016
2022-04-18,68.47,67.982,67.61249221012831
2022-04-13,69.18,68.13499999999999,67.89749362646862
2022-04-12,69.35,68.236,68.1615856943834
2022-04-11,70.33,68.493,68.55584284085914
2022-04-08,69.99,68.69800000000001,68.81659868797566
2022-04-07,69.58,68.928,68.95539892652553
2022-04-06,69.83,69.076,69.1144173035209
2022-04-05,69.61,69.193,69.20452324833528
2022-04-04,69.3,69.335,69.22188265772886
2022-04-01,68.83,69.447,69.15063126541452
2022-03-31,68.27,69.42699999999999,68.9905164898846
2022-03-30,68.25,69.33399999999999,68.8558771280874
2022-03-29,67.58,69.15700000000001,68.62389946843514
2022-03-28,66.96,68.82,68.32137229235602
2022-03-25,66.93,68.514,68.06839551192765
2022-03-24,66.96,68.252,67.86686905521353
2022-03-23,66.69,67.938,67.65289286335653
2022-03-22,66.59,67.636,67.45963961547352
2022-03-21,66.52,67.358,67.28879604902379
2022-03-17,66.61,67.136,67.16537858556491
2022-03-16,65.82,66.89099999999999,66.92076429728037
2022-03-15,65.08,66.574,66.58607987959303
2022-03-14,65.51,66.36699999999999,66.39042899239429
2022-03-11,65.37,66.208,66.2048964483226
2022-03-10,64.96,66.011,65.97855163953666
2022-03-09,64.32,65.747,65.67699679598454
2022-03-08,63.44,65.422,65.27027010580552
2022-03-07,63.03,65.066,64.86294826838633
2022-03-04,64.41,64.85499999999999,64.78059403777064
2022-03-03,65.06,64.7,64.83139512181233
2022-03-02,64.85,64.603,64.83477782693737
2022-02-28,64.99,64.594,64.86300004022148
2022-02-25,64.49,64.49199999999999,64.79518185109029
2022-02-24,62.34,64.189,64.34878515089206
2022-02-23,64.81,64.174,64.4326423961844
2022-02-22,64.43,64.185,64.4321619605145
2022-02-21,65.16,64.357,64.56449614951187
2022-02-18,66.21,64.675,64.86367866778244
2022-02-17,66.56,64.89,65.17210072818563
2022-02-16,66.56,65.03999999999999,65.4244460503337
2022-02-15,66.34,65.189,65.59091040481849
2022-02-14,65.15,65.20500000000001,65.51074487666968
2022-02-11,67.41,65.497,65.85606399000245
2022-02-10,68.32,66.095,66.30405235545655
2022-02-09,68.15,66.429,66.63967919991899
2022-02-08,68.22,66.80799999999999,66.92701025447917
2022-02-07,69.13,67.205,67.32755384457386
2022-02-04,69.72,67.556,67.76254405465133
2022-02-03,69.81,67.881,68.13480877198745
2022-02-02,70.05,68.22999999999999,68.48302535889883
2022-02-01,69.08,68.504,68.5915662027354
2022-01-31,68.69,68.85799999999999,68.6094632567835
2022-01-28,67.65,68.88199999999999,68.43501539191377
2022-01-27,67.05,68.75500000000001,68.18319441156581
2022-01-25,67.76,68.716,68.1062499730993
2022-01-24,67.22,68.61600000000001,67.94511361435397
2022-01-21,69.59,68.662,68.2441838662896
2022-01-20,70.51,68.74100000000001,68.65615043605513
2022-01-19,70.25,68.785,68.94594126586328
2022-01-18,70.35,68.815,69.20122467206996
2022-01-17,71.28,69.035,69.57918382260269
2022-01-14,70.65,69.23100000000001,69.77387767303856
2022-01-13,70.69,69.535,69.94044536884972
2022-01-12,70.52,69.88199999999999,70.04581893814976
2022-01-11,70.17,70.123,70.06839731303162
2022-01-10,70.23,70.424,70.09777961975314
2022-01-07,69.57,70.422,70.00181968888893
2022-01-06,69.29,70.3,69.87239792727276
2022-01-05,69.41,70.21600000000001,69.78832557685952
2022-01-04,69.73,70.15400000000001,69.77772092652143
2022-01-03,69.66,69.99199999999999,69.75631712169934
2021-12-31,68.83,69.80999999999999,69.58789582684491
2021-12-30,68.44,69.58500000000001,69.37918749469128
2021-12-29,68.08,69.34100000000001,69.1429715865656
2021-12-28,67.79,69.103,68.89697675264458
2021-12-27,67.01,68.78099999999999,68.55389007034556
2021-12-24,66.71,68.495,68.21863733028273
2021-12-23,66.76,68.242,67.9534305429586
2021-12-22,66.32,67.93299999999999,67.65644317151158
2021-12-21,65.15,67.475,67.20072623123674
2021-12-20,64.34,66.943,66.6805941891937
2021-12-17,66.62,66.722,66.66957706388575
2021-12-16,67.55,66.63300000000001,66.82965396136106
2021-12-15,67.62,66.587,66.97335324111359
2021-12-14,67.93,66.601,67.14728901545656
2021-12-13,67.71,66.671,67.24960010355537
2021-12-10,67.78,66.77799999999999,67.34603644836348
2021-12-09,67.55,66.857,67.3831207304792
2021-12-08,67.22,66.947,67.35346241584662
2021-12-07,66.68,67.1,67.23101470387451
2021-12-06,65.91,67.257,66.99083021226096
2021-12-03,66.93,67.28800000000001,66.97977017366806
2021-12-02,66.77,67.21000000000001,66.94163014209204
2021-12-01,66.22,67.07,66.81042466171166
2021-11-30,65.9,66.867,66.64489290503681
2021-11-29,64.6,66.556,66.27309419503011
2021-11-26,65.56,66.334,66.14344070502463
2021-11-25,67.51,66.33,66.39190603138378
2021-11-24,66.93,66.301,66.48974129840491
2021-11-23,66.86,66.31899999999999,66.55706106233129
2021-11-22,65.89,66.31700000000001,66.4357772328165
2021-11-18,67.7,66.39399999999999,66.66563591775895
2021-11-17,68.71,66.588,67.0373384781664
2021-11-16,68.39,66.805,67.2832769366816
2021-11-15,68.18,67.03299999999999,67.44631749364858
2021-11-12,67.94,67.367,67.53607794934884
2021-11-11,67.74,67.58500000000001,67.57315468583086
2021-11-10,67.52,67.586,67.56349019749797
2021-11-09,67.51,67.644,67.5537647070438
2021-11-08,67.15,67.673,67.48035294212674
2021-11-03,66.13,67.69699999999999,67.23483422537643
2021-11-02,66.26,67.553,67.05759163894436
2021-11-01,65.35,67.217,66.74712043186356
2021-10-29,64.7,66.848,66.37491671697927
2021-10-28,64.73,66.50300000000001,66.07584095025577
2021-10-27,65.35,66.244,65.94386986839108
2021-10-26,65.3,66.0,65.8268026195927
2021-10-25,64.18,65.666,65.52738396148493
2021-10-22,64.88,65.40299999999999,65.40967778666948
2021-10-21,65.56,65.244,65.4370090981841
2021-10-20,66.25,65.256,65.58482562578699
2021-10-19,67.64,65.394,65.95849369382572
2021-10-18,68.13,65.672,66.35331302222103
2021-10-14,67.85,65.987,66.62543792727175
2021-10-13,67.63,66.277,66.8080855768587
2021-10-12,67.19,66.461,66.87752456288439
2021-10-11,67.4,66.67099999999999,66.9725200969054
2021-10-08,67.5,67.003,67.06842553383169
2021-10-07,67.07,67.22200000000001,67.06871180040774
2021-10-06,66.09,67.275,66.8907642003336
2021-10-05,66.11,67.261,66.74880707300022
2021-10-04,65.88,67.085,66.59084215063655
2021-10-01,64.67,66.739,66.24159812324808
2021-09-30,64.36,66.39,65.89948937356661
2021-09-29,63.72,65.999,65.50321857837267
2021-09-28,63.97,65.67699999999999,65.22445156412309
2021-09-27,64.72,65.409,65.13273309791889
2021-09-24,65.27,65.186,65.1576907164791
2021-09-23,65.46,65.025,65.21265604075562
2021-09-22,64.69,64.88499999999999,65.11762766970914
2021-09-21,64.22,64.696,64.95442263885293
2021-09-20,63.97,64.505,64.77543670451603
2021-09-17,64.71,64.50899999999999,64.76353912187675
2021-09-16,65.34,64.607,64.86835019062643
2021-09-15,65.33,64.768,64.95228651960343
2021-09-14,65.24,64.89500000000001,65.00459806149371
2021-09-13,64.54,64.877,64.92012568667667
2021-09-09,64.05,64.755,64.76192101637182
2021-09-08,63.87,64.59599999999999,64.59975355884967
2021-09-07,63.76,64.503,64.44707109360427
2021-09-06,63.61,64.442,64.29487634931257
2021-09-03,63.3,64.375,64.11398974034665
2021-09-02,63.16,64.22,63.940537060283624
2021-09-01,62.48,63.934000000000005,63.674984867504776
2021-08-31,62.22,63.62299999999999,63.410442164322085
2021-08-30,61.57,63.25599999999999,63.07581631626352
2021-08-27,60.81,62.882999999999996,62.66384971330651
2021-08-26,60.2,62.498000000000005,62.21587703815987
2021-08-25,60.06,62.117000000000004,61.823899394858074
2021-08-24,59.75,61.71600000000001,61.44682677761115
2021-08-23,59.05,61.260000000000005,61.01104009077275
2021-08-20,59.67,60.89699999999999,60.76721461972316
2021-08-18,60.66,60.647000000000006,60.747721052500765
2021-08-17,60.7,60.468999999999994,60.73904449750062
2021-08-16,60.04,60.25100000000001,60.61194549795505
2021-08-13,60.41,60.135000000000005,60.57522813469049
2021-08-12,60.6,60.114,60.579732110201306
2021-08-11,59.81,60.075,60.43978081743743
2021-08-10,59.93,60.062,60.34709339608517
2021-08-09,61.05,60.19199999999999,60.47489459679696
2021-08-06,61.13,60.4,60.5940046701066
2021-08-05,60.91,60.524,60.65145836645085
2021-08-04,61.05,60.563,60.723920481641606
2021-08-03,61.47,60.64,60.8595713031613
2021-08-02,61.37,60.77299999999999,60.95237652076833
2021-07-30,61.09,60.840999999999994,60.977398971537724
2021-07-29,61.16,60.89699999999999,61.01059915853086
2021-07-28,60.63,60.979,60.941399311525245
2021-07-27,61.0,61.08599999999999,60.95205398215702
2021-07-26,60.72,61.053,60.90986234903755
2021-07-23,60.41,60.980999999999995,60.81897828557618
2021-07-22,60.43,60.93300000000001,60.74825496092596
2021-07-20,59.9,60.818,60.59402678621215
2021-07-19,60.09,60.68000000000001,60.50238555235539
2021-07-16,60.45,60.588,60.49286090647259
2021-07-15,60.43,60.522000000000006,60.481431650750295
2021-07-14,60.11,60.41700000000001,60.41389862334115
2021-07-13,59.64,60.318000000000005,60.27318978273366
2021-07-12,59.23,60.141000000000005,60.083518913145724
2021-07-09,58.83,59.952,59.85560638348286
2021-07-08,58.8,59.79100000000001,59.663677950122334
2021-07-07,58.85,59.632999999999996,59.515736504645545
2021-07-06,58.58,59.501,59.34560259470999
2021-07-05,58.47,59.339,59.186402122944536
2021-07-02,57.94,59.088,58.95978355513644
2021-07-01,57.25,58.769999999999996,58.6489138178389
2021-06-30,57.19,58.477999999999994,58.38365676005001
2021-06-29,56.23,58.137,57.99208280367728
2021-06-28,56.14,57.827999999999996,57.655340475735954
2021-06-25,55.55,57.5,57.27255129832942
2021-06-24,55.34,57.153999999999996,56.921178334996796
2021-06-23,55.24,56.793000000000006,56.61550954681556
2021-06-22,55.29,56.464,56.37450781103091
2021-06-21,54.96,56.113,56.11732457266165
2021-06-18,54.8,55.799,55.87781101399589
2021-06-17,55.04,55.577999999999996,55.72548173872391
2021-06-16,55.17,55.376,55.62448505895592
2021-06-15,55.4,55.293000000000006,55.5836695936912
2021-06-14,55.43,55.222,55.55572966756552
2021-06-11,55.67,55.234,55.57650609164452
2021-06-10,55.51,55.251,55.564414074981876
2021-06-09,55.07,55.233999999999995,55.47452060680335
2021-06-08,55.41,55.246,55.46278958738456
2021-06-07,55.02,55.251999999999995,55.38228238967828
2021-06-04,54.74,55.246,55.26550377337313
2021-06-03,54.51,55.193,55.128139450941646
2021-06-02,54.39,55.114999999999995,54.99393227804316
2021-06-01,54.0,54.975,54.81321731839895
2021-05-31,53.91,54.823,54.64899598778095
2021-05-28,53.91,54.647000000000006,54.51463308091168
2021-05-27,54.33,54.528999999999996,54.48106342983682
2021-05-26,54.16,54.438,54.42268826077557
2021-05-25,53.91,54.288,54.329472213361825
2021-05-24,54.0,54.186,54.26956817456877
2021-05-21,53.52,54.064,54.1332830519199
2021-05-20,53.23,53.936,53.969049769752644
2021-05-19,52.9,53.787,53.77467708434307
2021-05-18,52.64,53.650999999999996,53.568372159917054
2021-05-17,52.33,53.492999999999995,53.34321358538668
2021-05-14,51.3,53.23199999999999,52.97172020622546
2021-05-12,51.52,52.951,52.70777107782083
2021-05-11,51.83,52.717999999999996,52.54817633639885
2021-05-10,51.61,52.488,52.37759882068997
2021-05-07,51.47,52.235,52.21258085329179
2021-05-06,51.48,52.03099999999999,52.07938433451146
2021-05-05,51.06,51.814,51.894041728236644
2021-05-04,50.53,51.577,51.646034141284524
2021-05-03,50.45,51.358000000000004,51.4285733883237
2021-04-30,50.25,51.15,51.21428731771938
2021-04-29,50.27,51.047000000000004,51.04259871449767
2021-04-28,49.94,50.889,50.842126220952636
2021-04-27,49.31,50.637,50.563557817143064
2021-04-26,48.79,50.355000000000004,50.24109275948068
2021-04-23,48.5,50.058,49.9245304395751
2021-04-22,48.22,49.732000000000006,49.614615814197805
2021-04-20,47.96,49.422,49.313776575252746
2021-04-19,47.92,49.161,49.06036265247951
2021-04-16,48.41,48.957,48.942114897483236
2021-04-15,48.14,48.746,48.796275825213556
2021-04-13,48.29,48.547999999999995,48.704225675174726
2021-04-12,47.89,48.342999999999996,48.55618464332477
2021-04-09,49.91,48.403,48.802332889993
2021-04-08,49.59,48.483000000000004,48.94554509181245
2021-04-07,49.0,48.533,48.955445984210186
2021-04-06,48.28,48.539,48.8326376234447
2021-04-05,47.83,48.525999999999996,48.650339873727475
2021-04-01,48.42,48.576,48.608459896686114
2021-03-31,47.94,48.529,48.486921733652274
2021-03-30,47.62,48.477,48.329299600260946
2021-03-26,46.83,48.331,48.05669967294077
2021-03-25,46.19,48.160999999999994,47.71729973240608
2021-03-24,46.71,47.840999999999994,47.53415432651406
2021-03-23,47.34,47.616,47.49885353987514
2021-03-22,47.23,47.439,47.449971078079656
2021-03-19,46.89,47.3,47.34815815479244
2021-03-18,46.6,47.177,47.21212939937563
2021-03-17,47.3,47.065,47.22810587221642
2021-03-16,47.93,47.064,47.355722986358884
2021-03-15,47.85,47.087,47.445591534293634
2021-03-12,47.69,47.173,47.49002943714933
2021-03-10,47.54,47.308,47.499114994031274
2021-03-09,47.19,47.356,47.44291226784377
2021-03-08,47.28,47.35,47.41329185550853
2021-03-05,47.1,47.337,47.35632969996152
2021-03-04,47.52,47.4,47.38608793633215
2021-03-03,47.34,47.474,47.37770831154449
2021-03-02,46.86,47.43,47.28357952762731
2021-03-01,46.51,47.288,47.142928704422346
2021-02-26,45.98,47.101,46.931487121800096
2021-02-25,46.15,46.946999999999996,46.789398554200076
2021-02-24,46.03,46.79600000000001,46.65132608980006
2021-02-23,45.85,46.662,46.50563043710913
2021-02-22,45.61,46.495,46.342788539452926
2021-02-19,46.04,46.389,46.28773607773421
2021-02-18,46.34,46.271,46.297238609055256
2021-02-17,46.38,46.175,46.31228613468157
2021-02-16,46.4,46.129000000000005,46.32823411019401
2021-02-15,46.33,46.111000000000004,46.32855518106782
2021-02-12,46.32,46.144999999999996,46.32699969360094
2021-02-11,46.15,46.145,46.29481793112804
2021-02-10,45.77,46.119,46.19939648910476
2021-02-09,45.96,46.13,46.15586985472208
2021-02-08,46.11,46.18,46.14752988113624
2021-02-05,45.41,46.117,46.01343353911147
2021-02-04,45.47,46.03,45.9146274410912
2021-02-03,45.05,45.897000000000006,45.75742245180189
2021-02-02,44.39,45.696,45.508800187837906
2021-02-01,43.67,45.43,45.174472880958284
2021-01-29,42.63,45.061,44.711841448056774
2021-01-28,42.44,44.690000000000005,44.29877936659191
2021-01-27,42.76,44.388999999999996,44.01900129993883
2021-01-25,42.96,44.089,43.826455609040856
2021-01-22,43.48,43.826,43.76346368012433
2021-01-21,44.09,43.694,43.82283392010172
2021-01-20,44.45,43.592,43.936864116446856
2021-01-19,44.16,43.503,43.97743427709288
2021-01-18,43.38,43.402,43.868809863075995
2021-01-15,44.1,43.445,43.91084443342581
2021-01-14,44.63,43.644999999999996,44.04159999098475
2021-01-13,44.66,43.867000000000004,44.15403635626024
2021-01-12,44.64,44.055,44.242393382394745
2021-01-11,44.64,44.223,44.31468549468661
2021-01-08,44.68,44.343,44.38110631383449
2021-01-07,44.34,44.36800000000001,44.373632438591855
2021-01-06,43.96,44.319,44.29842654066606
2021-01-05,44.05,44.30800000000001,44.25325807872677
2021-01-04,43.63,44.333000000000006,44.13993842804918
2021-01-01,43.11,44.234,43.952676895676596
2020-12-31,42.83,44.054,43.7485538237354
2020-12-30,42.83,43.870999999999995,43.58154403760169
2020-12-29,42.67,43.674,43.41580875803774
2020-12-28,42.62,43.472,43.271116256576335
2020-12-24,42.17,43.221,43.07091330083519
2020-12-23,41.78,42.965,42.83620179159242
2020-12-22,40.89,42.658,42.4823469203938
2020-12-21,40.58,42.31099999999999,42.13646566214038
2020-12-18,41.91,42.138999999999996,42.09529008720576
2020-12-17,41.99,42.027,42.076146434986526
2020-12-16,42.05,41.949,42.07139253771625
2020-12-15,41.64,41.83,41.992957530858746
2020-12-14,41.44,41.707,41.89241979797533
2020-12-11,41.34,41.57899999999999,41.791979834707085
2020-12-10,41.32,41.494,41.706165319305796
2020-12-09,41.63,41.479,41.692317079432016
2020-12-08,41.61,41.551,41.6773503377171
2020-12-07,41.84,41.67700000000001,41.70692300358672
2020-12-04,41.5,41.636,41.66930063929822
2020-12-03,41.39,41.576,41.61851870488036
2020-12-02,41.09,41.480000000000004,41.52242439490211
2020-12-01,40.91,41.407,41.4110745049199
2020-11-27,40.64,41.327,41.27087914038901
2020-11-26,39.85,41.178000000000004,41.01253747850009
2020-11-25,39.91,41.037,40.8120761187728
2020-11-24,40.54,40.928000000000004,40.76260773354139
2020-11-23,40.25,40.792,40.66940632744295
2020-11-20,39.93,40.601,40.53496881336241
2020-11-19,39.74,40.425,40.3904290291147
2020-11-18,39.91,40.277,40.30307829654839
2020-11-17,39.51,40.11899999999999,40.1588822426305
2020-11-13,38.39,39.867000000000004,39.83726728942494
2020-11-12,37.92,39.595,39.48867323680223
2020-11-11,37.58,39.368,39.14164173920182
2020-11-10,37.58,39.135000000000005,38.85770687752876
2020-11-09,37.89,38.87,38.68176017252353
2020-11-06,37.64,38.608999999999995,38.492349232064704
2020-11-05,37.58,38.374,38.326467553507484
2020-11-04,36.85,38.084999999999994,38.05801890741521
2020-11-03,36.66,37.760000000000005,37.803833651521536
2020-11-02,36.43,37.452000000000005,37.554045714881255
2020-10-30,36.63,37.275999999999996,37.386037403084664
2020-10-29,36.51,37.135000000000005,37.22675787525109
2020-10-28,36.78,37.05499999999999,37.145529170659984
2020-10-27,36.85,36.982,37.09179659417635
2020-10-26,36.7,36.863,37.02056084978065
2020-10-23,37.15,36.81400000000001,37.044095240729625
2020-10-22,36.97,36.753,37.03062337877878
2020-10-21,36.86,36.754000000000005,36.999600946273546
2020-10-20,36.76,36.763999999999996,36.95603713786017
2020-10-19,36.49,36.769999999999996,36.871303112794685
2020-10-16,36.31,36.738,36.76924800137747
2020-10-15,35.97,36.684,36.6239301829452
2020-10-14,36.45,36.651,36.592306513318796
2020-10-13,36.59,36.625,36.591887147260834
2020-10-12,36.57,36.612,36.58790766594068
2020-10-09,36.45,36.541999999999994,36.56283354486056
2020-10-08,36.41,36.486000000000004,36.53504562761318
2020-10-07,36.34,36.434000000000005,36.49958278622896
2020-10-06,36.5,36.408,36.49965864327824
2020-10-05,36.33,36.392,36.468811617227644
2020-10-01,36.2,36.381,36.41993677773171
2020-09-30,36.02,36.386,36.3472209999623
2020-09-29,35.87,36.327999999999996,36.2604535454237
2020-09-28,35.96,36.265,36.20582562807393
2020-09-25,35.22,36.13,36.02658460478776
2020-09-24,34.6,35.94500000000001,35.76720558573543
2020-09-23,35.36,35.839999999999996,35.693168206510805
2020-09-22,35.4,35.745999999999995,35.63986489623611
2020-09-21,35.98,35.694,35.701707642375
2020-09-18,37.04,35.765,35.94503352557955
2020-09-17,37.21,35.866,36.175027430019625
2020-09-16,37.17,35.981,36.35593153365242
2020-09-15,37.13,36.107,36.49667125480652
2020-09-14,36.78,36.189,36.54818557211442
2020-09-11,34.85,36.152,36.23942455900271
2020-09-10,34.63,36.155,35.94680191191131
2020-09-09,34.12,36.031000000000006,35.61465610974561
2020-09-08,34.48,35.939,35.40835499888277
2020-09-07,34.85,35.826,35.306835908176815
2020-09-04,34.93,35.615,35.2383202885083
2020-09-03,35.35,35.429,35.2586256905977
2020-09-02,35.14,35.226,35.237057383216296
2020-09-01,34.7,34.983000000000004,35.13941058626788
2020-08-31,34.64,34.769,35.0486086614919
2020-08-28,36.29,34.913000000000004,35.27431617758428
2020-08-27,36.31,35.081,35.46262232711441
2020-08-26,36.18,35.287,35.59305463127542
2020-08-25,35.87,35.426,35.64340833467989
2020-08-24,35.93,35.534,35.69551591019263
2020-08-21,35.36,35.577,35.63451301743033
2020-08-20,34.82,35.524,35.4864197415339
2020-08-19,34.34,35.444,35.27797978852774
2020-08-18,33.86,35.36,35.020165281522694
2020-08-17,33.47,35.243,34.73831704851857
2020-08-14,33.27,34.940999999999995,34.47135031242428
2020-08-13,33.34,34.644,34.26565025561986
2020-08-12,33.02,34.327999999999996,34.039168390961706
2020-08-11,33.09,34.050000000000004,33.86659231987776
2020-08-10,33.14,33.771,33.73448462535453
2020-08-07,32.89,33.524,33.58094196619916
2020-08-06,32.69,33.311,33.41895251779931
2020-08-05,32.4,33.117,33.23368842365398
2020-08-04,32.43,32.974000000000004,33.087563255716894
2020-08-03,32.0,32.827,32.889824481950185
2020-07-31,31.79,32.679,32.689856394322874
2020-07-30,31.6,32.505,32.49170068626417
2020-07-29,31.75,32.378,32.35684601603432
2020-07-28,31.67,32.236,32.2319649222099
2020-07-27,31.54,32.076,32.10615311817173
2020-07-24,31.68,31.955000000000002,32.028670733049594
2020-07-23,31.73,31.859,31.97436696340421
2020-07-22,31.41,31.76,31.87175478823981
2020-07-21,31.42,31.659000000000002,31.789617554014384
2020-07-20,31.22,31.581,31.686050726011768
2020-07-17,31.05,31.506999999999998,31.57040513946417
2020-07-16,30.83,31.429999999999996,31.435786023197956
2020-07-15,30.9,31.345,31.338370382616507
2020-07-14,30.99,31.277000000000005,31.275030313049868
2020-07-13,31.11,31.233999999999998,31.245024801586254
2020-07-10,31.27,31.193,31.24956574675239
2020-07-09,31.34,31.153999999999996,31.266008338251954
2020-07-08,31.12,31.125,31.239461367660688
2020-07-07,31.22,31.105,31.235922937176923
2020-07-06,31.04,31.087,31.200300584962935
2020-07-03,30.56,31.038,31.083882296787856
2020-07-02,30.42,30.997000000000003,30.963176424644608
2020-07-01,30.16,30.922999999999995,30.817144347436496
2020-06-30,30.08,30.832,30.68311810244804
2020-06-29,30.11,30.732,30.578914811093853
2020-06-26,30.51,30.656,30.56638484544042
2020-06-25,30.24,30.546,30.507042146269434
2020-06-24,30.17,30.451,30.445761756038628
2020-06-23,30.65,30.394,30.48289598221342
2020-06-22,30.57,30.347,30.498733076356434
2020-06-19,30.23,30.314,30.4498725170189
2020-06-18,30.02,30.274,30.371713877560914
2020-06-17,29.58,30.216,30.227765899822565
2020-06-16,29.27,30.134999999999998,30.05362664530937
2020-06-15,29.19,30.043,29.896603618889486
2020-06-12,29.37,29.928999999999995,29.800857506364125
2020-06-11,29.48,29.853,29.74251977793428
2020-06-10,29.71,29.807,29.736607091037136
2020-06-09,29.51,29.692999999999994,29.695405801757655
2020-06-08,29.94,29.630000000000003,29.739877474165354
2020-06-05,29.48,29.555,29.692627024317105
2020-06-04,29.12,29.464999999999996,29.588513019895814
2020-06-03,29.47,29.454,29.566965198096575
2020-06-02,29.26,29.453000000000003,29.511153343897195
2020-06-01,28.74,29.408000000000005,29.370943645006797
2020-05-29,28.06,29.277000000000005,29.13259025500556
2020-05-28,27.73,29.101999999999997,28.877573845004548
2020-05-27,27.45,28.875999999999998,28.61801496409463
2020-05-26,27.37,28.662,28.391103152441058
2020-05-22,27.23,28.391,28.179993488360864
2020-05-21,27.23,28.166000000000004,28.00726739956798
2020-05-20,27.13,27.967000000000002,27.847764236010164
2020-05-19,26.8,27.7,27.65726164764468
2020-05-18,26.92,27.465999999999998,27.523214075345646
2020-05-15,27.6,27.352000000000004,27.537175152555527
2020-05-14,27.61,27.307,27.550416033909066
2020-05-13,27.81,27.314999999999998,27.597613118652873
2020-05-12,27.35,27.305,27.552592551625075
2020-05-11,27.63,27.331,27.566666633147786
2020-05-08,27.75,27.383,27.59999997257546
2020-05-07,27.98,27.458,27.669090886652647
2020-05-06,28.09,27.554000000000002,27.745619816352168
2020-05-05,27.86,27.660000000000004,27.766416213379046
2020-05-04,28.05,27.773000000000003,27.817976901855584
2020-04-30,28.98,27.911,28.02925382879093
2020-04-29,28.74,28.024,28.158480405374398
2020-04-28,28.56,28.099,28.231483968033597
2020-04-27,28.19,28.183,28.22394142839112
2020-04-24,27.91,28.211000000000002,28.166861168683642
2020-04-23,28.55,28.290999999999997,28.236522774377523
2020-04-22,28.22,28.314999999999998,28.23351863358161
2020-04-21,27.96,28.302,28.18378797293041
2020-04-20,28.92,28.407999999999998,28.31764470512488
2020-04-17,28.72,28.475,28.390800213283992
2020-04-16,27.79,28.356,28.281563810868718
2020-04-15,27.45,28.226999999999997,28.13037039071077
2020-04-13,27.21,28.092000000000002,27.96303031967245
2020-04-09,27.35,28.008,27.851570261550183
2020-04-08,26.43,27.860000000000003,27.59310294126833
2020-04-07,25.79,27.583999999999996,27.265266042855906
2020-04-03,25.12,27.274,26.875217671427556
2020-04-01,25.69,27.046999999999997,26.659723549349817
2020-03-31,26.05,26.76,26.548864722195304
2020-03-30,25.43,26.431,26.34543477270525
2020-03-27,26.14,26.266,26.308082995849748
2020-03-26,26.12,26.133,26.27388608751343
2020-03-25,25.29,25.940999999999995,26.09499770796553
2020-03-24,24.87,25.693,25.872270851971795
2020-03-23,24.93,25.543,25.70094887888601
2020-03-20,28.28,25.792,26.1698672645431
2020-03-19,27.58,26.038,26.426255034626173
2020-03-18,29.05,26.374000000000002,26.90329957378505
2020-03-17,30.73,26.841999999999995,27.59906328764231
2020-03-16,31.26,27.425,28.264688144434615
2020-03-13,32.66,28.076999999999998,29.06383575453741
2020-03-12,32.34,28.699,29.659501980985155
2020-03-11,34.45,29.615000000000002,30.530501620806035
2020-03-09,34.5,30.578000000000003,31.2522285988413
2020-03-06,35.86,31.671000000000003,32.09000521723379
2020-03-05,36.32,32.475,32.859095177736734
2020-03-04,36.28,33.345,33.48107787269369
2020-03-03,36.83,34.123000000000005,34.0899728049312
2020-03-02,36.57,34.707,34.54088684039825
2020-02-28,36.72,35.253,34.937089233053115
2020-02-27,37.51,35.738,35.40489119067982
2020-02-26,37.45,36.249,35.77672915601076
2020-02-25,37.3,36.534,36.05368749128153
2020-02-24,37.55,36.839,36.325744311048524
2020-02-20,37.88,37.041,36.60833625449425
2020-02-19,37.51,37.16,36.77227511731347
2020-02-18,37.2,37.252,36.85004327780193
2020-02-17,37.16,37.285,36.9063990454743
2020-02-14,37.72,37.4,37.0543264917517
2020-02-13,37.87,37.515,37.20263076597866
2020-02-12,37.84,37.548,37.31851608125527
2020-02-11,38.05,37.608,37.45151315739067
2020-02-10,37.81,37.659000000000006,37.51669258331964
2020-02-07,37.79,37.683,37.56638484089788
2020-02-06,37.61,37.656,37.574314869825535
2020-02-05,37.4,37.645,37.54262125712998
2020-02-04,37.12,37.63699999999999,37.46578102856089
2020-02-03,36.63,37.584,37.31382084154982
2020-01-31,37.32,37.544,37.314944324904396
2020-01-30,37.12,37.46900000000001,37.2794999021945
2020-01-29,37.27,37.412,37.277772647250046
2020-01-28,37.06,37.313,37.23817762047731
2020-01-27,36.64,37.196,37.129418053117796
2020-01-24,36.51,37.068,37.01679658891456
2020-01-23,36.4,36.947,36.90465175456646
2020-01-22,36.2,36.827000000000005,36.77653325373619
2020-01-21,36.23,36.738,36.6771635712387
2020-01-20,35.88,36.663000000000004,36.53222474010439
2020-01-17,35.76,36.507,36.39182024190359
2020-01-16,35.59,36.354,36.24603474337566
2020-01-15,35.49,36.176,36.10857388094372
2020-01-14,35.38,36.007999999999996,35.97610590259032
2020-01-13,35.07,35.851,35.811359374846624
2020-01-10,34.97,35.697,35.658384943056326
2020-01-09,35.02,35.559,35.54231495340972
2020-01-08,34.68,35.407,35.385530416426136
2020-01-07,34.63,35.247,35.2481612498032
2020-01-06,34.28,35.087,35.07213193165716
2020-01-03,34.54,34.964999999999996,34.97538067135586
2020-01-02,34.44,34.85,34.878038731109335
2020-01-01,34.3,34.731,34.77294077999854
2019-12-31,34.38,34.631,34.70149700181699
2019-12-30,34.39,34.563,34.644861183304805
2019-12-27,34.31,34.497,34.58397733179484
2019-12-26,34.1,34.405,34.49598145328669
2019-12-24,33.87,34.324,34.3821666435982
2019-12-23,33.76,34.237,34.26904543567125
2019-12-20,33.67,34.176,34.160128083731024
2019-12-19,33.66,34.088,34.069195704870836
2019-12-18,33.64,34.008,33.991160122167045
2019-12-17,33.79,33.957,33.954585554500305
2019-12-16,33.44,33.863,33.86102454459116
2019-12-13,33.5,33.774,33.795383718301856
2019-12-12,33.32,33.675,33.708950314974246
2019-12-11,33.27,33.592,33.629141166797105
2019-12-10,33.15,33.519999999999996,33.54202459101581
2019-12-09,33.35,33.479,33.50711102901293
2019-12-06,33.52,33.464,33.50945447828331
2019-12-05,33.66,33.464000000000006,33.536826391322705
2019-12-04,33.5,33.45,33.53013068380948
2019-12-03,33.21,33.392,33.471925104935025
2019-12-02,33.5,33.398,33.47702963131047
2019-11-29,33.59,33.407000000000004,33.49756969834493
2019-11-28,33.5,33.425,33.49801157137313
2019-11-27,33.37,33.434999999999995,33.474736740214375
2019-11-26,33.37,33.457,33.455693696539036
2019-11-25,33.6,33.482,33.481931206259205
2019-11-22,33.54,33.484,33.49248916875753
2019-11-21,33.71,33.489,33.5320365926198
2019-11-20,33.77,33.516,33.57530266668893
2019-11-19,33.83,33.577999999999996,33.62161127274548
2019-11-18,33.75,33.602999999999994,33.64495467770085
2019-11-15,33.52,33.596,33.622235645391605
2019-11-14,33.39,33.585,33.58001098259313
2019-11-13,33.38,33.586,33.543645349394374
2019-11-11,33.89,33.638,33.60661892223176
2019-11-08,33.73,33.650999999999996,33.62905184546234
2019-11-07,33.73,33.67,33.647406055378276
2019-11-06,33.59,33.658,33.63696859076404
2019-11-05,33.66,33.647000000000006,33.64115611971603
2019-11-04,33.98,33.66199999999999,33.702764097949476
2019-11-01,33.66,33.653000000000006,33.6949888074132
2019-10-31,33.71,33.672,33.697718115156256
2019-10-30,33.52,33.685,33.66540573058239
2019-10-29,33.48,33.695,33.63169559774923
2019-10-25,33.32,33.63799999999999,33.57502367088573
2019-10-24,33.29,33.594,33.52320118527014
2019-10-23,33.33,33.553999999999995,33.488073697039205
2019-10-22,33.19,33.513999999999996,33.43387847939571
2019-10-18,32.98,33.446,33.35135511950558
2019-10-17,32.4,33.288,33.17838146141365
2019-10-16,32.22,33.144,33.004130286611165
2019-10-15,32.32,33.005,32.87974296177277
2019-10-14,32.28,32.88099999999999,32.770698786904994
2019-10-11,32.12,32.745,32.65238991655863
2019-10-10,32.02,32.615,32.53740993172979
2019-10-09,32.12,32.498000000000005,32.46151721686982
2019-10-07,31.88,32.353,32.35578681380258
2019-10-04,32.05,32.239,32.30018921129302
2019-10-03,32.04,32.144999999999996,32.25288208196701
2019-10-01,32.06,32.111000000000004,32.21781261251846
2019-09-30,32.34,32.123,32.240028501151464
2019-09-27,32.5,32.141,32.28729604639665
2019-09-26,32.57,32.17,32.33869676523362
2019-09-25,32.56,32.214,32.378933717009325
2019-09-24,32.83,32.295,32.46094576846217
2019-09-23,32.56,32.339000000000006,32.47895562874177
2019-09-20,31.69,32.32,32.335509150788724
2019-09-19,30.74,32.18900000000001,32.04541657791805
2019-09-18,31.09,32.094,31.871704472842037
2019-09-17,31.19,32.007,31.747758205052573
2019-09-16,31.25,31.898000000000003,31.657256713224832
2019-09-13,31.14,31.762,31.56321003809304
2019-09-12,31.05,31.609999999999996,31.46989912207612
2019-09-11,31.09,31.463,31.400826554425915
2019-09-09,30.99,31.278999999999996,31.326130817257564
2019-09-06,30.77,31.1,31.225016123210732
2019-09-05,30.65,30.996,31.12046773717241
2019-09-04,30.48,30.97,31.004019057686516
2019-09-03,30.51,30.912,30.91419741083442
2019-08-30,30.86,30.879,30.904343336137252
2019-08-29,30.65,30.819,30.8580990932032
2019-08-28,30.85,30.790000000000003,30.856626530802618
2019-08-27,30.78,30.762999999999998,30.84269443429305
2019-08-26,30.36,30.689999999999998,30.75493180987613
2019-08-23,30.04,30.595000000000006,30.624944208080468
2019-08-22,30.02,30.52,30.514954352065836
2019-08-21,30.23,30.478,30.463144469872045
2019-08-20,30.42,30.471999999999998,30.455300020804398
2019-08-19,30.37,30.458,30.43979092611269
2019-08-16,29.98,30.369999999999997,30.356192575910377
2019-08-14,29.78,30.283000000000005,30.251430289381215
2019-08-13,29.76,30.174,30.16207932767554
2019-08-09,30.11,30.107,30.152610359007255
2019-08-08,29.84,30.055,30.095772111915025
2019-08-07,29.68,30.019,30.020177182475926
2019-08-06,29.22,29.939,29.874690422025754
2019-08-05,28.84,29.8,29.686564890748343
2019-08-02,29.08,29.666000000000004,29.576280365157736
2019-08-01,29.18,29.547000000000004,29.50422938967451
2019-07-31,29.37,29.486,29.479824046097324
2019-07-30,29.33,29.441000000000003,29.452583310443263
2019-07-29,29.62,29.427,29.483022708544485
2019-07-26,29.88,29.404000000000003,29.555200397900034
2019-07-25,29.87,29.407,29.612436689190936
2019-07-24,29.84,29.422999999999995,29.653811836610764
2019-07-23,30.15,29.516000000000002,29.744027866317893
2019-07-22,30.04,29.635999999999996,29.79784098153282
2019-07-19,30.39,29.767000000000003,29.90550625761776
2019-07-18,30.64,29.913,30.039050574414528
2019-07-17,30.77,30.052999999999997,30.17195046997552
2019-07-16,30.74,30.194,30.275232202707244
2019-07-15,30.67,30.299,30.34700816585138
2019-07-12,30.77,30.387999999999998,30.42391577206022
2019-07-11,30.71,30.471999999999998,30.475931086231085
2019-07-10,30.4,30.528000000000002,30.46212543418907
2019-07-09,30.6,30.572999999999997,30.48719353706378
2019-07-08,30.59,30.628000000000004,30.505885621234
2019-07-05,31.11,30.7,30.615724599191452
2019-07-04,31.35,30.770999999999997,30.749229217520277
2019-07-03,31.1,30.804000000000002,30.813005723425682
2019-07-02,31.14,30.844,30.872459228257377
2019-07-01,31.16,30.893,30.924739368574215
2019-06-28,31.15,30.931,30.965695847015265
2019-06-27,30.81,30.941000000000003,30.937387511194306
2019-06-26,30.83,30.983999999999998,30.917862509158976
2019-06-25,30.7,30.994,30.87825114385734
2019-06-24,30.55,30.99,30.818569117701458
2019-06-21,30.68,30.946999999999996,30.793374732664827
2019-06-20,30.82,30.894,30.798215690362127
2019-06-19,30.79,30.863,30.796721928478103
2019-06-18,30.9,30.839,30.8154997596639
2019-06-17,30.78,30.801,30.809045257906828
2019-06-14,31.06,30.792,30.854673392832858
2019-06-13,31.28,30.839,30.932005503226883
2019-06-12,31.3,30.886000000000003,30.998913593549265
2019-06-11,31.08,30.924,31.013656576540306
2019-06-10,31.04,30.973000000000003,31.018446289896612
2019-06-07,31.13,31.018,31.038728782642682
2019-06-06,31.11,31.047000000000004,31.051687185798556
2019-06-04,31.25,31.093,31.087744061107905
2019-06-03,31.15,31.118000000000002,31.09906332272465
2019-05-31,31.14,31.153999999999996,31.10650635495653
2019-05-30,30.88,31.135999999999996,31.065323381328067
2019-05-29,30.79,31.087,31.01526458472296
2019-05-28,30.68,31.025,30.954307387500602
2019-05-27,30.52,30.969,30.87534240795504
2019-05-24,30.34,30.899,30.778007424690482
2019-05-23,29.94,30.78,30.62564243838312
2019-05-22,29.91,30.659999999999997,30.49552563140437
2019-05-21,29.7,30.504999999999995,30.35088460751266
2019-05-20,29.59,30.349,30.212541951601267
2019-05-17,28.96,30.131,29.984807051310124
2019-05-16,28.8,29.923000000000002,29.769387587435553
2019-05-15,28.96,29.74,29.622226207901814
2019-05-14,28.8,29.552,29.472730533737845
2019-05-13,28.59,29.359,29.312234073058235
2019-05-10,28.95,29.22,29.246373332502188
2019-05-09,28.93,29.119,29.188850908410878
2019-05-08,29.07,29.035000000000004,29.16724165233617
2019-05-07,29.11,28.976000000000006,29.156834079184136
2019-05-06,29.06,28.923000000000002,29.13922788296884
2019-05-03,29.35,28.962,29.177550086065413
2019-05-02,29.43,29.025,29.223450070417154
2019-04-30,29.5,29.079,29.273731875795853
2019-04-26,29.43,29.142000000000003,29.30214426201479
2019-04-25,29.48,29.231,29.33448166892119
2019-04-24,29.48,29.284,29.360939547299154
2019-04-23,29.26,29.316999999999997,29.34258690233567
2019-04-22,29.22,29.332,29.320298374638273
2019-04-18,29.47,29.367999999999995,29.347516851976767
2019-04-16,29.6,29.421999999999997,29.39342287889008
2019-04-15,29.51,29.438,29.414618719091884
2019-04-12,29.4,29.435000000000002,29.411960770166083
2019-04-11,29.32,29.417,29.395240630135884
2019-04-10,29.42,29.416000000000004,29.39974233374754
2019-04-09,29.39,29.407,29.397971000338895
2019-04-08,29.43,29.402000000000005,29.40379445482273
2019-04-05,29.47,29.422999999999995,29.41583182667314
2019-04-04,29.48,29.449,29.42749876727802
2019-04-03,29.42,29.444,29.426135355045652
2019-04-02,29.53,29.437,29.44501983594644
2019-04-01,29.59,29.445000000000004,29.471379865774356
2019-03-29,29.32,29.437,29.44385625381538
2019-03-28,29.22,29.427,29.403155116758036
2019-03-27,29.2,29.404999999999994,29.366217822802028
2019-03-26,29.0,29.365999999999996,29.29963276411075
2019-03-25,28.84,29.307,29.21606317063607
2019-03-22,28.95,29.255000000000003,29.16768804870224
2019-03-20,28.93,29.2,29.124472039847284
2019-03-19,29.03,29.160999999999994,29.107295305329593
2019-03-18,28.98,29.106,29.084150704360574
2019-03-15,28.99,29.046,29.06703239447683
2019-03-14,28.89,29.002999999999997,29.034844686390134
2019-03-13,29.06,28.987000000000002,29.039418379773743
2019-03-12,29.22,28.989000000000004,29.07225140163306
2019-03-11,29.02,28.991000000000003,29.062751146790685
2019-03-08,28.81,28.988,29.01679639282874
2019-03-07,28.8,28.973000000000003,28.97737886685988
2019-03-06,28.56,28.936,28.90149180015808
2019-03-05,28.36,28.869,28.803038745583883
2019-03-01,27.88,28.758999999999997,28.635213519114085
2019-02-28,27.74,28.633999999999997,28.472447424729705
2019-02-27,27.58,28.502999999999997,28.31018425659703
2019-02-26,27.57,28.354000000000003,28.175605300852112
2019-02-25,27.55,28.187,28.061858882515367
2019-02-22,27.44,28.028999999999996,27.948793631148934
2019-02-21,27.43,27.891,27.854467516394582
2019-02-20,27.25,27.736,27.74456433159557
2019-02-19,27.03,27.583,27.614643544032738
2019-02-18,26.9,27.437,27.484708354208603
2019-02-15,26.98,27.346999999999998,27.392943198897946
2019-02-14,27.17,27.290000000000003,27.352408071825593
2019-02-13,27.2,27.252,27.324697513311847
2019-02-12,27.23,27.218,27.30747978361878
2019-02-11,27.35,27.198,27.315210732051728
2019-02-08,27.37,27.191000000000003,27.32517241713323
2019-02-07,27.51,27.199,27.358777432199915
2019-02-06,27.28,27.201999999999998,27.34445426270902
2019-02-05,27.36,27.235000000000003,27.34728076039829
2019-02-04,27.33,27.278000000000002,27.344138803962238
2019-02-01,27.58,27.338,27.387022657787284
2019-01-31,27.65,27.386000000000003,27.434836720007777
2019-01-30,27.53,27.419,27.452139134551814
2019-01-29,27.45,27.441000000000003,27.451750200996937
2019-01-28,27.36,27.442,27.43506834627022
2019-01-25,27.68,27.473000000000003,27.47960137422109
2019-01-24,27.86,27.508,27.548764760726346
2019-01-23,28.03,27.583,27.63626207695792
2019-01-22,28.07,27.654000000000003,27.715123517511024
2019-01-21,28.29,27.75,27.8196465143272
2019-01-18,28.33,27.825,27.9124380571768
2019-01-17,28.4,27.9,28.00108568314465
2019-01-16,28.24,27.970999999999997,28.04452464984562
2019-01-15,28.29,28.055,28.08915653169187
2019-01-14,28.1,28.128999999999998,28.091128071384254
2019-01-11,28.04,28.165,28.081832058405297
2019-01-10,28.09,28.188,28.083317138695243
2019-01-09,28.08,28.193,28.082714022568833
2019-01-08,28.07,28.193,28.080402382101774
2019-01-07,28.21,28.185000000000002,28.103965585355994
2019-01-04,28.25,28.177,28.13051729710945
2019-01-03,28.26,28.163,28.15405960672591
2019-01-02,28.35,28.174,28.189685132775743
2019-01-01,28.51,28.195999999999998,28.24792419954379
2018-12-31,28.45,28.231,28.28466525417219
2018-12-28,28.3,28.256999999999998,28.287453389777244
2018-12-27,28.14,28.262,28.260643682545016
2018-12-26,27.91,28.245000000000005,28.19689028571865
2018-12-24,28.12,28.25,28.182910233769803
2018-12-21,28.21,28.25,28.187835645811656
2018-12-20,28.41,28.266000000000002,28.228229164754993
2018-12-19,28.39,28.279000000000003,28.25764204389045
2018-12-18,28.25,28.269,28.25625258136491
2018-12-17,28.24,28.242,28.25329756657129
2018-12-14,28.11,28.208,28.22724346355833
2018-12-13,28.0,28.178000000000004,28.185926470184086
2018-12-12,27.88,28.151999999999997,28.13030347560516
2018-12-11,27.32,28.093,27.982975570949677
2018-12-10,26.86,27.967000000000002,27.77879819441337
2018-12-07,27.33,27.878999999999998,27.697198522701846
2018-12-06,27.26,27.764,27.6177078822106
2018-12-05,27.6,27.685000000000002,27.614488267263216
2018-12-04,27.68,27.628000000000004,27.626399491397173
2018-12-03,27.63,27.567,27.627054129324957
2018-11-30,27.58,27.514,27.618498833084054
2018-11-29,27.57,27.471000000000004,27.609680863432406
2018-11-28,27.46,27.429000000000002,27.582466160990148
2018-11-27,27.46,27.443,27.560199586264662
2018-11-26,27.34,27.491000000000003,27.520163297852903
2018-11-22,27.31,27.488999999999997,27.481951789152372
2018-11-21,27.37,27.5,27.461596918397394
2018-11-20,27.39,27.479000000000003,27.448579296870594
2018-11-19,27.55,27.466,27.467019424712305
2018-11-16,27.45,27.448,27.46392498385552
2018-11-15,27.38,27.427999999999997,27.44866589588179
2018-11-14,27.32,27.403,27.425272096630554
2018-11-13,27.32,27.389,27.406131715424998
2018-11-12,27.21,27.363999999999997,27.370471403529542
2018-11-09,27.32,27.362000000000002,27.36129478470599
2018-11-06,27.16,27.347,27.32469573294126
2018-11-05,27.12,27.322000000000003,27.28747832695194
2018-11-02,27.15,27.298000000000002,27.262482267506133
2018-11-01,26.97,27.24,27.209303673414105
2018-10-31,26.95,27.189999999999998,27.162157550975174
2018-10-30,26.59,27.111,27.058128905343324
2018-10-29,26.48,27.026999999999997,26.95301455891726
2018-10-26,26.05,26.9,26.788830093659577
2018-10-25,26.03,26.782,26.650860985721472
2018-10-24,25.99,26.649,26.530704442863023
2018-10-23,25.84,26.517000000000003,26.405121816887927
2018-10-22,26.01,26.406,26.333281486544667
2018-10-19,26.38,26.329,26.341775761718363
2018-10-17,26.58,26.29,26.38508925958775
2018-10-16,26.69,26.264,26.44052757602634
2018-10-15,26.43,26.248,26.438613471294275
2018-10-12,26.28,26.227999999999998,26.409774658331678
2018-10-11,25.99,26.222,26.333451993180464
2018-10-10,26.31,26.25,26.32918799442038
2018-10-09,25.86,26.237000000000002,26.243881086343947
2018-10-08,26.06,26.258999999999997,26.210448161554137
2018-10-05,26.23,26.281,26.214003041271564
2018-10-04,26.63,26.306,26.289638851949462
2018-10-03,26.9,26.338,26.400613606140467
2018-10-01,26.95,26.363999999999997,26.500502041387655
2018-09-28,27.13,26.433999999999997,26.61495621568081
2018-09-27,27.43,26.549,26.763145994647935
2018-09-26,27.66,26.716,26.926210359257404
2018-09-25,27.72,26.857,27.070535748483326
2018-09-24,27.82,27.052999999999997,27.206801976031812
2018-09-21,28.19,27.266,27.385565253116937
2018-09-19,28.5,27.493000000000002,27.58818975255022
2018-09-18,28.75,27.705000000000002,27.79942797935927
2018-09-17,29.13,27.927999999999997,28.04135016493031
2018-09-14,29.16,28.149,28.244741044033887
2018-09-12,29.02,28.338,28.385697217845905
2018-09-11,29.02,28.497000000000003,28.501024996419375
2018-09-10,29.27,28.657999999999998,28.64083863343403
2018-09-07,29.54,28.839999999999996,28.804322518264204
2018-09-06,29.41,28.999000000000002,28.91444569676162
2018-09-05,29.27,29.107,28.979091933714052
2018-09-04,29.46,29.203000000000003,29.06652976394786
2018-09-03,29.89,29.317,29.216251625048244
2018-08-31,29.99,29.403000000000002,29.356933147766743
2018-08-30,29.85,29.471999999999998,29.446581666354604
2018-08-29,29.77,29.547000000000004,29.505384999744674
2018-08-28,29.65,29.610000000000003,29.53167863615473
2018-08-27,29.56,29.639,29.53682797503569
2018-08-24,29.28,29.613,29.490131979574652
2018-08-23,29.35,29.607,29.464653437833803
2018-08-21,29.32,29.612000000000002,29.43835281277311
2018-08-20,29.11,29.576999999999998,29.378652301359818
2018-08-17,29.08,29.496,29.324351882930756
2018-08-16,28.96,29.393,29.258106086034253
2018-08-14,29.15,29.323,29.238450434028024
2018-08-13,28.83,29.228999999999996,29.1641867187502
2018-08-10,28.88,29.151999999999997,29.112516406250162
2018-08-09,29.05,29.101,29.10114978693195
2018-08-08,28.94,29.067,29.071849825671592
2018-08-07,28.75,29.006999999999998,29.01333167554948
2018-08-06,28.84,28.959000000000003,28.98181682544957
2018-08-03,28.66,28.913999999999998,28.923304675367827
2018-08-02,28.53,28.859,28.851794734391856
2018-08-01,28.65,28.827999999999996,28.815104782684244
2018-07-31,28.51,28.764,28.75963118583256
2018-07-30,28.44,28.725,28.701516424772095
2018-07-27,28.51,28.688,28.666695256631712
2018-07-26,28.4,28.623,28.6182052099714
2018-07-25,28.32,28.561,28.563986080885687
2018-07-24,28.36,28.522000000000002,28.526897702542833
2018-07-23,28.01,28.439,28.4329163020805
2018-07-20,27.54,28.327000000000005,28.270567883520407
2018-07-19,27.48,28.222,28.126828268334876
2018-07-18,27.63,28.119999999999997,28.036495855910353
2018-07-17,27.91,28.060000000000002,28.013496609381196
2018-07-16,27.76,27.992,27.967406316766432
2018-07-13,28.17,27.958,28.004241531899805
2018-07-12,28.42,27.96,28.079833980645294
2018-07-11,28.47,27.975,28.1507732568916
2018-07-10,28.42,27.981,28.1997235738204
2018-07-09,28.15,27.994999999999997,28.19068292403487
2018-07-06,27.98,28.038999999999998,28.15237693784671
2018-07-05,27.77,28.068,28.082853858238217
2018-07-04,27.85,28.089999999999996,28.040516793103997
2018-07-03,27.8,28.079,27.996786467085087
2018-07-02,27.64,28.067,27.931916200342343
2018-06-29,27.6,28.01,27.871567800280097
2018-06-28,27.37,27.905,27.780373654774625
2018-06-27,27.64,27.822000000000003,27.75485117208833
2018-06-26,27.88,27.768,27.777605504435904
2018-06-25,27.96,27.749000000000002,27.81076813999301
2018-06-22,28.19,27.77,27.879719387267006
2018-06-21,28.17,27.810000000000002,27.932497680491185
2018-06-20,28.31,27.856,28.001134465856424
2018-06-19,28.25,27.901,28.046382744791618
2018-06-18,28.48,27.985000000000003,28.125222245738595
2018-06-15,28.56,28.081,28.204272746513393
2018-06-14,28.68,28.212,28.290768610783683
2018-06-13,28.71,28.319,28.366992499732106
2018-06-12,28.78,28.409000000000002,28.442084772508085
2018-06-11,28.71,28.483999999999998,28.490796632052067
2018-06-08,28.65,28.529999999999994,28.51974269895169
2018-06-07,28.66,28.579,28.545244026415016
2018-06-06,28.47,28.595000000000006,28.531563294339556
2018-06-05,28.18,28.588,28.467642695368728
2018-06-04,28.68,28.607999999999997,28.506253114392592
2018-06-01,28.97,28.649,28.590570729957577
2018-05-31,29.32,28.713,28.723194233601653
2018-05-30,29.18,28.76,28.80624982749226
2018-05-29,29.02,28.784,28.84511349522094
2018-05-28,29.01,28.814,28.875092859726223
2018-05-25,28.87,28.836000000000002,28.874166885230544
2018-05-24,28.7,28.839999999999996,28.842500178824988
2018-05-23,28.66,28.858999999999998,28.809318328129535
2018-05-22,28.77,28.918,28.80216954119689
2018-05-21,28.74,28.924,28.790865988252
2018-05-18,29.08,28.934999999999995,28.843435808569815
2018-05-17,29.35,28.938,28.935538388829848
2018-05-16,29.35,28.955000000000002,29.010895045406237
2018-05-15,29.38,28.991000000000003,29.078005037150554
2018-05-14,29.46,29.036,29.14745866675954
2018-05-11,29.59,29.108000000000004,29.227920727348714
2018-05-10,29.47,29.185000000000002,29.27193514055804
2018-05-09,29.68,29.287,29.34612875136567
2018-05-08,29.83,29.393,29.434105342026456
2018-05-07,29.78,29.497000000000003,29.496995279839826
2018-05-04,29.65,29.554000000000002,29.524814319868945
2018-05-03,29.7,29.589,29.55666626171095
2018-05-02,29.81,29.634999999999998,29.602726941399865
2018-04-30,30.1,29.707,29.693140224781708
2018-04-27,29.82,29.743000000000002,29.716205638457758
2018-04-26,29.74,29.758000000000003,29.72053188601089
2018-04-25,29.73,29.784,29.722253361281634
2018-04-24,29.79,29.794999999999998,29.7345709319577
2018-04-23,29.87,29.799,29.759194398874477
2018-04-20,29.67,29.788,29.74297723544275
2018-04-19,29.69,29.792,29.733345010816794
2018-04-18,29.57,29.779000000000003,29.70364591794101
2018-04-17,29.67,29.765000000000004,29.69752847831537
2018-04-16,29.63,29.718,29.685250573167117
2018-04-13,29.6,29.695999999999998,29.669750468954913
2018-04-12,29.61,29.683,29.658886747326743
2018-04-11,29.59,29.669000000000004,29.646361884176425
2018-04-10,29.58,29.648000000000003,29.63429608705344
2018-04-09,29.64,29.625,29.635333162134632
2018-04-06,29.6,29.618000000000002,29.628908950837424
2018-04-05,29.45,29.594,29.596380050685163
2018-04-04,29.23,29.560000000000002,29.52976549601513
2018-04-03,29.31,29.523999999999994,29.489808133103285
2018-04-02,29.11,29.471999999999998,29.420752108902686
2018-03-28,28.8,29.392000000000003,29.307888089102192
2018-03-27,28.62,29.293,29.182817527447245
2018-03-26,28.37,29.171000000000003,29.035032522456838
2018-03-23,28.11,29.024,28.866844791101045
2018-03-22,28.23,28.883,28.751054829082673
2018-03-21,28.35,28.758,28.678135769249458
2018-03-20,28.32,28.645,28.613020174840464
2018-03-19,28.44,28.566000000000003,28.581561961233106
2018-03-16,28.77,28.512,28.615823422827084
2018-03-15,29.17,28.518,28.716582800494887
2018-03-14,29.07,28.544999999999998,28.78084047313218
2018-03-13,29.12,28.595,28.842505841653598
2018-03-12,28.89,28.647000000000002,28.851141143171123
2018-03-09,28.9,28.726,28.86002457168546
2018-03-08,28.87,28.790000000000003,28.861838285924467
2018-03-07,28.81,28.836000000000002,28.852413143029107
2018-03-06,29.08,28.912,28.893792571569264
2018-03-05,29.27,28.994999999999997,28.96219392219303
2018-03-01,29.48,29.066000000000003,29.056340481794294
2018-02-28,29.58,29.107,29.15155130328624
2018-02-27,29.43,29.143,29.202178339052377
2018-02-26,29.28,29.159000000000002,29.216327731951942
2018-02-23,29.13,29.183000000000003,29.200631780687953
2018-02-22,28.85,29.177999999999997,29.136880547835595
2018-02-21,29.03,29.194,29.117447720956395
2018-02-20,29.12,29.225,29.117911771691595
2018-02-19,29.07,29.224,29.10920054047494
2018-02-16,29.2,29.217000000000002,29.12570953311586
2018-02-15,29.21,29.189999999999998,29.14103507254934
2018-02-14,29.35,29.167,29.179028695722184
2018-02-12,29.29,29.153000000000002,29.199205296499965
2018-02-09,29.05,29.129999999999995,29.172077060772697
2018-02-08,28.92,29.108999999999998,29.126244867904933
2018-02-07,28.38,29.062,28.990563982831308
2018-02-06,28.19,28.977999999999998,28.845006895043795
2018-02-05,28.52,28.918,28.785914732308555
2018-02-02,28.83,28.894,28.79393023552518
2018-02-01,29.58,28.932,28.936852010884238
2018-01-31,29.51,28.962,29.04106073617801
2018-01-30,29.57,28.984,29.13723151141837
2018-01-29,29.82,29.037,29.26137123661503
2018-01-25,30.1,29.142000000000003,29.413849193594114
2018-01-24,30.32,29.282,29.57860388566791
2018-01-23,30.55,29.499000000000002,29.755221361001016
2018-01-22,30.61,29.741000000000003,29.91063565900083
2018-01-19,30.64,29.952999999999996,30.043247357364315
2018-01-18,30.3,30.1,30.089929656025348
2018-01-17,30.61,30.203000000000003,30.184487900384376
2018-01-16,30.51,30.303000000000004,30.243671918496304
2018-01-15,30.92,30.438000000000006,30.366640660587883
2018-01-12,31.04,30.559999999999995,30.489069631390084
2018-01-11,30.98,30.648000000000003,30.578329698410066
2018-01-10,31.03,30.719000000000005,30.660451571426414
2018-01-09,31.07,30.771000000000004,30.734914922076154
2018-01-08,31.12,30.822000000000003,30.80493039078958
2018-01-05,31.05,30.863,30.849488501555108
2018-01-04,30.83,30.916000000000004,30.845945137635994
2018-01-03,30.73,30.927999999999997,30.824864203520356
2018-01-02,30.62,30.939,30.787616166516653
2018-01-01,30.79,30.926,30.78804959078635
2017-12-29,30.9,30.912,30.808404210643374
2017-12-28,30.65,30.879,30.77960344507185
2017-12-27,30.54,30.829999999999995,30.73603918233151
2017-12-26,30.68,30.790999999999997,30.725850240089414
2017-12-22,30.63,30.741999999999997,30.70842292370952
2017-12-21,30.37,30.674,30.646891483035063
2017-12-20,30.07,30.597999999999995,30.542002122483233
2017-12-19,29.98,30.523000000000003,30.439819918395372
2017-12-18,29.87,30.448,30.33621629686894
2017-12-15,29.86,30.355,30.24963151562004
2017-12-14,29.62,30.227000000000004,30.13515305823458
2017-12-13,29.56,30.117999999999995,30.0305797749192
2017-12-12,29.57,30.021000000000004,29.946837997661163
2017-12-11,29.71,29.924,29.90377654354095
2017-12-08,29.7,29.831,29.86672626289714
2017-12-07,29.53,29.747000000000003,29.80550330600675
2017-12-06,29.3,29.670000000000005,29.71359361400552
2017-12-05,29.42,29.613999999999997,29.660212956913604
2017-12-04,29.35,29.562,29.603810601111128
2017-12-01,29.4,29.516,29.566754128181827
2017-11-30,29.6,29.514,29.572798832148766
2017-11-29,29.39,29.497000000000003,29.539562680848988
2017-11-28,29.29,29.469,29.49418764796735
2017-11-27,29.31,29.429000000000002,29.460698984700556
2017-11-24,29.26,29.385,29.424208260209543
2017-11-23,29.02,29.333999999999996,29.350715849262354
2017-11-22,29.03,29.307,29.292403876669194
2017-11-21,28.98,29.262999999999998,29.235603171820248
2017-11-20,28.76,29.204,29.14912986785293
2017-11-17,28.67,29.131,29.062015346425127
2017-11-16,28.59,29.03,28.97619437434783
2017-11-15,28.35,28.926,28.862340851739134
2017-11-14,28.56,28.852999999999998,28.807369787786563
2017-11-13,28.43,28.764999999999997,28.738757099098095
2017-11-10,28.57,28.695999999999998,28.70807399017117
2017-11-09,28.58,28.652000000000005,28.684787810140044
2017-11-08,28.44,28.593,28.640280935569127
2017-11-07,28.53,28.548000000000002,28.62022985637474
2017-11-06,28.67,28.538999999999998,28.62927897339751
2017-11-03,28.62,28.534000000000002,28.627591887325234
2017-11-02,28.54,28.528999999999996,28.611666089629736
2017-11-01,28.61,28.555,28.611363164242512
2017-10-31,28.41,28.540000000000003,28.574751679834783
2017-10-30,28.39,28.536,28.541160465319365
2017-10-27,27.98,28.477000000000004,28.439131289806753
2017-10-26,27.81,28.4,28.324743782569158
2017-10-25,27.85,28.341,28.238426731192945
2017-10-24,27.86,28.274,28.169621870976044
2017-10-23,27.87,28.194,28.115145167162215
2017-10-18,27.7,28.101999999999997,28.039664227678173
2017-10-17,27.64,28.012,27.96699800446396
2017-10-16,27.75,27.926,27.92754382183415
2017-10-13,27.61,27.845999999999997,27.869808581500667
2017-10-12,27.54,27.761000000000003,27.80984338486418
2017-10-11,27.31,27.694,27.718962769434327
2017-10-10,27.41,27.654000000000003,27.662787720446268
2017-10-09,27.22,27.590999999999998,27.582280862183307
2017-10-06,27.3,27.535000000000004,27.53095706905907
2017-10-05,27.0,27.448,27.43441942013924
2017-10-04,26.94,27.372000000000003,27.34452498011392
2017-10-03,26.82,27.29,27.24915680191139
2017-09-29,26.72,27.187,27.152946474291138
2017-09-28,26.39,27.064999999999998,27.01422893351093
2017-09-27,26.16,26.927,26.858914581963486
2017-09-26,26.55,26.851,26.80274829433376
2017-09-25,26.49,26.758999999999997,26.745884968091257
2017-09-22,26.9,26.727000000000004,26.773905882983755
2017-09-21,27.41,26.738,26.88955935880489
2017-09-20,27.45,26.782999999999998,26.991457657204
2017-09-19,27.56,26.845,27.094828992257817
2017-09-18,27.42,26.905,27.153950993665482
2017-09-15,27.26,26.958999999999996,27.17323263118085
2017-09-14,27.18,27.038,27.174463061875237
2017-09-13,27.15,27.137,27.170015232443376
2017-09-12,27.34,27.215999999999998,27.200921553817302
2017-09-11,27.1,27.276999999999997,27.182572180395972
2017-09-08,26.99,27.286,27.147559056687612
2017-09-07,26.86,27.231,27.095275591835318
2017-09-06,26.78,27.163999999999998,27.037952756956166
2017-09-05,26.83,27.090999999999998,27.000143164782315
2017-09-04,26.46,26.994999999999997,26.901935316640078
2017-09-01,26.65,26.934000000000005,26.85612889543279
2017-08-31,26.59,26.875,26.807741823535917
2017-08-30,26.43,26.802999999999997,26.73906149198393
2017-08-29,26.26,26.695,26.651959402532306
2017-08-28,26.39,26.624000000000002,26.604330420253703
2017-08-24,26.17,26.542,26.525361252934847
2017-08-23,26.12,26.468,26.45165920694669
2017-08-22,25.94,26.384000000000004,26.358630260229106
2017-08-21,25.99,26.3,26.291606576551086
2017-08-18,26.17,26.271000000000004,26.269496289905433
2017-08-17,26.38,26.244,26.28958787355899
2017-08-16,26.35,26.22,26.300571896548263
2017-08-14,26.1,26.187,26.264104278994033
2017-08-11,25.59,26.119999999999997,26.14153986463148
2017-08-10,25.6,26.040999999999997,26.04307807106212
2017-08-09,26.29,26.053000000000004,26.08797296723264
2017-08-08,26.74,26.115,26.206523336826706
2017-08-07,26.89,26.21,26.33079182104003
2017-08-04,26.57,26.268,26.37428421721457
2017-08-03,26.67,26.318,26.428050723175552
2017-08-02,26.88,26.368000000000002,26.510223318961813
2017-08-01,26.95,26.427999999999997,26.59018271551421
2017-07-31,27.05,26.523000000000003,26.673785858147987
2017-07-28,26.86,26.65,26.70764297484835
2017-07-27,26.88,26.778,26.738980615785014
2017-07-26,26.83,26.832,26.755529594733193
2017-07-25,26.85,26.843,26.77270603205443
2017-07-24,26.73,26.826999999999998,26.764941298953623
2017-07-21,26.72,26.841999999999995,26.756770153689327
2017-07-20,26.67,26.842000000000002,26.740993762109447
2017-07-19,26.7,26.824,26.73354035081682
2017-07-18,26.47,26.776,26.68562392339558
2017-07-17,26.77,26.748,26.700965028232744
2017-07-14,26.87,26.749000000000002,26.731698659463152
2017-07-13,26.99,26.76,26.77866253956076
2017-07-12,26.77,26.754,26.777087532367894
2017-07-11,26.63,26.732,26.75034434466464
2017-07-10,26.76,26.735000000000003,26.752099918361978
2017-07-07,26.74,26.737000000000002,26.74989993320525
2017-07-06,26.7,26.74,26.740827218077023
2017-07-05,26.67,26.737000000000002,26.727949542063016
2017-07-04,26.5,26.74,26.686504170778832
2017-07-03,26.51,26.714,26.654412503364497
2017-06-30,26.21,26.648000000000003,26.573610230025498
2017-06-29,25.93,26.542,26.45659018820268
2017-06-28,25.79,26.444,26.33539197216583
2017-06-27,25.82,26.363,26.24168434086295
2017-06-23,26.02,26.288999999999998,26.201378097069686
2017-06-22,26.32,26.246999999999996,26.222945715784288
2017-06-21,26.55,26.232,26.282410131096235
2017-06-20,26.59,26.224,26.33833556180601
2017-06-19,26.39,26.213,26.347729096023095
2017-06-16,26.44,26.206,26.364505624018896
2017-06-15,26.34,26.219,26.36005005601546
2017-06-14,26.33,26.258999999999997,26.354586409467196
2017-06-13,26.08,26.288,26.304661607745885
2017-06-12,25.99,26.305,26.247450406337542
2017-06-09,26.01,26.303999999999995,26.20427760518526
2017-06-08,25.9,26.262,26.148954404242488
2017-06-07,25.8,26.187,26.085508148925673
2017-06-06,25.65,26.093,26.006324849121004
2017-06-05,25.75,26.028999999999996,25.959720331099
2017-06-02,25.65,25.95,25.903407543626454
2017-06-01,25.6,25.875999999999998,25.84824253569437
2017-05-31,25.43,25.786,25.772198438295394
2017-05-30,25.09,25.687,25.648162358605322
2017-05-29,25.01,25.589,25.5321328388589
2017-05-26,25.18,25.506,25.468108686339097
2017-05-25,24.95,25.410999999999998,25.37390710700471
2017-05-24,24.8,25.311,25.26956036027658
2017-05-23,24.9,25.236,25.202367567499017
2017-05-22,25.07,25.168,25.178300737044648
2017-05-19,25.2,25.122999999999998,25.182246057581985
2017-05-18,25.51,25.113999999999997,25.24183768347617
2017-05-17,25.82,25.153,25.34695810466232
2017-05-16,25.82,25.226,25.432965721996442
2017-05-15,25.79,25.304,25.497881045269814
2017-05-12,25.62,25.348,25.52008449158439
2017-05-11,25.78,25.431,25.567341856750865
2017-05-10,25.85,25.535999999999998,25.618734246432524
2017-05-09,25.6,25.606,25.61532801980843
2017-05-08,25.54,25.653,25.601632016206896
2017-05-05,25.61,25.694,25.60315346780564
2017-05-04,25.78,25.721000000000004,25.635307382750067
2017-05-03,25.75,25.714,25.65616058588642
2017-05-02,25.74,25.706,25.67140411572525
2017-04-28,25.76,25.703000000000003,25.687512458320658
2017-04-27,25.69,25.71,25.687964738625993
2017-04-26,25.85,25.717000000000002,25.717425695239445
2017-04-25,25.87,25.719,25.74516647792318
2017-04-24,25.82,25.740999999999996,25.758772572846237
2017-04-21,25.49,25.736,25.70990483232874
2017-04-20,25.49,25.724,25.669922135541697
2017-04-19,25.26,25.672000000000004,25.595390838170477
2017-04-18,25.29,25.625999999999998,25.539865231230387
2017-04-17,25.43,25.595,25.519889734643044
2017-04-13,25.41,25.560000000000002,25.499909782889763
2017-04-12,25.26,25.517000000000003,25.45628982236435
2017-04-11,25.39,25.470999999999997,25.444237127389012
2017-04-10,25.16,25.4,25.39255764968192
2017-04-07,25.13,25.331,25.3448198951943
2017-04-06,25.09,25.291,25.29848900515897
2017-04-05,25.14,25.256,25.269672822402793
2017-04-03,25.13,25.243000000000002,25.2442777637841
2017-03-31,24.97,25.211,25.194409079459717
2017-03-30,24.74,25.142000000000003,25.111789246830675
2017-03-29,24.66,25.067,25.029645747406914
2017-03-28,24.58,24.999000000000002,24.94789197515111
2017-03-27,24.38,24.898000000000003,24.84463888876
2017-03-24,24.31,24.813,24.747431818076358
2017-03-23,24.26,24.726,24.65880785115338
2017-03-22,24.16,24.633,24.568115514580036
2017-03-21,24.31,24.55,24.52118542102003
2017-03-20,24.27,24.464,24.47551534447093
2017-03-17,24.11,24.378,24.409058009112577
2017-03-16,23.95,24.299,24.325592916546654
2017-03-15,23.78,24.211,24.22639420444726
2017-03-14,23.56,24.108999999999998,24.105231621820487
2017-03-10,23.32,24.002999999999997,23.962462236034945
2017-03-09,23.45,23.916999999999998,23.869287284028587
2017-03-08,23.48,23.839,23.79850777784157
2017-03-07,23.56,23.779,23.755142727324923
2017-03-06,23.61,23.709,23.728753140538572
2017-03-03,23.69,23.651,23.721707114986103
2017-03-02,23.66,23.606,23.710487639534083
2017-03-01,23.93,23.604000000000003,23.750398977800614
2017-02-28,23.86,23.612000000000002,23.77032643638232
2017-02-27,23.85,23.641,23.784812538858258
2017-02-23,23.93,23.701999999999998,23.811210259065845
2017-02-22,23.8,23.737000000000002,23.809172030144783
2017-02-21,23.96,23.785000000000004,23.836595297391185
2017-02-20,23.98,23.827,23.862668879683696
2017-02-17,23.82,23.848,23.854910901559386
2017-02-16,23.87,23.866,23.857654374003133
2017-02-15,23.67,23.867,23.823535396911655
2017-02-14,23.81,23.854999999999997,23.821074415654987
2017-02-13,23.84,23.853,23.824515430990445
2017-02-10,23.92,23.860000000000003,23.841876261719456
2017-02-09,23.75,23.842000000000002,23.82517148686137
2017-02-08,23.84,23.846,23.827867580159303
2017-02-07,23.85,23.835,23.831891656493973
2017-02-06,23.81,23.818,23.827911355313248
2017-02-03,23.65,23.801,23.795563836165385
2017-02-02,23.49,23.762999999999998,23.740006775044403
2017-02-01,23.21,23.717,23.643641906854512
2017-01-31,22.99,23.635,23.524797923790054
2017-01-30,23.12,23.563,23.45119830128277
2017-01-27,23.26,23.497,23.416434973776813
2017-01-25,23.13,23.435,23.364355887635575
2017-01-24,22.88,23.339,23.276291180792743
2017-01-23,22.69,23.223,23.16969278428497
2017-01-20,22.66,23.107999999999997,23.07702136896043
2017-01-19,22.77,23.020000000000003,23.021199301876717
2017-01-18,22.65,22.936,22.95370851971731
2017-01-17,22.56,22.871,22.88212515249598
2017-01-16,22.46,22.817999999999998,22.80537512476944
2017-01-13,22.45,22.751,22.74076146572045
2017-01-12,22.54,22.679,22.704259381044004
2017-01-11,22.53,22.619,22.672575857217822
2017-01-10,22.39,22.57,22.621198428632763
2017-01-09,22.42,22.543,22.584616896154078
2017-01-06,22.39,22.516,22.549232005944244
2017-01-05,22.45,22.484,22.53118982304529
2017-01-04,22.43,22.462,22.512791673400688
2017-01-03,22.42,22.448,22.49592046005511
2017-01-02,22.27,22.429000000000002,22.454844012772362
2016-12-30,22.1,22.394,22.390326919541025
2016-12-29,22.0,22.34,22.319358388715383
2016-12-28,21.82,22.269,22.228565954403496
2016-12-27,21.71,22.201,22.134281235421042
2016-12-26,21.41,22.1,22.002593738071763
2016-12-23,21.63,22.024,21.934849422058715
2016-12-22,21.61,21.94,21.87578589077531
2016-12-21,21.79,21.876,21.86018845608889
2016-12-20,21.8,21.814,21.849245100436363
2016-12-19,21.88,21.775,21.85483690035702
2016-12-16,21.99,21.764,21.879412009383017
2016-12-15,21.91,21.755,21.88497346222247
2016-12-14,21.84,21.756999999999998,21.87679646909111
2016-12-13,21.97,21.782999999999998,21.893742565620002
2016-12-12,22.04,21.845999999999997,21.920334826416365
2016-12-09,22.24,21.907,21.978455767067935
2016-12-08,22.21,21.967,22.020554718510127
2016-12-07,22.0,21.988,22.01681749696283
2016-12-06,21.99,22.006999999999998,22.01194158842413
2016-12-05,22.0,22.019,22.009770390528832
2016-12-02,22.04,22.024,22.015266683159954
2016-12-01,22.33,22.066,22.072490922585413
2016-11-30,22.38,22.119999999999997,22.12840166393352
2016-11-29,22.16,22.139,22.134146815945606
2016-11-28,22.04,22.139,22.117029213046404
2016-11-25,21.92,22.107,22.081205719765236
2016-11-24,21.67,22.053,22.006441043444283
2016-11-23,21.83,22.035999999999998,21.974360853727138
2016-11-22,21.72,22.009,21.928113425776747
2016-11-21,21.58,21.967,21.864820075635517
2016-11-18,22.03,21.966,21.89485278915633
2016-11-17,21.95,21.928,21.90487955476427
2016-11-16,21.96,21.886000000000003,21.91490145389804
2016-11-15,21.92,21.862,21.915828462280214
2016-11-11,22.66,21.924,22.051132378229266
2016-11-10,23.2,22.052,22.2600174003694
2016-11-09,23.11,22.195999999999998,22.414559691211327
2016-11-08,23.61,22.374000000000002,22.63191247462745
2016-11-07,23.45,22.547,22.780655661058823
2016-11-04,23.28,22.717,22.87144554086631
2016-11-03,23.46,22.86,22.978455442526982
2016-11-02,23.69,23.034,23.10782718024935
2016-11-01,23.92,23.23,23.255494965658556
2016-10-28,23.78,23.416000000000004,23.350859517357
2016-10-27,23.54,23.503999999999998,23.385248696019364
2016-10-26,23.67,23.551,23.43702166037948
2016-10-25,23.81,23.621000000000002,23.504835903946844
2016-10-24,23.89,23.649,23.574865739592873
2016-10-21,23.85,23.689,23.624890150575986
2016-10-20,23.73,23.734,23.644001032289445
2016-10-19,23.71,23.759,23.656000844600456
2016-10-18,23.46,23.736,23.62036432740037
2016-10-17,23.33,23.677,23.567570813327574
2016-10-14,23.53,23.651999999999997,23.560739756358924
2016-10-13,23.3,23.628,23.513332527930025
2016-10-10,23.43,23.604000000000003,23.498181159215477
2016-10-07,23.36,23.559,23.473057312085388
2016-10-06,23.42,23.512,23.46341052806986
2016-10-05,23.47,23.474,23.464608613875342
2016-10-04,23.39,23.44,23.45104341135255
2016-10-03,23.31,23.4,23.425399154742994
2016-09-30,22.93,23.347,23.335326581153357
2016-09-29,22.67,23.281,23.214358111852743
2016-09-28,23.22,23.25,23.2153839096977
2016-09-27,23.08,23.228,23.190768653389025
2016-09-26,23.1,23.195,23.174265261863745
2016-09-23,23.06,23.165,23.153489759706698
2016-09-22,23.06,23.128999999999998,23.136491621578205
2016-09-21,22.9,23.072,23.09349314492762
2016-09-20,22.87,23.02,23.05285802766805
2016-09-19,22.89,22.978,23.02324747718295
2016-09-16,22.92,22.976999999999997,23.00447520860423
2016-09-15,22.91,23.001,22.987297897948913
2016-09-14,22.84,22.963,22.9605164619582
2016-09-12,22.61,22.916,22.896786196147616
2016-09-09,23.04,22.91,22.922825069575325
2016-09-08,23.16,22.919999999999998,22.96594778419799
2016-09-07,23.14,22.928,22.997593641616536
2016-09-06,23.16,22.954,23.02712207041353
2016-09-02,23.02,22.969,23.025827148520158
2016-09-01,23.04,22.984,23.028404030607398
2016-08-31,23.19,23.011000000000003,23.057785115951503
2016-08-30,23.15,23.035,23.074551458505773
2016-08-29,22.99,23.049999999999997,23.059178466050177
2016-08-26,22.98,23.087,23.04478238131378
2016-08-25,22.74,23.057,22.989367402893095
2016-08-24,22.67,23.008000000000003,22.931300602367074
2016-08-23,22.51,22.945,22.854700492845787
2016-08-22,22.47,22.875999999999998,22.784754948692008
2016-08-19,22.53,22.826999999999998,22.738435867111644
2016-08-18,22.33,22.756,22.66417480036407
2016-08-17,22.13,22.65,22.567052109388783
2016-08-16,22.06,22.541,22.47486081677264
2016-08-12,22.1,22.452,22.40670430463216
2016-08-11,22.22,22.375999999999998,22.37275806742631
2016-08-10,22.24,22.326,22.348620236985163
2016-08-09,22.47,22.306,22.37068928480604
2016-08-08,22.53,22.308,22.39965486938676
2016-08-05,22.38,22.299,22.396081256770987
2016-08-04,22.1,22.256,22.342248300994445
2016-08-03,22.06,22.229,22.290930428086362
2016-08-02,22.16,22.232,22.26712489570702
2016-08-01,22.28,22.253999999999998,22.26946582376029
2016-07-29,22.29,22.273,22.273199310349327
2016-07-28,22.19,22.27,22.258072163013086
2016-07-27,22.01,22.247,22.21296813337434
2016-07-26,21.9,22.189999999999998,22.156064836397185
2016-07-25,21.97,22.133999999999997,22.122234866143152
2016-07-22,21.82,22.078,22.06728307229894
2016-07-21,21.7,22.038,22.00050433188095
2016-07-20,21.67,21.999000000000002,21.940412635175324
2016-07-19,21.48,21.931,21.856701246961627
2016-07-18,21.5,21.853,21.791846474786787
2016-07-15,21.48,21.772,21.735147115734645
2016-07-14,21.7,21.723000000000003,21.72875673105562
2016-07-13,21.61,21.683,21.707164598136416
2016-07-12,21.75,21.668,21.7149528530207
2016-07-11,21.74,21.645,21.71950687974421
2016-07-08,21.66,21.628999999999998,21.708687447063443
2016-07-07,21.76,21.634999999999998,21.718017002142815
2016-07-05,21.82,21.65,21.736559365389578
2016-07-04,21.86,21.688,21.759003117136928
2016-07-01,21.74,21.712,21.755548004930212
2016-06-30,21.57,21.721,21.721812004033808
2016-06-29,21.31,21.682,21.646937094209477
2016-06-28,21.09,21.630000000000003,21.54567580435321
2016-06-27,20.97,21.552,21.441007476288988
2016-06-24,20.68,21.445999999999998,21.30264248060008
2016-06-23,20.89,21.369,21.22761657503643
2016-06-22,20.92,21.285000000000004,21.17168628866617
2016-06-21,20.96,21.198999999999998,21.133197872545047
2016-06-20,20.9,21.103,21.090798259355036
2016-06-17,20.94,21.023,21.063380394017756
2016-06-16,20.89,20.955000000000002,21.031856686014525
2016-06-15,21.01,20.925,21.027882743102793
2016-06-14,20.87,20.903,20.999176789811372
2016-06-13,20.8,20.886000000000003,20.962962828027486
2016-06-10,20.89,20.907,20.949696859295212
2016-06-09,20.94,20.912,20.94793379396881
2016-06-08,20.97,20.916999999999998,20.951945831429025
2016-06-07,20.8,20.901000000000003,20.924319316623745
2016-06-06,20.73,20.884,20.888988531783063
2016-06-03,20.7,20.860000000000003,20.854626980549774
2016-06-02,20.81,20.851999999999997,20.84651298408618
2016-06-01,20.74,20.825,20.8271469869796
2016-05-31,20.66,20.804,20.796756625710582
2016-05-30,20.6,20.784,20.760982693763204
2016-05-27,20.51,20.746000000000002,20.71534947671535
2016-05-26,20.42,20.694,20.661649571858014
2016-05-25,20.31,20.628,20.597713286065645
2016-05-24,20.15,20.563,20.516310870417346
2016-05-23,20.23,20.512999999999998,20.464254348523284
2016-05-20,20.34,20.477,20.441662648791777
2016-05-19,20.61,20.457,20.47226943992054
2016-05-18,20.87,20.47,20.544584087207717
2016-05-17,20.83,20.487000000000002,20.59647788953359
2016-05-16,20.82,20.509,20.637118273254753
2016-05-13,20.8,20.538,20.666733132662976
2016-05-12,20.77,20.573,20.685508926724253
2016-05-11,20.62,20.604,20.67359821277439
2016-05-10,20.56,20.645,20.652943992269954
2016-05-09,20.61,20.683,20.645135993675414
2016-05-06,20.54,20.703,20.6260203584617
2016-05-05,20.42,20.683999999999997,20.588562111468665
2016-05-04,20.43,20.639999999999997,20.55973263665618
2016-05-03,20.44,20.601,20.537963066355054
2016-05-02,20.56,20.575,20.541969781563225
2016-04-29,20.4,20.535,20.516157094006275
2016-04-28,20.29,20.487,20.475037622368767
2016-04-27,20.44,20.469,20.468667145574443
2016-04-26,20.44,20.457,20.463454937288176
2016-04-25,20.31,20.427,20.435554039599413
2016-04-22,20.47,20.419999999999998,20.44181694149043
2016-04-21,20.53,20.430999999999997,20.457850224855807
2016-04-20,20.6,20.448,20.483695638518387
2016-04-18,20.44,20.448,20.475750976969586
2016-04-13,20.21,20.413,20.42743261752057
2016-04-12,20.04,20.377000000000002,20.35699032342592
2016-04-11,19.9,20.338,20.27390117371211
2016-04-08,19.81,20.275,20.189555505764453
2016-04-07,19.66,20.197000000000003,20.09327268653455
2016-04-06,19.74,20.14,20.029041288982814
2016-04-05,19.59,20.052,19.949215600076847
2016-04-04,19.69,19.968,19.902085490971967
2016-04-01,19.53,19.860999999999997,19.834433583522518
2016-03-31,19.55,19.772,19.78271838651842
2016-03-30,19.37,19.688,19.707678679878708
2016-03-29,19.11,19.595,19.59900982899167
2016-03-28,19.05,19.51,19.499189860084094
2016-03-23,19.29,19.458000000000002,19.461155340068803
2016-03-22,19.12,19.404000000000003,19.399127096419928
2016-03-21,19.15,19.345000000000002,19.353831260707214
2016-03-18,19.03,19.289,19.29495284966954
2016-03-17,18.9,19.21,19.223143240638713
2016-03-16,18.88,19.145,19.160753560522583
2016-03-15,18.86,19.076,19.10607109497302
2016-03-14,19.07,19.046,19.099512714068837
2016-03-11,19.03,19.038,19.08687403878359
2016-03-10,19.1,19.043,19.089260577186575
2016-03-09,19.03,19.017000000000003,19.078485926789014
2016-03-08,19.05,19.009999999999998,19.07330666737283
2016-03-04,19.07,19.002,19.072705455123224
2016-03-03,19.02,19.000999999999998,19.06312264510082
2016-03-02,18.87,18.998,19.028009436900668
2016-03-01,18.59,18.969,18.948371357464183
2016-02-29,18.08,18.891,18.79048565610706
2016-02-26,17.97,18.781,18.641306445905773
2016-02-25,18.08,18.686,18.53925072846836
2016-02-24,18.22,18.598,18.481205141474113
2016-02-23,18.37,18.532,18.460986024842455
2016-02-22,18.52,18.479,18.471715838507464
2016-02-19,18.5,18.422,18.476858413324287
2016-02-18,18.59,18.378999999999998,18.497429610901687
2016-02-17,18.51,18.343,18.49971513619229
2016-02-16,18.48,18.332,18.49613056597551
2016-02-15,18.83,18.407,18.556834099434507
2016-02-12,18.41,18.451,18.53013699044641
2016-02-11,18.35,18.478,18.497384810365244
2016-02-10,18.98,18.554,18.58513302666247
2016-02-09,19.27,18.644,18.70965429454202
2016-02-08,19.43,18.735000000000003,18.840626240988925
2016-02-05,19.52,18.837,18.9641487426273
2016-02-04,19.25,18.903,19.016121698513246
2016-02-03,19.39,18.991,19.084099571510837
2016-02-02,19.68,19.110999999999997,19.19244510396341
2016-02-01,19.86,19.214000000000002,19.313818721424607
2016-01-29,19.68,19.341,19.380397135711043
2016-01-28,19.44,19.45,19.391234020127214
2016-01-27,19.44,19.496000000000002,19.400100561922265
2016-01-25,19.31,19.5,19.383718641572763
2016-01-22,19.26,19.482999999999997,19.361224343104986
2016-01-21,18.86,19.417,19.270092644358623
2016-01-20,18.71,19.363,19.1682576181116
2016-01-19,19.05,19.329,19.1467562330004
2016-01-18,18.95,19.256,19.11098237245487
2016-01-15,19.72,19.241999999999997,19.221712850190347
2016-01-14,20.1,19.284,19.38140142288301
2016-01-13,20.26,19.366,19.54114661872246
2016-01-12,20.4,19.462,19.69730177895474
2016-01-11,20.62,19.593,19.865065091872058
2016-01-08,20.65,19.732,20.0077805297135
2016-01-07,20.45,19.891,20.08818406976559
2016-01-06,20.98,20.118000000000002,20.2503324207173
2016-01-05,20.98,20.311,20.382999253314154
2016-01-04,20.83,20.499000000000002,20.464272116347942
2016-01-01,21.04,20.631,20.568949913375587
2015-12-31,21.02,20.723,20.65095902003457
2015-12-30,20.89,20.785999999999998,20.694421016391917
2015-12-29,20.85,20.831,20.72270810432066
2015-12-28,20.78,20.847,20.73312481262599
2015-12-24,20.77,20.859,20.73982939214854
2015-12-23,20.65,20.878999999999998,20.723496775394256
2015-12-22,20.33,20.814,20.651951907140752
2015-12-21,20.3,20.746,20.587960651296978
2015-12-18,20.15,20.678,20.508331441970252
2015-12-17,20.16,20.59,20.444998452521112
2015-12-16,20.0,20.488,20.36408964297182
2015-12-15,20.01,20.4,20.29970970788603
2015-12-14,19.84,20.299,20.216126124634023
2015-12-11,19.8,20.201,20.14046682924602
2015-12-10,19.85,20.109,20.087654678474014
2015-12-09,19.72,20.016,20.02080837329692
2015-12-08,20.0,19.982999999999997,20.01702503269748
2015-12-07,20.24,19.977,20.05756593584339
2015-12-04,20.29,19.991,20.099826674780953
2015-12-03,20.36,20.011000000000003,20.14713091572987
2015-12-02,20.42,20.053,20.19674347650626
2015-12-01,20.4,20.092000000000002,20.233699208050574
2015-11-30,20.38,20.146,20.26029935204138
2015-11-27,20.29,20.195,20.265699469852034
2015-11-26,20.28,20.238,20.268299566242572
2015-11-24,20.2,20.286,20.255881463289374
2015-11-23,20.18,20.304,20.242084833600394
2015-11-20,20.1,20.29,20.21625122749123
2015-11-19,19.97,20.258,20.171478277038275
2015-11-18,19.8,20.201999999999998,20.103936772122225
2015-11-17,19.89,20.149,20.06503917719091
2015-11-16,19.79,20.088,20.01503205406529
2015-11-13,19.74,20.024,19.965026226053418
2015-11-10,19.68,19.963,19.913203275861886
2015-11-09,19.79,19.913999999999998,19.890802680250633
2015-11-06,19.69,19.863000000000003,19.854293102023245
2015-11-05,19.84,19.829,19.851694356200838
2015-11-04,20.06,19.824999999999996,19.889568109618867
2015-11-03,20.08,19.836,19.924192089688166
2015-11-02,20.09,19.865000000000002,19.954338982472134
2015-10-30,20.15,19.891,19.989913712931745
2015-10-29,20.23,19.935,20.033565765125974
2015-10-28,20.28,19.989,20.078371989648524
2015-10-27,20.3,20.051,20.11866799153061
2015-10-26,20.21,20.092999999999996,20.13527381125232
2015-10-23,20.15,20.139,20.13795130011553
2015-10-21,20.27,20.182000000000002,20.161960154639978
2015-10-20,20.27,20.203,20.181603762887256
2015-10-19,20.41,20.235999999999997,20.223130351453207
2015-10-16,20.23,20.25,20.224379378461716
2015-10-15,20.13,20.248,20.207219491468674
2015-10-14,20.11,20.235999999999997,20.18954322029255
2015-10-13,20.17,20.225,20.185989907512084
2015-10-12,20.11,20.205999999999996,20.172173560691704
2015-10-09,20.13,20.198,20.164505640565938
2015-10-08,20.07,20.19,20.147322796826675
2015-10-07,20.13,20.176,20.144173197403642
2015-10-06,20.23,20.172,20.15977807060298
2015-10-05,20.16,20.147,20.159818421402434
2015-10-01,19.87,20.110999999999997,20.107124162965626
2015-09-30,19.89,20.087,20.06764704242642
2015-09-29,19.65,20.041000000000004,19.991711216530707
2015-09-28,19.73,19.997,19.944127358979667
2015-09-24,19.79,19.965,19.916104202801545
2015-09-23,19.7,19.921999999999997,19.876812529564898
2015-09-22,19.53,19.868000000000002,19.813755706007644
2015-09-21,19.69,19.824,19.79125466855171
2015-09-18,19.45,19.746000000000002,19.729208365178668
2015-09-16,19.22,19.652,19.636625026055274
2015-09-15,19.17,19.582,19.55178411222704
2015-09-14,19.3,19.523,19.50600518273121
2015-09-11,19.24,19.482,19.457640604052806
2015-09-10,19.17,19.426,19.40534231240684
2015-09-09,19.21,19.368000000000002,19.369825528332868
2015-09-08,19.02,19.300000000000004,19.3062208868178
2015-09-07,18.89,19.236,19.230544361941835
2015-09-04,19.13,19.18,19.2122635688615
2015-09-03,19.45,19.18,19.255488374523043
2015-09-02,19.24,19.182,19.252672306427943
2015-09-01,19.26,19.191,19.254004614350134
2015-08-31,19.61,19.222,19.318731048104652
2015-08-28,19.58,19.256,19.366234493903804
2015-08-27,19.56,19.294999999999998,19.401464585921293
2015-08-26,19.02,19.276,19.332107388481056
2015-08-25,19.16,19.29,19.300815136029954
2015-08-24,19.06,19.307,19.257030565842687
2015-08-21,20.46,19.44,19.475752281144015
2015-08-20,20.56,19.551,19.67288823002692
2015-08-19,20.95,19.722,19.905090370022023
2015-08-18,20.92,19.887999999999998,20.08961939365438
2015-08-17,20.74,20.000999999999998,20.207870412989944
2015-08-14,20.65,20.107999999999997,20.288257610628133
2015-08-13,20.35,20.186999999999998,20.299483499604833
2015-08-12,20.57,20.342000000000002,20.348668317858497
2015-08-11,20.93,20.519,20.454364987338767
2015-08-10,21.06,20.719,20.564480444186263
2015-08-07,21.07,20.779999999999998,20.65639309069785
2015-08-06,21.19,20.843,20.753412528752783
2015-08-05,21.2,20.868000000000002,20.83461025079773
2015-08-04,21.05,20.881,20.87377202337996
2015-08-03,20.96,20.903,20.889449837310877
2015-07-31,20.81,20.919,20.875004412345262
2015-07-30,20.58,20.942,20.821367246464305
2015-07-29,20.29,20.914,20.72475501983443
2015-07-28,20.19,20.84,20.627526834409988
2015-07-27,20.02,20.736,20.51706740997181
2015-07-24,20.23,20.652,20.46487333543148
2015-07-23,20.36,20.569,20.44580545626212
2015-07-22,20.24,20.473,20.40838628239628
2015-07-21,20.02,20.37,20.337770594687864
2015-07-20,20.22,20.296,20.316357759290067
2015-07-17,20.16,20.231,20.28792907578278
2015-07-16,20.15,20.188,20.262851062004092
2015-07-15,20.0,20.159,20.215059959821527
2015-07-14,20.01,20.141,20.177776330763066
2015-07-13,19.91,20.13,20.12908972516978
2015-07-10,19.68,20.075,20.047437047866183
2015-07-09,19.64,20.002999999999997,19.973357584617784
2015-07-08,19.65,19.944,19.914565296505458
2015-07-07,19.91,19.933,19.913735242595376
2015-07-06,19.77,19.887999999999998,19.887601562123486
2015-07-03,19.69,19.841,19.851674005373763
2015-07-02,19.65,19.791,19.815006004396714
2015-07-01,19.59,19.75,19.77409582177913
2015-06-30,19.43,19.692,19.711532945092014
2015-06-29,19.32,19.633000000000003,19.640345136893462
2015-06-26,19.55,19.619999999999997,19.623918748367377
2015-06-25,19.43,19.599,19.58866079411876
2015-06-24,19.38,19.572,19.550722467915346
2015-06-23,19.5,19.531,19.541500201021645
2015-06-22,19.35,19.488999999999997,19.506681982654072
2015-06-19,19.16,19.436,19.443648894898786
2015-06-18,19.17,19.387999999999998,19.393894550371733
2015-06-17,18.97,19.326,19.316822813940508
2015-06-16,18.76,19.259,19.21558230231496
2015-06-15,18.75,19.201999999999998,19.13093097462133
2015-06-12,18.69,19.116000000000003,19.05076170650836
2015-06-11,18.77,19.05,18.99971412350684
2015-06-10,18.97,19.009,18.994311555596504
2015-06-09,18.77,18.936,18.953527636397137
2015-06-08,18.9,18.891000000000002,18.943795338870384
2015-06-05,19.14,18.889,18.979468913621222
2015-06-04,19.09,18.881,18.999565474781
2015-06-03,19.09,18.893,19.01600811572991
2015-06-02,19.29,18.946,19.065824821960835
2015-06-01,19.59,19.03,19.161129399786137
2015-05-29,19.56,19.117,19.233651327097746
2015-05-28,19.38,19.178,19.260260176716336
2015-05-27,19.44,19.225,19.29294014458609
2015-05-26,19.44,19.291999999999998,19.31967830011589
2015-05-25,19.48,19.35,19.348827700094816
2015-05-22,19.54,19.39,19.383586300077575
2015-05-21,19.49,19.43,19.402934245518015
2015-05-20,19.45,19.466,19.41149165542383
2015-05-19,19.38,19.475,19.405765899892224
2015-05-18,19.33,19.448999999999998,19.39199028173
2015-05-15,19.2,19.413,19.357082957779088
2015-05-14,19.14,19.389,19.31761332909198
2015-05-13,19.08,19.353,19.27441090562071
2015-05-12,19.01,19.31,19.22633619550785
2015-05-11,19.2,19.282,19.221547796324604
2015-05-08,19.05,19.232999999999997,19.190357287901946
2015-05-07,18.79,19.163,19.117565053737955
2015-05-06,19.03,19.121,19.10164413487651
2015-05-05,19.55,19.137999999999998,19.183163383080778
2015-05-04,19.51,19.156,19.242588222520634
2015-04-30,19.22,19.157999999999998,19.238481272971427
2015-04-29,19.16,19.160000000000004,19.224211950612986
2015-04-28,18.98,19.15,19.17980977777426
2015-04-27,18.73,19.122,19.098026181815303
2015-04-24,19.23,19.125,19.122021421485247
2015-04-23,19.71,19.191,19.228926617578836
2015-04-22,19.83,19.295,19.338212687109955
2015-04-21,19.89,19.381,19.438537653089963
2015-04-20,19.87,19.413,19.51698535252815
2015-04-17,20.22,19.484,19.64480619752303
2015-04-16,20.45,19.607000000000003,19.791205070700663
2015-04-15,20.56,19.747000000000003,19.930985966936905
2015-04-13,20.51,19.9,20.03626124567565
2015-04-10,20.43,20.07,20.10785011009826
2015-04-09,20.4,20.186999999999998,20.160968271898575
2015-04-08,20.38,20.254,20.20079222246247
2015-04-07,20.23,20.294,20.206102727469293
2015-04-06,20.13,20.318,20.19226586792942
2015-04-01,19.84,20.315,20.12821752830589
2015-03-31,19.52,20.244999999999997,20.017632523159364
2015-03-30,19.43,20.142999999999997,19.910790246221296
2015-03-27,19.01,19.988000000000003,19.747010201453786
2015-03-26,18.98,19.835,19.60755380118946
2015-03-25,19.11,19.702999999999996,19.517089473700466
2015-03-24,19.28,19.591,19.47398229666402
2015-03-23,19.32,19.485000000000003,19.445985515452378
2015-03-20,19.5,19.412,19.45580633082467
2015-03-19,19.76,19.375,19.51111427067473
2015-03-18,19.81,19.372,19.56545713055205
2015-03-17,19.84,19.404,19.61537401590622
2015-03-16,19.76,19.437,19.641669649377814
2015-03-13,20.0,19.535999999999998,19.70682062221821
2015-03-12,20.09,19.647,19.776489599996715
2015-03-11,19.78,19.714000000000002,19.777127854542766
2015-03-10,19.87,19.773000000000003,19.79401369917135
2015-03-09,19.89,19.830000000000002,19.81146575386747
2015-03-05,20.13,19.893,19.869381071346112
2015-03-04,19.77,19.894,19.851311785646818
2015-03-03,19.95,19.908,19.869255097347395
2015-03-02,19.7,19.894,19.83848144328423
2015-02-27,19.59,19.877000000000002,19.793302999050734
2015-02-26,19.39,19.816,19.71997518104151
2015-02-25,19.54,19.761000000000003,19.68725242085214
2015-02-24,19.63,19.746000000000002,19.676842889788116
2015-02-23,19.59,19.718,19.661053273463004
2015-02-20,19.69,19.698,19.66631631465155
2015-02-19,19.64,19.648999999999997,19.661531530169448
2015-02-18,19.61,19.633000000000003,19.65216216104773
2015-02-16,19.48,19.586,19.620859949948144
2015-02-13,19.5,19.566,19.598885413593937
2015-02-12,19.4,19.547,19.56272442930413
2015-02-11,19.23,19.531,19.50222907852156
2015-02-10,19.11,19.488,19.430914700608547
2015-02-09,18.97,19.422,19.347112027770628
2015-02-06,19.2,19.383,19.320364386357785
2015-02-05,19.43,19.357,19.34029813429273
2015-02-04,19.57,19.35,19.382062109875868
2015-02-03,19.46,19.335,19.39623263535298
2015-02-02,19.52,19.339,19.418735792561527
2015-01-30,19.46,19.335,19.426238375732158
2015-01-29,19.64,19.359,19.465104125599037
2015-01-28,19.77,19.413,19.520539739126484
2015-01-27,19.77,19.479,19.565896150194394
2015-01-23,19.52,19.534,19.557551395613597
2015-01-22,19.53,19.567,19.55254205095658
2015-01-21,19.59,19.583,19.55935258714629
2015-01-20,19.7,19.596,19.58492484402878
2015-01-19,19.6,19.61,19.58766578147809
2015-01-16,19.5,19.607999999999997,19.571726548482076
2015-01-15,19.39,19.601000000000003,19.538685357848973
2015-01-14,19.21,19.558,19.478924383694615
2015-01-13,19.33,19.514000000000003,19.451847223022867
2015-01-12,19.33,19.47,19.429693182473255
2015-01-09,19.22,19.439999999999998,19.3915671492963
2015-01-08,19.26,19.413,19.367645849424246
2015-01-07,18.98,19.352,19.297164785892562
2015-01-06,19.04,19.285999999999998,19.250407552093915
2015-01-05,19.33,19.259,19.264878906258655
2015-01-02,19.26,19.235,19.263991832393444
2015-01-01,19.04,19.2,19.223266044685545
2014-12-31,18.95,19.174,19.173581309288174
2014-12-30,18.71,19.112000000000002,19.089293798508503
2014-12-29,18.63,19.042,19.00578583514332
2014-12-26,18.39,18.959,18.89382477420817
2014-12-24,18.35,18.868000000000002,18.794947542533958
2014-12-23,18.38,18.808,18.71950253480051
2014-12-22,18.28,18.732000000000003,18.6395929830186
2014-12-19,18.24,18.622999999999998,18.56693971337885
2014-12-18,18.22,18.519,18.503859765491786
2014-12-17,17.73,18.387999999999998,18.363157989947823
2014-12-16,17.82,18.275,18.26440199177549
2014-12-15,18.24,18.227999999999998,18.259965265998126
2014-12-12,18.3,18.195,18.26724430854392
2014-12-11,18.56,18.212,18.320472616081386
2014-12-10,18.62,18.238999999999997,18.374932140430225
2014-12-09,18.35,18.235999999999997,18.370399023988366
2014-12-08,18.45,18.252999999999997,18.384871928717754
2014-12-05,18.7,18.299,18.44216794167816
2014-12-04,18.76,18.353,18.49995558864577
2014-12-03,18.67,18.447,18.530872754346536
2014-12-02,18.46,18.511000000000003,18.5179867990108
2014-12-01,18.34,18.520999999999997,18.485625562827018
2014-11-28,18.38,18.529000000000003,18.46642091504029
2014-11-27,18.22,18.494999999999997,18.42161711230569
2014-11-26,18.14,18.447,18.37041400097738
2014-11-25,18.02,18.414,18.30670236443604
2014-11-24,18.17,18.386,18.28184738908403
2014-11-21,18.16,18.332,18.25969331834148
2014-11-20,18.1,18.266000000000002,18.230658169552118
2014-11-19,18.13,18.212,18.212356684179003
2014-11-18,18.3,18.196,18.22829183251009
2014-11-17,18.34,18.196,18.248602408417348
2014-11-14,18.15,18.173,18.23067469779601
2014-11-13,17.98,18.148999999999997,18.185097480014917
2014-11-12,17.98,18.133000000000003,18.147807029103113
2014-11-11,17.96,18.127,18.11366029653891
2014-11-10,17.78,18.088,18.05299478807729
2014-11-07,17.79,18.051000000000002,18.005177553881417
2014-11-05,17.82,18.023000000000003,17.97150890772116
2014-11-03,17.79,17.988999999999997,17.93850728813549
2014-10-31,17.71,17.93,17.89696050847449
2014-10-30,17.46,17.842000000000002,17.817513143297308
2014-10-29,17.29,17.756,17.721601662697797
2014-10-28,17.22,17.68,17.630401360389108
2014-10-27,17.2,17.601999999999997,17.552146567591087
2014-10-22,17.15,17.521,17.479029009847252
2014-10-21,17.02,17.445,17.395569189875022
2014-10-20,16.89,17.354999999999997,17.303647518988654
2014-10-17,16.72,17.244999999999997,17.197529788263445
2014-10-16,16.72,17.137999999999998,17.110706190397362
2014-10-14,17.11,17.078,17.110577792143296
2014-10-13,17.02,17.034,17.094109102662696
2014-10-10,16.88,16.993,17.055180174905843
2014-10-09,17.12,16.982999999999997,17.066965597650235
2014-10-08,16.8,16.943,17.018426398077466
2014-10-07,16.81,16.909,16.980530689336106
2014-10-01,16.96,16.903,16.97679783672954
2014-09-30,17.06,16.919999999999998,16.991925502778713
2014-09-29,16.96,16.944,16.986120865909854
2014-09-26,16.71,16.943,16.93591707210806
2014-09-25,16.58,16.889999999999997,16.871204877179323
2014-09-24,16.9,16.878,16.87644035405581
2014-09-23,17.13,16.903,16.922542107863844
2014-09-22,17.39,16.93,17.0075344518886
2014-09-19,17.4,16.99,17.07889182427249
2014-09-18,17.24,17.032999999999998,17.108184219859307
2014-09-17,16.93,17.03,17.075787088975794
2014-09-16,16.92,17.016,17.04746216370747
2014-09-15,17.5,17.07,17.12974177030611
2014-09-12,17.43,17.142,17.184334175705
2014-09-11,17.24,17.208000000000002,17.194455234667725
2014-09-10,17.01,17.219,17.160917919273594
2014-09-09,17.0,17.206,17.131660115769304
2014-09-08,16.9,17.157,17.089540094720338
2014-09-05,16.71,17.088,17.020532804771186
2014-09-04,16.56,17.02,16.93679956754006
2014-09-03,16.61,16.988,16.877381464350957
2014-09-02,16.42,16.938,16.794221198105326
2014-09-01,16.36,16.824,16.715271889358903
2014-08-28,16.2,16.701,16.621586091293647
2014-08-27,16.16,16.593,16.537661347422073
2014-08-26,16.01,16.493000000000002,16.44172292061806
2014-08-25,16.02,16.395,16.36504602596023
2014-08-22,16.11,16.316,16.318674021240184
2014-08-21,16.09,16.253999999999998,16.27709692646924
2014-08-20,15.93,16.191000000000003,16.213988394383925
2014-08-19,15.86,16.116,16.1496268681323
2014-08-18,15.61,16.035000000000004,16.051512892108246
2014-08-14,15.36,15.934999999999999,15.925783275361292
2014-08-13,15.17,15.832000000000003,15.788368134386511
2014-08-12,15.26,15.742,15.692301200861689
2014-08-11,15.22,15.663,15.606428255250473
2014-08-08,15.13,15.574000000000002,15.51980493611402
2014-08-07,15.45,15.508,15.507113129547834
2014-08-06,15.51,15.45,15.507638015084591
2014-08-05,15.53,15.41,15.511703830523755
2014-08-04,15.46,15.37,15.50230313406489
2014-08-01,15.32,15.341,15.469157109689455
2014-07-31,15.41,15.346,15.4584012715641
2014-07-30,15.38,15.366999999999999,15.444146494916081
2014-07-28,15.27,15.368,15.41248349584043
2014-07-25,15.34,15.38,15.399304678414897
2014-07-24,15.47,15.414000000000001,15.41215837324855
2014-07-23,15.49,15.417999999999997,15.426311396294267
2014-07-22,15.49,15.416,15.43789114242258
2014-07-21,15.49,15.412,15.44736548016393
2014-07-18,15.53,15.419000000000002,15.462389938315942
2014-07-17,15.64,15.450999999999999,15.494682676803953
2014-07-16,15.46,15.456,15.488376735566868
2014-07-15,15.25,15.443000000000001,15.445035510918347
2014-07-14,15.05,15.420999999999998,15.373210872569555
2014-07-11,15.07,15.394,15.318081623011453
2014-07-10,15.41,15.388,15.334794055191189
2014-07-09,15.28,15.367,15.32483149970188
2014-07-08,15.41,15.359,15.340316681574265
2014-07-07,15.91,15.401,15.44389546674258
2014-07-04,15.84,15.431999999999999,15.515914472789383
2014-07-03,15.72,15.440000000000001,15.553020932282223
2014-07-02,15.66,15.459999999999999,15.572471671867273
2014-07-01,15.49,15.484,15.55747682243686
2014-06-30,15.38,15.517000000000001,15.525208309266521
2014-06-27,15.17,15.526999999999997,15.460624980308971
2014-06-26,15.08,15.494,15.391420438434611
2014-06-25,15.08,15.474,15.334798540537408
2014-06-24,15.04,15.437000000000001,15.281198805894242
2014-06-23,14.83,15.328999999999999,15.199162659368014
2014-06-20,14.84,15.229,15.133860357664737
2014-06-19,14.88,15.145,15.08770392899842
2014-06-18,14.93,15.072,15.059030487362344
2014-06-17,14.96,15.019,15.041024944205555
2014-06-16,14.66,14.947,14.971747681622727
2014-06-13,14.62,14.892000000000001,14.90779355769132
2014-06-12,14.79,14.863,14.886376547201989
2014-06-11,14.67,14.822,14.847035356801626
2014-06-10,14.75,14.793000000000001,14.829392564655874
2014-06-09,14.82,14.792000000000002,14.827684825627534
2014-06-06,14.55,14.763,14.777196675513437
2014-06-05,14.26,14.701000000000002,14.683160916329175
2014-06-04,14.18,14.626,14.591677113360234
2014-06-03,13.94,14.524000000000001,14.473190365476555
2014-06-02,13.9,14.447999999999999,14.368973935389908
2014-05-30,13.61,14.347,14.230978674409924
2014-05-29,13.46,14.214000000000002,14.090800733608118
2014-05-28,13.39,14.086000000000002,13.963382418406642
2014-05-27,13.39,13.95,13.859131069605432
2014-05-26,13.49,13.816999999999998,13.792016329677171
2014-05-23,13.69,13.731,13.773467906099501
2014-05-22,13.53,13.658000000000001,13.729201014081408
2014-05-21,13.32,13.572,13.65480082970297
2014-05-20,13.18,13.496,13.56847340612061
2014-05-19,13.01,13.407,13.466932786825952
2014-05-16,12.36,13.282,13.265672280130325
2014-05-15,12.13,13.149000000000001,13.05918641101572
2014-05-14,12.2,13.030000000000001,12.902970699921951
2014-05-13,12.12,12.903,12.760612390845232
2014-05-12,11.96,12.75,12.615046501600645
2014-05-09,11.87,12.568,12.479583501309618
2014-05-08,11.7,12.385,12.33784104652605
2014-05-07,11.71,12.224,12.223688128975859
2014-05-06,11.67,12.072999999999999,12.123017560071155
2014-05-05,11.61,11.933,12.029741640058218
2014-05-02,11.65,11.862,11.960697705502177
2014-04-30,11.66,11.815,11.906025395410872
2014-04-29,11.74,11.769,11.875838959881621
2014-04-28,11.83,11.74,11.867504603539507
2014-04-25,11.8,11.724,11.855231039259596
2014-04-23,11.82,11.719,11.848825395757853
2014-04-22,11.81,11.73,11.841766232892788
2014-04-21,11.81,11.74,11.835990554185006
2014-04-17,11.74,11.747,11.818537726151368
2014-04-16,11.53,11.739,11.766076321396572
2014-04-15,11.57,11.731,11.73042608114265
2014-04-11,11.62,11.727,11.710348611843985
2014-04-10,11.62,11.715,11.693921591508715
2014-04-09,11.54,11.686,11.665935847598039
2014-04-07,11.33,11.639,11.604856602580213
2014-04-04,11.34,11.591,11.556700856656539
2014-04-03,11.37,11.547,11.522755246355349
2014-04-02,11.37,11.503,11.49498156519983
2014-04-01,11.25,11.453999999999999,11.450439462436222
2014-03-31,11.37,11.437999999999999,11.435814105629635
2014-03-28,11.25,11.405999999999999,11.402029722787882
2014-03-27,11.06,11.35,11.339842500462812
2014-03-26,11.01,11.289,11.2798711367423
2014-03-25,10.96,11.230999999999998,11.221712748243698
2014-03-24,10.92,11.19,11.166855884926662
2014-03-21,10.79,11.135000000000002,11.098336633121813
2014-03-20,10.69,11.067,11.024093608917847
2014-03-19,10.73,11.003,10.970622043660056
2014-03-18,10.63,10.940999999999999,10.908690762994592
2014-03-14,10.53,10.857000000000001,10.839837896995574
2014-03-13,10.56,10.788,10.788958279360015
2014-03-12,10.59,10.741,10.752784046749102
2014-03-11,10.59,10.699,10.723186947340174
2014-03-10,10.57,10.66,10.695334775096505
2014-03-07,10.49,10.617,10.658001179624414
2014-03-06,10.48,10.586,10.625637328783611
2014-03-05,10.38,10.555,10.580975996277498
2014-03-04,10.34,10.516,10.5371621787725
2014-03-03,10.23,10.476,10.48131450990477
2014-02-28,10.2,10.443000000000001,10.430166417194812
2014-02-26,10.17,10.404,10.3828634322503
2014-02-25,10.13,10.358,10.336888262750245
2014-02-24,10.13,10.312000000000001,10.299272214977472
2014-02-21,9.97,10.251999999999999,10.239404539527023
2014-02-20,9.9,10.193000000000001,10.177694623249382
2014-02-19,9.94,10.139,10.13447741902222
2014-02-18,9.92,10.093,10.095481524654542
2014-02-17,9.85,10.044,10.050848520171897
2014-02-14,9.87,10.008,10.017966971049734
2014-02-13,9.91,9.979,9.998336612677056
2014-02-12,9.93,9.955000000000002,9.9859117740085
2014-02-11,9.91,9.933,9.972109633279683
2014-02-10,9.88,9.908,9.955362427228831
2014-02-07,9.88,9.899000000000001,9.94166016773268
2014-02-06,9.88,9.897,9.93044922814492
2014-02-05,9.89,9.892,9.923094823027661
2014-02-04,9.88,9.888,9.915259400658995
2014-02-03,9.86,9.889,9.905212236902813
2014-01-31,9.85,9.887,9.895173648375028
2014-01-30,9.79,9.875,9.876051166852294
2014-01-29,9.84,9.866,9.869496409242785
2014-01-28,9.85,9.86,9.865951607562279
2014-01-27,9.85,9.857000000000001,9.863051315278227
2014-01-24,9.97,9.866,9.882496530682184
2014-01-23,10.04,9.882,9.911133525103605
2014-01-22,10.05,9.898,9.936381975084768
2014-01-21,10.04,9.914,9.955221615978447
2014-01-20,10.03,9.931000000000001,9.968817685800547
2014-01-17,10.01,9.947,9.976305379291356
2014-01-16,10.08,9.976,9.995158946692927
2014-01-15,10.13,10.004999999999999,10.019675501839666
2014-01-14,10.11,10.031,10.036098137868818
2014-01-13,10.16,10.062,10.058625749165396
2014-01-10,10.14,10.078999999999999,10.073421067498959
2014-01-09,10.16,10.091000000000001,10.089162691590056
2014-01-08,10.18,10.104,10.105678565846409
2014-01-07,10.16,10.116,10.11555519023797
2014-01-06,10.16,10.129000000000001,10.123636064740158
2014-01-03,10.16,10.144,10.130247689332856
2014-01-02,10.12,10.148,10.128384473090518
2014-01-01,10.19,10.154,10.13958729616497
2013-12-31,10.16,10.159,10.143298696862248
2013-12-30,10.13,10.156,10.140880751978202
2013-12-27,10.11,10.153,10.135266069800347
2013-12-26,10.1,10.147,10.128854057109374
2013-12-24,10.1,10.139,10.123607864907669
2013-12-23,10.08,10.131,10.115679162197182
2013-12-20,10.06,10.120999999999999,10.10555567816133
2013-12-19,10.0,10.105,10.086363736677452
2013-12-18,9.97,10.09,10.065206693645187
2013-12-17,9.94,10.065,10.042441840255153
2013-12-16,9.95,10.044,10.025634232936033
2013-12-13,9.95,10.026,10.01188255422039
2013-12-12,9.98,10.013,10.006085726180318
2013-12-11,9.98,10.001,10.001342866874806
2013-12-10,9.98,9.989,9.997462345624841
2013-12-09,9.99,9.98,9.996105555511233
2013-12-06,10.0,9.974,9.996813636327373
2013-12-05,10.01,9.975,9.999211156995123
