Date,Close,Volume,SMA_10,EMA_10,nav
02-01-2013,5993.25,145940,60.09,60.03259285,59.55
03-01-2013,6009.5,145940,60.17,60.13983571,59.98
04-01-2013,6016.149902,140466.6667,60.237,60.17535475,60.01
05-01-2013,6024.517456,142914.2857,60.27416667,60.18710417,59.93333333
06-01-2013,6026.00472,140575,60.30785714,60.21336842,59.91428571
07-01-2013,5988.399902,143677.7778,60.31,60.21210025,60
08-01-2013,6001.700195,145240,60.395,60.25923364,60.06
09-01-2013,5971.5,145240,60.443,60.30350779,60
10-01-2013,5968.649902,145240,60.51,60.37095396,59.8
11-01-2013,5951.299805,144918.1818,60.554,60.49783262,59.99
12-01-2013,6020.955957,144191.6667,60.520875,60.42374979,60.21375
13-01-2013,6018.580735,145238.4615,60.569625,60.47041642,60.295
14-01-2013,6024.049805,146121.4286,60.64,60.61068431,60.69
15-01-2013,6056.600098,149220,60.66,60.5930586,60.82
16-01-2013,6001.850098,149220,60.655,60.54262718,60.35
17-01-2013,6039.200195,149220,60.7,60.58543322,60.65
18-01-2013,6064.399902,147518.75,60.699,60.57108505,60.74
19-01-2013,6004.858301,147241.1765,60.6465,60.54322843,60.66375
20-01-2013,6002.538684,146983.3333,60.625625,60.51644586,60.6075
21-01-2013,6082.299805,130900,60.663,60.53354839,60.85
22-01-2013,6048.5,129000,60.609,60.46322581,60.54
23-01-2013,6054.299805,137000,60.546,60.44616488,60.67
24-01-2013,6019.350098,185200,60.473,60.39642375,60.24
25-01-2013,6074.649902,147600,60.407,60.43118458,60.85
26-01-2013,5991.455706,142268.1818,60.37064125,60.36454753,60.70125
27-01-2013,5990.111098,141969.5652,60.26608,60.28972476,60.675
28-01-2013,6074.799805,113100,60.249,60.33811448,60.89
29-01-2013,6049.899902,157600,60.076,60.21547326,60.77
30-01-2013,6055.75,124200,59.94213,60.09224509,60.8
31-01-2013,6034.75,168500,59.82651,59.93496623,60.64
01-02-2013,5998.899902,159300,59.68433,59.77829205,60.38
02-02-2013,5970.981934,143118.5185,59.78114125,59.86315542,60.455
03-02-2013,5965.293037,144264.2857,59.6766175,59.7316344,60.29125
04-02-2013,5987.25,141700,59.56685,59.64457918,60.31
05-02-2013,5956.899902,136200,59.4645,59.49670788,59.91
06-02-2013,5959.200195,157800,59.43981,59.40486519,59.94
07-02-2013,5938.799805,157600,59.41281,59.28594634,59.58
08-02-2013,5903.5,192600,59.34072,59.22060109,59.27
09-02-2013,5936.959717,151503.125,59.37538,59.33210179,59.6556375
10-02-2013,5930.348606,151666.6667,59.31484125,59.26020497,59.5191625
11-02-2013,5897.850098,122000,59.31151,59.20962355,59.16
12-02-2013,5922.5,142800,59.28784,59.220651,59.4313
13-02-2013,5932.950195,142600,59.179,59.17384012,59.6438
14-02-2013,5896.950195,143800,59.08254,59.06940459,59.2182
15-02-2013,5887.399902,125100,58.94693,59.03633894,59.2052
16-02-2013,5915.840278,150025,58.9771675,59.05207686,59.4097625
17-02-2013,5910.359728,149683.3333,58.861455,58.97259116,59.37215
18-02-2013,5898.200195,114300,58.82937,58.99881426,59.2865
19-02-2013,5939.700195,101000,58.6648,58.93488409,59.6631
20-02-2013,5943.049805,135400,58.51535,58.77305834,59.67
21-02-2013,5852.25,159400,58.38581,58.57373797,58.8591
22-02-2013,5850.299805,157000,58.38116,58.51032418,58.9779
23-02-2013,5886.461141,149775,58.52836125,58.5961174,59.05025
24-02-2013,5876.586141,150608.3333,58.492255,58.49519905,58.8722
25-02-2013,5854.75,125100,58.42915,58.40641844,58.9233
26-02-2013,5761.350098,157400,58.47429,58.29155587,58.3429
27-02-2013,5796.899902,175200,58.54696,58.28014607,58.6792
28-02-2013,5693.049805,334900,58.54052,58.19146742,57.8621
01-03-2013,5719.700195,174500,58.66102,58.26466018,58.0296
02-03-2013,5835.166707,151377.7778,58.61944875,58.34397055,58.2526375
03-03-2013,5831.688616,151811.4286,58.64205375,58.36426678,58.2388
04-03-2013,5698.5,144900,58.73429,58.31689577,57.6408
05-03-2013,5784.25,154400,58.8151,58.46713928,58.1686
06-03-2013,5818.600098,156900,58.75426,58.53348134,58.3746
07-03-2013,5863.299805,134700,58.60999,58.5687883,58.8126
08-03-2013,5945.700195,150800,58.40746,58.51460793,59.4578
09-03-2013,5810.141214,149920.5882,58.33874875,58.32722382,58.6891875
10-03-2013,5802.800034,149858.8235,58.1604975,58.24678745,58.867475
11-03-2013,5942.350098,125400,58.10182,58.30500969,59.3747
12-03-2013,5914.100098,115900,57.78738,58.06730073,59.0696
13-03-2013,5851.200195,116700,57.49969,57.84456756,58.6148
14-03-2013,5908.950195,149000,57.30828,57.67340479,59.0671
15-03-2013,5872.600098,152200,57.09684,57.36369475,58.7623
16-03-2013,5760.169146,149314.7059,57.27983375,57.4513172,58.4786875
17-03-2013,5748.963264,150126.4706,57.08581625,57.22301269,58.1552625
18-03-2013,5835.25,102700,56.95785,57.05289358,58.4489
19-03-2013,5745.950195,182300,56.82212,56.74266993,57.5602
20-03-2013,5694.399902,187600,56.66469,56.56099658,56.9319
21-03-2013,5658.75,179200,56.54968,56.4785736,56.7873
22-03-2013,5651.350098,165300,56.43738,56.40996773,56.4014
23-03-2013,5716.008861,149620.5882,56.56649,56.58702772,56.9361
24-03-2013,5713.872099,149538.2353,56.45721,56.5094561,56.68635714
25-03-2013,5633.850098,150400,56.30337,56.41187167,56.2303
26-03-2013,5641.600098,126500,56.23034,56.45222094,56.1927
27-03-2013,5713.909424,142175,56.290995,56.44598815,56.381275
28-03-2013,5682.549805,209700,56.19289,56.50989225,56.7007
29-03-2013,5717.56065,141960.6061,56.122372,56.44022832,56.68976
30-03-2013,5721.754587,141575.7576,56.05619833,56.38929264,56.75673333
31-03-2013,5719.801605,141175,55.94446333,56.30763916,56.716
01-04-2013,5704.399902,97800,56.02546,56.46749053,56.9527
02-04-2013,5748.100098,106400,55.8598,56.35966621,57.3724
03-04-2013,5672.899902,140700,55.72533,56.13461425,57.0916
04-04-2013,5574.75,134600,55.63296,55.92195075,55.9859
05-04-2013,5553.25,137500,55.71991,55.90773981,55.7818
06-04-2013,5721.429733,142587.5,55.90214875,56.11587445,56.17625
07-04-2013,5715.21456,143448.3871,55.96422375,56.10245766,56.0344375
08-04-2013,5542.950195,97000,55.88297,55.93572643,55.6643
09-04-2013,5495.100098,138200,56.05144,55.99604342,55.0613
10-04-2013,5558.700195,128600,56.31932,56.20376418,55.5
11-04-2013,5594,146800,56.52206,56.36015622,55.8182
12-04-2013,5528.549805,127300,56.70097,56.48059093,55.0264
13-04-2013,5731.019374,144551.6129,56.65492375,56.53806059,55.5702375
14-04-2013,5741.450006,142616.129,56.879635,56.75313239,55.719125
15-04-2013,5568.399902,142900,56.9846,56.80374447,55.2961
16-04-2013,5688.950195,142700,57.29537,57.13877658,56.0277
17-04-2013,5688.700195,154600,57.48266,57.38568248,56.1679
18-04-2013,5783.100098,149900,57.68066,57.65630081,56.8554
19-04-2013,5777.606461,136074.1935,57.54599,57.45780212,56.51808333
20-04-2013,5789.269358,135070.9677,57.54599,57.45780212,56.51808333
21-04-2013,5805.564516,135954.8387,57.73311,57.66662852,56.92541667
22-04-2013,5834.399902,135100,57.85338,57.83427877,57.4124
23-04-2013,5836.899902,132200,57.97927,57.92802961,57.349
24-04-2013,5832.723434,134712.5,58.040745,57.98651757,57.507225
25-04-2013,5916.299805,199600,58.10732,58.05670286,57.7401
26-04-2013,5871.450195,141300,58.22301,58.12705905,57.5274
27-04-2013,5854.962121,135330.303,58.14053667,58.10196972,57.58315
28-04-2013,5865.459088,136160.6061,58.25639167,58.21726299,57.74838333
29-04-2013,5904.100098,118900,58.29293,58.26031662,57.6073
30-04-2013,5930.200195,153200,58.38731,58.40543142,57.8627
01-05-2013,5897.1828,138781.25,58.42847,58.3744096,57.86036
02-05-2013,5999.350098,162400,58.54851,58.5260384,58.4038
03-05-2013,5944,145800,58.69059,58.55320249,57.9006
04-05-2013,5920.039373,139357.5758,58.73688429,58.59101783,58.16802857
05-05-2013,5938.49997,138812.1212,58.88233714,58.68501544,58.31405714
06-05-2013,5971.049805,110200,58.91534,58.69822527,58.1479
07-05-2013,6043.549805,136400,59.10081,58.82051977,58.5826
08-05-2013,6069.299805,122300,59.2227,58.87339083,58.6713
09-05-2013,6050.149902,110000,59.3111,58.91829991,58.6295
10-05-2013,6094.75,111400,59.27313,58.98247767,58.897
11-05-2013,5990.593913,140339.3939,59.20583875,58.97250845,58.6475875
12-05-2013,5997.712092,139354.5455,59.24904875,59.0447131,58.857175
13-05-2013,5980.450195,107900,59.21834,59.0014727,58.2266
14-05-2013,5995.399902,119300,59.27653,59.17366664,58.5511
15-05-2013,6146.75,153900,59.32876,59.31201478,59.4747
16-05-2013,6169.899902,158600,59.26102,59.27586251,59.8246
17-05-2013,6187.299805,147300,59.16602,59.15392084,60.1481
18-05-2013,6002.573486,137429.4118,59.06457,58.99933884,59.4480625
19-05-2013,6000.317613,137670.5882,58.96140875,58.89962247,59.4509625
20-05-2013,6156.899902,122300,58.95498,58.93299214,60.0026
21-05-2013,6114.100098,130600,58.75098,58.6953015,59.8015
22-05-2013,6094.5,133800,58.55993,58.44947962,59.5553
23-05-2013,5967.049805,198900,58.39305,58.20374175,58.2498
24-05-2013,5983.549805,161600,58.34475,58.19350659,58.3491
25-05-2013,5985.43139,134631.4286,58.38275375,58.30347772,59.0796875
26-05-2013,5982.347098,133554.2857,58.1926825,58.13098666,58.9386875
27-05-2013,6083.149902,115100,58.24483,58.15893027,58.8085
28-05-2013,6111.25,139700,58.06215,58.01458145,59.0734
29-05-2013,6104.299805,120200,57.75136,57.77928843,58.7973
30-05-2013,6124.049805,194100,57.43441,57.55306364,58.8746
31-05-2013,5985.950195,175300,57.06931,57.2593889,58.0377
01-06-2013,5944.184679,139636.1111,57.34062,57.42663451,58.41645
02-06-2013,5931.549967,140294.4444,57.10788875,57.20667551,58.2862375
03-06-2013,5939.299805,112100,56.88252,57.08643087,57.9626
04-06-2013,5919.450195,114500,56.72842,56.89172662,57.891
05-06-2013,5923.850098,110200,56.55196,56.66966587,57.8865
06-06-2013,5921.399902,114200,56.38298,56.39925829,57.7668
07-06-2013,5881,118300,56.08891,56.09536013,57.3499
08-06-2013,5906.16942,148413.8889,56.1551,56.24796205,57.178975
09-06-2013,5899.933309,149558.3333,55.92887,56.04107028,56.8366
10-06-2013,5878,100100,55.81855,55.81657349,56.9817
11-06-2013,5788.799805,180900,55.50354,55.55765649,55.9655
12-06-2013,5760.200195,140400,55.28392,55.4670246,55.6278
13-06-2013,5699.100098,142000,55.07268,55.43129674,55.2236
14-06-2013,5808.399902,124400,54.96046,55.47745157,56.1698
15-06-2013,5864.226373,147652.7778,55.135875,55.37502089,56.0891375
16-06-2013,5855.965264,147288.8889,54.9859875,55.21632831,55.8196875
17-06-2013,5850.049805,107200,54.86541,55.32359636,56.4216
18-06-2013,5813.600098,117500,54.81324,55.07959555,56.1264
19-06-2013,5822.25,115500,54.7692,54.84697234,56.1967
20-06-2013,5655.899902,198400,54.61945,54.54703286,54.8261
21-06-2013,5667.649902,182400,54.63548,54.48501794,54.6463
22-06-2013,5850.462497,144677.7778,54.756425,54.76072599,54.916675
23-06-2013,5846.630547,146116.6667,54.7749075,54.72607065,54.62665
24-06-2013,5590.25,193500,54.68543,54.44917748,53.8316
25-06-2013,5609.100098,196600,54.77301,54.58641692,53.7693
26-06-2013,5588.700195,160100,54.89018,54.76799845,53.5154
27-06-2013,5682.350098,239000,55.01327,55.04635367,54.1014
28-06-2013,5842.200195,214400,55.15348,55.25634337,55.2193
29-06-2013,5847.276381,145422.2222,55.03591,54.93657812,54.5902625
30-06-2013,5849.249986,146461.1111,55.11450375,55.01353715,54.7346125
01-07-2013,5898.850098,144800,55.23247,55.26457523,55.8999
02-07-2013,5857.549805,145700,55.27723,55.12339195,55.686
03-07-2013,5770.899902,160500,55.26221,54.99836794,54.6992
04-07-2013,5836.950195,151900,55.31418,55.0648497,54.9864
05-07-2013,5867.899902,123600,55.40225,55.08228297,55.1458
06-07-2013,5843.031928,155452.7778,55.3810825,55.11804858,55.1015
07-07-2013,5841.731934,156969.4444,55.42628,55.12172604,55.05195
08-07-2013,5811.549805,127600,55.44917,55.06816807,54.7074
09-07-2013,5859,110400,55.51505,55.14833875,54.941
10-07-2013,5816.700195,117500,55.5961,55.19441403,54.7463
11-07-2013,5935.100098,120200,55.59405,55.29399492,55.5035
12-07-2013,6009,127700,55.46446,55.24743824,56.0092
13-07-2013,5828.277764,166377.7778,55.31926,55.05728671,55.3762
14-07-2013,5820.097209,169919.4444,55.19064375,54.98641709,55.5211625
15-07-2013,6030.799805,116300,55.25844,55.07815785,56.3475
16-07-2013,5955.25,151200,54.97335,54.79608182,55.5358
17-07-2013,5973.299805,191500,54.70346,54.6317,55.2189
18-07-2013,6038.049805,171700,54.42024,54.50121111,55.8671
19-07-2013,6029.200195,163300,54.04028,54.19768024,55.615
20-07-2013,5818.994266,172882.8571,54.1419025,54.21314062,55.553475
21-07-2013,5822.799972,173657.1429,53.7767,53.91528854,55.2859875
22-07-2013,6031.799805,115200,53.6645,53.8827203,55.3662
23-07-2013,6077.799805,126500,53.30426,53.55305814,55.7515
24-07-2013,5990.5,151900,52.77069,53.06451551,54.7258
25-07-2013,5907.5,237100,52.33682,52.69534118,54.2076
26-07-2013,5886.200195,174500,51.98998,52.35928366,53.949
27-07-2013,5797.351433,177900,52.3492975,52.58152815,54.0900375
28-07-2013,5781.027904,181114.7059,52.054115,52.24630386,53.6777
29-07-2013,5831.649902,173400,51.7089,52.00601336,53.4966
30-07-2013,5755.049805,181500,51.53789,51.67477189,52.8369
31-07-2013,5742,235500,51.48134,51.4165212,52.3867
01-08-2013,5727.850098,216800,51.30304,51.20092591,52.0675
02-08-2013,5677.899902,222500,51.06561,51.00835389,51.8572
03-08-2013,5732.69998,196420.5882,51.13264625,51.1736624,51.90145
04-08-2013,5715.817627,203055.8824,50.98278375,51.01193182,51.556775
05-08-2013,5685.399902,197200,50.84471,50.81972142,51.7638
06-08-2013,5542.25,216200,50.59052,50.60992618,50.4158
07-08-2013,5519.100098,245000,50.52916,50.65306533,50.3871
08-08-2013,5565.649902,204900,50.51,50.71216873,50.7392
09-08-2013,5676.723489,218105.8824,50.52927667,50.68519946,51.03843333
10-08-2013,5656.448501,222047.0588,50.44263857,50.63713424,51.21457143
11-08-2013,5641.532327,224576.4706,50.37562667,50.60670304,51.12303333
12-08-2013,5612.399902,195700,50.4611,50.70616179,51.1382
13-08-2013,5699.299805,223000,50.24017,50.61015329,51.7865
14-08-2013,5742.299805,223700,49.92281,50.34874291,52.2714
15-08-2013,5607.421194,231424.2424,49.958476,50.27128528,51.0986
16-08-2013,5507.850098,248100,49.62955,49.92148578,50.6037
17-08-2013,5603.328776,236272.7273,49.84254714,50.13730003,50.6233
18-08-2013,5598.339385,240469.697,49.71034857,50.02930004,50.43244286
19-08-2013,5414.75,219700,49.53875,49.76988263,49.6932
20-08-2013,5401.450195,261100,49.59219,49.78692321,49.6482
21-08-2013,5302.549805,255000,49.51326,49.81775059,49.2219
22-08-2013,5408.450195,284500,49.53571,49.95016183,49.8022
23-08-2013,5471.75,251500,49.60033,49.98304224,50.1955
24-08-2013,5591.557573,243630.303,49.69913875,49.89797076,49.544125
25-08-2013,5595.933342,242784.8485,49.83192875,49.97660315,49.499825
26-08-2013,5476.5,242000,49.68503,49.9358294,50.2502
27-08-2013,5287.450195,306000,49.88792,49.86596927,48.9289
28-08-2013,5285,336000,50.23992,50.07420688,48.6129
29-08-2013,5409.049805,326500,50.60107,50.39894175,49.3388
30-08-2013,5471.799805,336400,50.86952,50.6345288,49.6957
31-08-2013,5628.560621,246109.0909,50.675525,50.52298418,49.419925
01-09-2013,5638.609109,245624.2424,50.98190375,50.76810844,49.4447
02-09-2013,5550.75,214200,51.11036,50.84315742,50.2276
03-09-2013,5341.450195,250300,51.31673,50.97994796,48.8589
04-09-2013,5448.100098,237200,51.69365,51.45129196,49.4464
05-09-2013,5592.950195,274900,52.13606,51.8968235,50.4484
06-09-2013,5680.399902,253000,52.43725,52.21869539,51.0425
07-09-2013,5664.933838,239958.8235,51.98921714,51.77067443,50.67882857
08-09-2013,5663.892445,240472.7273,52.20589,52.01330684,50.96408571
09-09-2013,5668.965184,239748.4848,52.39758,52.24646709,51.41614286
10-09-2013,5896.75,275200,52.6001,52.48007214,52.2791
11-09-2013,5913.149902,265000,52.63037,52.52473262,52.4489
12-09-2013,5850.700195,273000,52.62707,52.54158431,52.2244
13-09-2013,5850.600098,190800,52.65856,52.61206972,52.0233
14-09-2013,5702.797076,233832.3529,52.66064429,52.68614268,52.2856
15-09-2013,5720.620605,231800,52.670865,52.73826716,52.4837125
16-09-2013,5840.549805,219500,52.70978,52.74290743,52.1041
17-09-2013,5850.200195,157900,52.69783,52.88486464,52.2913
18-09-2013,5899.450195,153600,52.7008,53.01676789,52.6281
19-09-2013,6115.549805,287200,52.74241,53.10313853,53.8705
20-09-2013,6012.100098,318600,52.66204,52.93261376,53.4603
21-09-2013,5798.845617,222032.3529,52.7088675,52.90619084,52.752875
22-09-2013,5814.342448,219487.8788,52.74388375,52.94026103,52.807275
23-09-2013,5889.75,188300,52.63658,52.81535015,52.671
24-09-2013,5892.450195,187600,52.69812,52.84742796,52.5818
25-09-2013,5873.850098,200200,52.82338,52.9064564,52.4159
26-09-2013,5882.25,220600,52.98991,53.01546893,52.5393
27-09-2013,5833.200195,163100,53.19628,53.12128425,52.5355
28-09-2013,5903.019738,208175.7576,53.06179,53.07006127,52.43558571
29-09-2013,5928.380342,206296.9697,53.23914571,53.21105583,52.4889
30-09-2013,5735.299805,155700,53.41514,53.25145853,51.9846
01-10-2013,5780.049805,159200,53.67312,53.53298264,52.321
02-10-2013,5975.760971,198003.125,53.652612,53.5357638,52.59042
03-10-2013,5909.700195,199800,53.87807,53.80231212,53.0442
04-10-2013,5907.299805,191500,54.10045,53.97078148,53.0668
05-10-2013,5986.657385,196461.7647,54.10043429,53.96375425,52.9633
06-10-2013,5997.097096,193591.1765,54.31166857,54.18607742,53.26281429
07-10-2013,5906.149902,156400,54.32987,54.17166625,53.2057
08-10-2013,5928.399902,158500,54.55449,54.38632542,53.2864
09-10-2013,6007.450195,192000,54.7519,54.63075329,53.8344
10-10-2013,6020.950195,159600,54.89378,54.80772069,54.0812
11-10-2013,6096.200195,180800,55.00462,54.96916974,54.603
12-10-2013,6039.569735,189275.7576,54.81592857,54.73417991,54.04274286
13-10-2013,6050.628817,189251.5152,54.94983571,54.88783259,54.20914286
14-10-2013,6112.700195,142200,55.03949,55.05054079,54.7241
15-10-2013,6089.049805,218300,55.13735,55.12308319,54.5644
16-10-2013,6061.61409,181400,55.180236,55.16641874,54.706
17-10-2013,6045.850098,230600,55.26722,55.24723501,54.3705
18-10-2013,6189.350098,250300,55.4525,55.44206501,55.268
19-10-2013,6066.022742,179284.8485,55.41594714,55.33867235,55.00005714
20-10-2013,6068.966679,178524.2424,55.53017286,55.41392018,55.07564286
21-10-2013,6204.950195,197000,55.56906,55.48074612,55.361
22-10-2013,6202.799805,161900,55.68101,55.50735637,55.4519
23-10-2013,6178.350098,188300,55.765,55.51968,55.2605
24-10-2013,6164.350098,148900,55.83907,55.57727556,55.2532
25-10-2013,6144.899902,144500,55.87718,55.64929235,55.1896
26-10-2013,6106.243759,176003.125,55.78625375,55.67430724,55.3792125
27-10-2013,6116.957825,175896.875,55.8039275,55.73988385,55.487
28-10-2013,6101.100098,146300,55.8892,55.75144621,54.9517
29-10-2013,6220.899902,197300,55.88632,55.92916759,55.7027
30-10-2013,6251.700195,177600,55.78319,55.97949372,55.8631
31-10-2013,6299.149902,239600,55.71045,56.00535899,56.2233
01-11-2013,6307.200195,191600,55.6916,55.95692765,56.4336
02-11-2013,6126.922748,170633.3333,55.74729143,55.8835009,55.99238571
03-11-2013,6130.822754,169615.1515,55.68725,55.85930428,56.14231429
04-11-2013,6133.380327,169715.1515,55.61427,55.79641316,56.13254286
05-11-2013,6253.149902,181100,55.67005,55.85100047,56.4805
06-11-2013,6215.149902,157100,55.60023,55.71111168,56.2918
07-11-2013,6187.25,168800,55.46891,55.58206983,56.0012
08-11-2013,6140.75,150100,55.37546,55.48892979,55.6343
09-11-2013,6144.469712,170045.4545,55.49753429,55.59915709,55.61598571
10-11-2013,6146.648511,169072.7273,55.51480375,55.62736528,55.55595
11-11-2013,6078.799805,146100,55.41067,55.4566253,55.3098
12-11-2013,6018.049805,153800,55.44175,55.48925315,54.9229
13-11-2013,5989.600098,162500,55.51567,55.6151094,54.6714
14-11-2013,6056.149902,154900,55.63569,55.8248226,55.1357
15-11-2013,6160.8559,165923.5294,55.60829667,55.72151691,55.38211667
16-11-2013,6164.617661,167258.8235,55.65712714,55.74832292,55.43928571
17-11-2013,6167.708841,166855.8824,55.74914714,55.81699786,55.39197143
18-11-2013,6189,164000,55.77382,55.97796096,56.0348
19-11-2013,6203.350098,161500,55.87218,55.96533006,56.2181
20-11-2013,6122.899902,155800,55.95011,55.90915897,55.7823
21-11-2013,5999.049805,137200,56.05481,55.93734985,54.9786
22-11-2013,5995.450195,134800,56.30066,56.15040537,55.0667
23-11-2013,6170.958826,166588.2353,56.28188,56.18563223,55.6687
24-11-2013,6170.848532,167941.1765,56.45838875,56.30050606,55.6483
25-11-2013,6115.350098,127200,56.55639,56.39122878,55.9864
26-11-2013,6059.100098,150700,56.76362,56.48119074,55.6206
27-11-2013,6057.100098,124900,56.98345,56.67243312,55.6621
28-11-2013,6091.850098,195300,57.18589,56.89695159,55.8716
29-11-2013,6176.100098,190700,57.32473,57.1248075,56.517
30-11-2013,6169.845703,169971.4286,57.09323125,56.94047682,56.31285
01-12-2013,6167.39558,169644.1176,57.1889175,57.07994944,56.4941875
02-12-2013,6217.850098,145900,57.33862,57.25987584,57.0184
03-12-2013,6201.850098,156900,57.31023,57.31353714,56.9974
04-12-2013,6160.950195,186200,57.28292,57.38378983,56.8293
05-12-2013,6241.100098,186100,57.32188,57.50700979,57.4371
06-12-2013,6259.899902,158500,57.28549,57.5225453,57.624
07-12-2013,6184.03823,165579.4118,57.28650625,57.39249867,57.4337875
08-12-2013,6189.068182,165936.3636,57.27538875,57.38332337,57.4639875
09-12-2013,6363.899902,198300,57.28078,57.49999982,58.0587
10-12-2013,6332.850098,242400,57.24277,57.37584422,57.8189
11-12-2013,6307.899902,148200,57.22936,57.27738738,57.6865
12-12-2013,6237.049805,148500,57.24968,57.18647347,57.26
13-12-2013,6168.399902,169700,57.32931,57.17013424,56.6559
14-12-2013,6199.720588,163191.1765,57.39177625,57.34488662,57.2697125
15-12-2013,6198.875,162761.7647,57.45219125,57.36159198,57.146525
16-12-2013,6154.700195,146500,57.46481,57.28440851,56.7345
17-12-2013,6139.049805,154200,57.59794,57.4066104,56.7243
18-12-2013,6217.149902,243300,57.73956,57.55823494,57.2189
19-12-2013,6166.649902,437000,57.7641,57.6336427,57.0732
20-12-2013,6274.25,172000,57.80909,57.75818552,57.5769
21-12-2013,6217.158835,162767.6471,57.70689286,57.6092375,57.2416
22-12-2013,6224.858829,162626.4706,57.74903143,57.69093472,57.40662857
23-12-2013,6284.5,131200,57.7975,57.79847119,57.6786
24-12-2013,6268.399902,107600,57.77525,57.82510923,57.6848
25-12-2013,6239.415143,161803.0303,57.769946,57.81738389,57.77726
26-12-2013,6278.899902,182300,57.75978,57.85628906,57.8897
27-12-2013,6313.799805,96900,57.70811,57.84886441,58.0563
28-12-2013,6244.135283,160511.7647,57.70742286,57.79654338,57.93237143
29-12-2013,6248.167638,159941.1765,57.68600571,57.76635937,57.90175714
30-12-2013,6291.100098,101300,57.63786,57.80276762,58.0109
31-12-2013,6304,103400,57.64375,57.75651597,58.0658
01-01-2014,6254.186346,157200,57.62971,57.68778619,58.1405
02-01-2014,6221.149902,158100,57.64758,57.58718312,57.4643
03-01-2014,6211.149902,139000,57.73257,57.61449048,57.5231
04-01-2014,6243.716165,157758.8235,57.73217875,57.68483497,57.706475
05-01-2014,6237.463221,154944.1176,57.786345,57.68002607,57.6267375
06-01-2014,6191.450195,118300,57.77038,57.63479948,57.461
07-01-2014,6162.25,138600,57.84661,57.67342159,57.4561
08-01-2014,6174.600098,146900,57.94897,57.72171527,57.5301
09-01-2014,6168.350098,150100,58.07119,57.76429644,57.373
10-01-2014,6171.450195,159900,58.21727,57.85125121,57.3538
11-01-2014,6216.811753,156711.7647,58.0469425,57.81070305,57.68605
12-01-2014,6213.380874,157076.4706,58.06168875,57.83840372,57.7927
13-01-2014,6272.75,135000,58.28614,57.96179592,58.0698
14-01-2014,6241.850098,110200,58.17347,57.93779501,57.9254
15-01-2014,6320.899902,145900,58.06151,57.94054946,58.3192
16-01-2014,6318.899902,153400,57.88835,57.8564049,58.3142
17-01-2014,6261.649902,167700,57.66686,57.75467265,57.9012
18-01-2014,6192.001479,147297.0588,57.73228375,57.77521214,58.2481375
19-01-2014,6186.577953,148205.8824,57.5380725,57.67011762,58.3436375
20-01-2014,6303.950195,122100,57.50784,57.72211102,58.2233
21-01-2014,6313.799805,141700,57.26989,57.61073569,58.4797
22-01-2014,6338.950195,137500,57.00421,57.41763251,58.7523
23-01-2014,6345.649902,120100,56.73245,57.12103973,58.8338
24-01-2014,6266.75,160300,56.44513,56.74042634,58.0425
25-01-2014,6165.776496,149382.3529,56.67946875,56.95542166,57.8335125
26-01-2014,6161.327967,149141.1765,56.499145,56.76029036,57.5680125
27-01-2014,6135.850098,190400,56.24513,56.45107664,56.9431
28-01-2014,6126.25,184100,56.15019,56.34173811,56.8058
29-01-2014,6120.25,146700,56.08091,56.23861325,56.5876
30-01-2014,6073.700195,208100,56.06525,56.16106064,56.0993
31-01-2014,6089.5,146700,56.04439,56.17478522,56.311
01-02-2014,6156.984319,148322.8571,56.1037675,56.25259889,56.306025
02-02-2014,6159.171456,149554.2857,56.1013475,56.24072642,56.1832125
03-02-2014,6001.799805,134900,56.02722,56.14451527,55.8438
04-02-2014,6000.899902,183300,56.06728,56.21134089,55.8229
05-02-2014,6022.399902,166600,56.14977,56.29766108,56.0347
06-02-2014,6036.299805,185500,56.22577,56.35609688,55.9606
07-02-2014,6063.200195,181900,56.28509,56.44398508,56.0425
08-02-2014,6164.123564,151014.7059,56.30210625,56.42662644,56.030275
09-02-2014,6166.676499,152488.2353,56.4070825,56.51470454,56.0361375
10-02-2014,6053.450195,133100,56.39374,56.53320398,55.9937
11-02-2014,6062.700195,150500,56.55426,56.65309376,56.113
12-02-2014,6084,138500,56.71372,56.77311459,56.431
13-02-2014,6001.100098,153700,56.86703,56.84914006,55.8907
14-02-2014,6048.350098,140200,57.10515,57.06212673,56.1393
15-02-2014,6189.369141,163005.8824,57.0089,57.03937594,56.281825
16-02-2014,6195.342673,163985.2941,57.19756625,57.2077206,56.3518375
17-02-2014,6199.876494,164879.4118,57.28066,57.26719934,56.2444
18-02-2014,6127.100098,126600,57.4815,57.49448808,56.6478
19-02-2014,6152.75,95200,57.67514,57.68264099,56.7947
20-02-2014,6091.450195,132100,57.90307,57.87996121,56.5538
21-02-2014,6155.450195,112600,58.23089,58.1746637,57.129
22-02-2014,6214.193966,166415.1515,58.0902,58.03432018,57.0800375
23-02-2014,6226.248506,166063.6364,58.20584857,58.14390887,57.19941429
24-02-2014,6186.100098,144900,58.51594,58.40703342,57.5989
25-02-2014,6200.049805,146300,58.71461,58.58661862,57.7076
26-02-2014,6238.799805,181700,58.91979,58.78195609,57.9641
27-02-2014,6254.970337,165953.125,58.888048,58.77134913,57.88738
28-02-2014,6276.950195,180600,59.08024,58.96370189,58.2719
01-03-2014,6282.742454,166730.303,59.06055571,58.98396091,58.03912857
02-03-2014,6300.939424,166830.303,59.23282143,59.19392366,58.24985714
03-03-2014,6221.450195,144600,59.20966,59.11743564,57.8944
04-03-2014,6297.950195,166800,59.40284,59.38922134,58.2528
05-03-2014,6328.649902,160300,59.58081,59.64175941,58.5842
06-03-2014,6401.149902,180700,59.7218,59.87677262,59.074
07-03-2014,6526.649902,284900,59.83781,60.05516653,59.832
08-03-2014,6379.350024,173754.5455,59.73199625,59.82148223,59.1202375
09-03-2014,6400.254557,174445.4545,59.8719775,59.97731439,59.3295125
10-03-2014,6537.25,242100,59.9246,60.10475909,59.9795
11-03-2014,6511.899902,239000,60.01583,60.13259445,59.5856
12-03-2014,6516.899902,175000,60.16262,60.25414877,59.7594
13-03-2014,6493.100098,167900,60.32951,60.36409294,59.5686
14-03-2014,6504.200195,177300,60.57233,60.54086915,59.5661
15-03-2014,6460.619703,176084.8485,60.42418857,60.44548365,59.7597
16-03-2014,6480.895463,177393.9394,60.63545,60.59788002,59.76178571
17-03-2014,6500.400006,180300,60.87542571,60.78367875,59.85442857
18-03-2014,6516.649902,179300,60.85529,60.75748452,59.8262
19-03-2014,6524.049805,172500,61.10914,60.96443663,60.0325
20-03-2014,6483.100098,142000,61.40343,61.17153366,59.9941
21-03-2014,6493.200195,189900,61.69566,61.43318558,60.2341
22-03-2014,6549.674988,182006.25,61.63060286,61.44268754,60.3903
23-03-2014,6564.52655,181178.125,61.74253125,61.56166807,60.52005
24-03-2014,6583.5,158400,61.92865,61.69964905,60.6999
25-03-2014,6589.75,168100,62.09488,61.9218155,60.8918
26-03-2014,6601.399902,186600,62.32717,62.15070784,61.0535
27-03-2014,6641.75,312400,62.52603,62.3945318,61.4283
28-03-2014,6695.899902,184800,62.66767,62.60924998,61.9968
29-03-2014,6616.876541,176525,62.4737575,62.40865745,61.7257625
30-03-2014,6633.840591,177031.25,62.58855,62.56041189,62.002825
31-03-2014,6704.200195,220600,62.73074,62.74534997,62.3957
01-04-2014,6721.049805,177800,62.7205,62.82304997,62.3647
02-04-2014,6752.549805,173300,62.79442,62.92490551,62.9754
03-04-2014,6736.100098,197500,62.84699,62.91368452,62.9164
04-04-2014,6694.350098,155100,62.91683,62.91308108,62.564
05-04-2014,6669.304814,167258.0645,62.88604286,62.92014813,62.68472857
06-04-2014,6675.256426,164745.1613,62.95078714,62.97246359,62.77707143
07-04-2014,6695.049805,133900,63.03898,62.99065465,62.3622
08-04-2014,6687.258301,162616.6667,63.055665,63.03104717,62.82401667
09-04-2014,6796.200195,169800,63.15384,63.13031124,63.2147
10-04-2014,6796.399902,191100,63.18395,63.11155818,63.0421
11-04-2014,6776.299805,140700,63.1934,63.12699333,62.8447
12-04-2014,6694.458024,157887.0968,63.16529,63.14398445,62.73075
13-04-2014,6698.841891,155783.871,63.20387333,63.23581433,62.85436667
14-04-2014,6703.222546,153496.7742,63.20387333,63.23581433,62.85436667
15-04-2014,6733.100098,123200,63.19781,63.18972518,62.6275
16-04-2014,6675.299805,119800,63.22376,63.31466411,62.2933
17-04-2014,6779.399902,131500,63.27048,63.54163392,63.1039
18-04-2014,6732.14995,153245.1613,63.22005,63.4708927,63.02812
19-04-2014,6749.093498,155625.8065,63.19621167,63.50602639,63.15435
20-04-2014,6765.835433,155919.3548,63.19621167,63.50602639,63.15435
21-04-2014,6817.649902,111800,63.24743,63.63890812,63.5011
22-04-2014,6815.350098,114700,63.16077,63.66953215,63.6148
23-04-2014,6840.799805,183000,63.07702,63.68169485,63.7855
24-04-2014,6804.266618,157656.6667,63.17507,63.66804793,63.5856
25-04-2014,6782.75,154300,63.11513,63.65862703,63.5108
26-04-2014,6837.51123,163890.3226,63.31025,63.70475072,63.42191429
27-04-2014,6854.667685,164706.4516,63.32072,63.71572448,63.40871667
28-04-2014,6761.25,118200,63.275,63.69147749,63.5158
29-04-2014,6715.25,115500,63.51144,63.73051693,63.1366
30-04-2014,6696.399902,161100,63.78496,63.86249847,62.8888
01-05-2014,6898.506608,169350,63.817406,63.9414212,63.03774
02-05-2014,6694.799805,114300,64.07603,64.0788759,62.887
03-05-2014,6933.458008,173819.3548,64.19028286,64.21473823,62.95665714
04-05-2014,6945.839005,173875,64.56401429,64.4943118,62.85115714
05-05-2014,6699.350098,105000,64.4396,64.34373722,62.7605
06-05-2014,6715.299805,88300,64.88062,64.69556771,62.8734
07-05-2014,6652.549805,114100,65.36433,65.10049387,62.6345
08-05-2014,6659.850098,101600,65.89112,65.6484925,62.7773
09-05-2014,6858.799805,166400,66.45309,66.28653528,64.1666
10-05-2014,7004.299953,182433.3333,66.1226775,65.91957498,64.009225
11-05-2014,7024.577222,184900,66.56763875,66.3440972,64.3891
12-05-2014,7014.25,157700,66.96381,66.75763201,65.1095
13-05-2014,7108.75,232200,67.34361,67.12388357,65.8802
14-05-2014,7108.75,177200,67.64524,67.4002577,65.8718
15-05-2014,7123.149902,186800,67.99929,67.73991496,65.7995
16-05-2014,7203,393200,68.29169,68.17111829,66.5227
17-05-2014,7114.91761,195832.3529,68.04846125,67.957975,66.4959125
18-05-2014,7138.785257,197935.2941,68.32180125,68.28287778,66.90685
19-05-2014,7263.549805,316200,68.4745,68.53743346,67.1707
20-05-2014,7275.5,255300,68.72417,68.84115201,67.7105
21-05-2014,7252.899902,203100,68.94538,69.09240802,67.9024
22-05-2014,7276.399902,240900,69.15053,69.35685424,68.397
23-05-2014,7367.100098,259600,69.36425,69.57015518,69.2738
24-05-2014,7219.747112,197440,69.32151375,69.35376669,68.4588375
25-05-2014,7243.831403,198857.1429,69.58519375,69.55263984,68.6529375
26-05-2014,7359.049805,273200,69.61555,69.63601189,68.9075
27-05-2014,7318,168600,69.97224,69.79790342,68.8965
28-05-2014,7329.649902,175600,70.32549,69.99821529,69.4123
29-05-2014,7235.649902,241100,70.58394,70.12841869,68.7235
30-05-2014,7229.950195,312200,70.97389,70.44062285,68.3508
31-05-2014,7321.368056,197694.4444,70.7380425,70.44321844,69.2293125
01-06-2014,7345.088894,198436.1111,71.0211475,70.71297531,69.43265
02-06-2014,7362.5,169900,71.28757,70.90502792,69.6674
03-06-2014,7415.850098,234700,71.45011,71.18005635,69.9226
04-06-2014,7402.25,204600,71.69555,71.45949109,69.9539
05-06-2014,7474.100098,250700,71.88039,71.79406689,70.5342
06-06-2014,7583.399902,248400,71.98366,72.07403731,71.7868
07-06-2014,7430.161133,199833.3333,71.72877625,71.69942479,71.0956375
08-06-2014,7447.283352,197169.4444,71.7839925,71.83359974,71.4650875
09-06-2014,7654.600098,231900,71.93817,72.13786783,72.4744
10-06-2014,7656.399902,188700,71.82434,72.0630829,72.429
11-06-2014,7626.850098,186200,71.77042,71.98176799,71.9968
12-06-2014,7649.899902,148200,71.7293,71.97842755,72.623
13-06-2014,7542.100098,174500,71.60937,71.83518922,71.4876
14-06-2014,7507.791694,184058.3333,71.7739325,71.99204782,72.0603625
15-06-2014,7516.388916,181641.6667,71.796775,71.97686678,71.946925
16-06-2014,7533.549805,155400,71.64291,71.91243127,71.2928
17-06-2014,7631.700195,158000,71.79029,72.05012711,72.377
18-06-2014,7558.200195,165100,71.88666,71.97748869,71.8023
19-06-2014,7540.700195,148900,72.12091,72.01641951,71.5669
20-06-2014,7511.450195,124100,72.38419,72.11631273,71.3319
21-06-2014,7537.297255,174044.4444,72.346875,72.18813789,71.6478
22-06-2014,7545.808363,174027.7778,72.55111625,72.30821298,71.6641625
23-06-2014,7493.350098,127400,72.71098,72.29062667,71.3361
24-06-2014,7580.200195,137000,73.05716,72.50274371,71.8898
25-06-2014,7569.25,115000,73.1819,72.63895343,71.5856
26-06-2014,7493.200195,171700,73.27684,72.87303197,71.4237
27-06-2014,7508.799805,126700,73.38427,73.19510574,71.823
28-06-2014,7590.215318,162997.2222,73.1685775,73.04976271,72.2887875
29-06-2014,7600.768094,159869.4444,73.2195275,73.21886832,72.6467375
30-06-2014,7611.350098,152300,73.35711,73.50001812,72.7666
01-07-2014,7634.700195,139400,73.22588,73.66299993,73.3407
02-07-2014,7725.149902,136300,73.15448,73.73462213,74.1448
03-07-2014,7714.799805,133800,73.11858,73.6434715,74.1997
04-07-2014,7751.600098,113100,73.0979,73.51986516,74.5998
05-07-2014,7625.23005,148791.4286,73.142845,73.39783533,73.6902125
06-07-2014,7629.087193,148488.5714,73.14250625,73.33286263,73.6566375
07-07-2014,7787.149902,173900,73.05009,73.27987964,74.7979
08-07-2014,7623.200195,180600,72.99379,72.94254178,73.1372
09-07-2014,7585,168300,73.14493,72.8992844,72.535
10-07-2014,7567.75,258400,73.3544,72.98023649,72.498
11-07-2014,7459.600098,187600,73.58659,73.08740016,71.5514
12-07-2014,7640.564328,148228.5714,73.53178875,73.32860021,72.7982875
13-07-2014,7641.717174,147040,73.67579,73.44644747,72.6976625
14-07-2014,7454.149902,135200,73.84009,73.42873353,71.4543
15-07-2014,7526.649902,122100,74.07241,73.86749653,72.6267
16-07-2014,7624.399902,168000,74.21201,74.1432291,73.7858
17-07-2014,7640.450195,141600,74.2021,74.22265778,73.9929
18-07-2014,7663.899902,134600,74.10199,74.27371507,74.1217
19-07-2014,7655.062863,144105.7143,74.0544175,74.10229622,73.686825
20-07-2014,7659.615709,144594.2857,74.05505875,74.19462315,74.107525
21-07-2014,7684.200195,105400,74.05569,74.3074962,74.2349
22-07-2014,7767.850098,120100,74.02287,74.32362869,74.6486
23-07-2014,7795.75,122100,73.92818,74.25141284,74.6297
24-07-2014,7830.600098,117600,73.84522,74.16734902,74.8199
25-07-2014,7790.450195,153900,73.68635,74.0223377,74.0864
26-07-2014,7690.217644,143814.7059,73.84177857,74.16281036,74.3171
27-07-2014,7697.294103,143164.7059,73.79499857,74.12852377,74.23878571
28-07-2014,7748.700195,116500,73.65213,74.00810163,73.7775
29-07-2014,7708.010297,141670.5882,73.745865,74.07945583,73.8975
30-07-2014,7791.399902,178100,73.70201,74.05934643,74.0227
31-07-2014,7721.299805,208900,73.72823,74.06749009,73.6867
01-08-2014,7602.600098,181100,73.86125,74.1521101,72.9918
02-08-2014,7716.019115,140914.7059,74.04236714,74.28567778,73.67797143
03-08-2014,7725.220574,139132.3529,74.24790571,74.42072364,73.6812
04-08-2014,7683.649902,137000,74.16454,74.40995679,73.6587
05-08-2014,7746.549805,128200,74.45247,74.57690275,73.9067
06-08-2014,7672.049805,116400,74.73594,74.72583669,73.7017
07-08-2014,7649.25,116800,75.0909,74.95342262,73.8001
08-08-2014,7568.549805,118400,75.48786,75.20971654,73.2312
09-08-2014,7777.457564,134693.9394,75.35722875,75.25874494,73.825475
10-08-2014,7795.274237,135560.6061,75.7192475,75.57724937,73.99525
11-08-2014,7625.950195,107000,75.93183,75.64938688,73.7442
12-08-2014,7727.049805,120600,76.31016,76.07276175,74.2763
13-08-2014,7739.549805,154100,76.68413,76.47197547,74.2849
14-08-2014,7791.700195,127300,77.06069,76.95799224,75.0169
15-08-2014,7838.545455,133857.5758,76.86199667,76.70567719,74.98083333
16-08-2014,7852.75,133836.3636,77.03329143,76.88332027,75.23234286
17-08-2014,7862.636364,133442.4242,77.37812143,77.25020413,75.73335714
18-08-2014,7874.25,126700,77.43424,77.38934607,76.0247
19-08-2014,7897.5,140600,77.75093,77.69260075,76.538
20-08-2014,7875.299805,117300,78.06106,77.9491787,76.7414
21-08-2014,7891.100098,115200,78.34564,78.21757396,77.2513
22-08-2014,7913.200195,104100,78.60376,78.43230151,77.7697
23-08-2014,7892.957564,131884.8485,78.456215,78.26276777,77.1924375
24-08-2014,7895.385283,131644.1176,78.736505,78.50061894,77.4456625
25-08-2014,7906.299805,118500,78.87494,78.57954629,77.6709
26-08-2014,7904.75,142800,79.16021,78.78146769,77.5275
27-08-2014,7936.049805,120000,79.41894,79.06012718,78.016
28-08-2014,7954.350098,189700,79.67656,79.29215544,78.0505
29-08-2014,7932.655877,126220.5882,79.53733333,79.17178605,78.20148333
30-08-2014,7942.476462,126332.3529,79.61176857,79.27199994,78.40688571
31-08-2014,7950.001465,127920.5882,79.76460714,79.46424754,78.68064286
01-09-2014,8027.700195,139300,79.96037,79.56807887,78.7524
02-09-2014,8083.049805,134900,80.13298,79.74934084,79.1916
03-09-2014,8114.600098,150700,80.05838,79.87328325,79.6393
04-09-2014,8095.950195,141300,79.94481,79.92527953,79.5872
05-09-2014,8086.850098,126000,79.99066,80.00040831,79.8325
06-09-2014,7987.901468,132611.7647,79.99568625,79.86280394,79.7653625
07-09-2014,7994.327938,132388.2353,79.96681,79.8844576,79.9953375
08-09-2014,8173.899902,120700,80.00367,80.03772127,80.4815
09-09-2014,8152.950195,104700,80.00463,79.93910377,80.5236
10-09-2014,8094.100098,107100,79.86999,79.80921572,80.1148
11-09-2014,8085.700195,122800,79.72936,79.7413081,80.5922
12-09-2014,8105.5,111400,79.42665,79.55222101,80.8886
13-09-2014,8007.939056,132540.625,79.52744625,79.55264503,80.00355
14-09-2014,8006.226563,132393.75,79.40727625,79.45244392,79.949075
15-09-2014,8042,96500,79.17067,79.2552479,80.4785
16-09-2014,7932.899902,128000,78.98813,78.9834141,78.4456
17-09-2014,7975.5,123700,79.02647,79.10292835,78.5036
18-09-2014,8114.75,116900,79.04231,79.23611243,80.0457
19-09-2014,8121.450195,161300,78.83599,79.05620408,79.9626
20-09-2014,8005.690628,137265.625,78.79673125,78.91481862,79.4766
21-09-2014,8008.946777,137087.0968,78.6756875,78.78997832,79.112425
22-09-2014,8146.299805,105500,78.61445,78.85478276,80.4911
23-09-2014,8017.549805,140800,78.42331,78.49115671,79.1772
24-09-2014,8002.399902,182200,78.27252,78.33870264,78.7085
25-09-2014,7911.850098,231900,78.20232,78.25652545,77.5651
26-09-2014,7968.850098,147800,78.21941,78.41017555,78.3288
27-09-2014,7990.446884,141606.25,78.1693425,78.42950425,78.80185
28-09-2014,7987.72345,142112.5,78.10575571,78.36875018,78.56052857
29-09-2014,7958.899902,97300,78.03473,78.42825901,78.6531
30-09-2014,7964.799805,141100,77.85371,78.37829434,78.829
01-10-2014,7945.549805,113000,77.73429,78.27813753,78.662
02-10-2014,7976.198276,142400,77.87424333,78.36156363,78.7147
03-10-2014,7976.715007,142080,77.8237175,78.31938141,78.53165
04-10-2014,7971.838346,142193.3333,77.811572,78.30342029,78.37476
05-10-2014,7969.755013,143646.6667,77.784472,78.28756702,78.36008
06-10-2014,7972.25835,146933.3333,77.808454,78.27145303,78.12814
07-10-2014,7852.399902,148200,77.67214,78.19283476,77.9825
08-10-2014,7842.700195,135900,77.76299,78.23957582,77.7472
09-10-2014,7960.549805,123800,77.89923,78.34899267,78.5797
10-10-2014,7859.950195,142900,77.97362,78.29772437,77.6693
11-10-2014,7985.548306,151537.931,77.99253167,78.34160432,77.95353333
12-10-2014,7999.527613,152696.5517,78.1159,78.39426981,77.74331429
13-10-2014,7884.25,118800,78.19533,78.43737423,78.0065
14-10-2014,7864,225500,78.45188,78.53312406,77.736
15-10-2014,8004.133355,154803.7037,78.573436,78.63678353,77.34734
16-10-2014,7748.200195,213500,78.85611,78.71026274,76.482
17-10-2014,7779.700195,177600,79.39024,79.20543224,76.8429
18-10-2014,8024.007185,154532.1429,79.45339286,79.35541961,77.66195714
19-10-2014,8037.069685,153975,79.66307,79.50842717,77.60453333
20-10-2014,7879.399902,176200,79.92842,79.73043941,77.6348
21-10-2014,7927.75,163400,80.44126,80.19613705,78.0405
22-10-2014,7995.899902,151100,80.91051,80.67516751,78.891
23-10-2014,8070.466706,149022.2222,80.6538,80.41834828,78.418975
24-10-2014,8083.333967,147767.8571,80.876516,80.63621065,78.5999
25-10-2014,8100.012556,149103.5714,81.09284,80.86234334,78.81431667
26-10-2014,8114.92327,148542.8571,81.53279667,81.31746038,79.30385
27-10-2014,7991.700195,132800,81.33501,81.07164917,79.1096
28-10-2014,8027.600098,124100,81.76738,81.5076601,79.3236
29-10-2014,8090.450195,148300,82.17446,81.99300679,79.8864
30-10-2014,8169.200195,205700,82.56816,82.46114163,80.572
31-10-2014,8322.200195,176200,82.95921,82.88095089,81.7783
01-11-2014,8165.961347,152212.9032,82.50954286,82.35083755,80.67398571
02-11-2014,8186.069415,152332.2581,82.70529833,82.56403561,80.93471667
03-11-2014,8324.150391,141100,83.25163,83.12598442,81.8233
04-11-2014,8227.333937,156583.871,83.2101,83.11272643,81.8323
05-11-2014,8338.299805,161600,83.51095,83.41546984,82.2247
06-11-2014,8239.580062,157040,83.634795,83.52634432,82.38605
07-11-2014,8337,153400,83.76055,83.68008536,82.7632
08-11-2014,8270.443627,157477.4194,83.89111833,83.76792561,82.68558333
09-11-2014,8292.174285,155145.1613,84.11691167,84.00844612,82.94743333
10-11-2014,8344.25,130700,84.01605,83.88383766,82.733
11-11-2014,8362.650391,122000,84.32676,84.13957937,83.136
12-11-2014,8383.299805,125200,84.48077,84.36259701,83.4333
13-11-2014,8357.849609,127400,84.60639,84.56910745,83.3944
14-11-2014,8389.900391,146800,84.74682,84.83015355,83.8234
15-11-2014,8360.367279,151221.875,84.70675875,84.66339371,83.7652
16-11-2014,8373.739166,150387.5,84.912115,84.86299231,84.0136625
17-11-2014,8430.75,113900,84.97301,85.05387656,84.4825
18-11-2014,8425.900391,134700,85.16134,85.18084913,84.7025
19-11-2014,8382.299805,125400,85.34293,85.28714894,84.4165
20-11-2014,8401.900391,122800,85.6589,85.48062648,84.7207
21-11-2014,8477.349609,137000,85.98799,85.64949903,85.3182
22-11-2014,8375.772145,151026.4706,85.77288125,85.4995334,84.8557625
23-11-2014,8375.836842,153735.2941,85.9852725,85.6425936,84.8952875
24-11-2014,8530.150391,140700,86.22481,85.72312104,85.8401
25-11-2014,8463.099609,271900,86.34921,85.69712572,84.6761
26-11-2014,8475.75,151900,86.48486,85.92402032,84.6895
27-11-2014,8494.200195,194300,86.67214,86.19835817,84.7987
28-11-2014,8588.25,197200,86.80478,86.50939332,86.0853
29-11-2014,8377.880931,151882.3529,86.52072625,86.24991485,85.8187625
30-11-2014,8372.058622,153882.8571,86.47257375,86.34572648,86.0902
01-12-2014,8555.900391,152000,86.73696,86.60363628,86.3658
02-12-2014,8524.700195,137400,86.59453,86.65648878,86.5184
03-12-2014,8537.650391,153200,86.29852,86.68717518,87.5762
04-12-2014,8564.400391,143500,85.83959,86.4896141,88.0116
05-12-2014,8538.299805,143300,85.51193,86.15139502,87.6864
06-12-2014,8362.792913,147871.4286,85.80063125,86.16758855,86.979675
07-12-2014,8360.508622,146800,85.5675625,85.98712489,86.9495875
08-12-2014,8438.25,163800,85.25819,85.8102828,87.0841
09-12-2014,8340.700195,146300,85.12137,85.52721231,86.0326
10-12-2014,8355.650391,136700,85.04396,85.41490393,86.5623
11-12-2014,8292.900391,133900,84.87241,85.15992703,86.1251
12-12-2014,8224.099609,138100,84.76318,84.94544415,85.4071
13-12-2014,8351.68243,147576.4706,84.98552,85.2028843,85.3372375
14-12-2014,8342.158892,148441.1765,85.0171975,85.17302804,85.0436
15-12-2014,8219.599609,137100,84.7922,84.84285396,84.9415
16-12-2014,8067.600098,197300,84.8833,84.82093261,83.5583
17-12-2014,8029.799805,216200,85.14955,85.10151764,82.9869
18-12-2014,8159.299805,162100,85.51161,85.57143267,84.735
19-12-2014,8225.200195,174800,85.77413,85.7573066,85.149
20-12-2014,8323.035357,148402.9412,85.50316375,85.4999487,84.6489875
21-12-2014,8317.57801,144702.9412,85.60473,85.59381938,84.6072
22-12-2014,8324,139200,85.99715,85.89248584,85.7159
23-12-2014,8267,132200,85.9538,85.93172714,85.2585
24-12-2014,8174.100098,221900,85.96357,86.08133317,84.8468
25-12-2014,8310.527344,144987.8788,86.085362,86.18217318,85.31026
26-12-2014,8200.700195,75500,86.14149,86.35567388,85.0328
27-12-2014,8321.700052,144608.8235,86.25475857,86.40822791,85.5178
28-12-2014,8327.723575,146035.2941,86.3866,86.60610078,85.64517143
29-12-2014,8246.299805,82100,86.3708,86.64964585,85.6973
30-12-2014,8248.25,77700,86.58223,86.86127826,85.8525
31-12-2014,8282.700195,84500,86.77427,87.08545121,86.2208
01-01-2015,8336.340939,148239.3939,86.92004,87.27759592,86.6075
02-01-2015,8395.450195,101900,87.17931,87.42650613,87.3602
03-01-2015,8350.651545,149093.9394,87.1270675,87.26682246,86.2195125
04-01-2015,8368.033351,150269.697,87.42102125,87.49955801,86.3356
05-01-2015,8378.400391,118200,87.3839,87.44124082,87.3792
06-01-2015,8127.350098,172800,87.63133,87.45502767,85.2824
07-01-2015,8102.100098,164100,88.17466,87.93783382,85.3562
08-01-2015,8234.599609,143800,88.72243,88.51153022,86.626
09-01-2015,8284.5,148000,89.16488,88.93053694,87.3259
10-01-2015,8435.395478,162287.8788,88.9087225,88.65033569,86.9040875
11-01-2015,8455.277299,162227.2727,89.37584625,89.03839084,87.1317125
12-01-2015,8323,103200,89.57067,89.28712293,87.8116
13-01-2015,8299.400391,129600,90.06114,89.61501691,87.7729
14-01-2015,8277.549805,146100,90.56077,90.02437622,87.6785
15-01-2015,8494.150391,232100,91.12089,90.54568205,89.2002
16-01-2015,8513.799805,176000,91.4394,90.84467806,89.4061
17-01-2015,8507.590924,162093.9394,91.05812,90.56962555,89.15905
18-01-2015,8518.512148,162984.8485,91.3622575,90.88308678,89.5639125
19-01-2015,8550.700195,125400,91.7604,91.16436207,89.8535
20-01-2015,8695.599609,158700,91.95855,91.45566476,90.7157
21-01-2015,8729.5,185900,91.99314,91.62010137,90.8339
22-01-2015,8761.400391,175500,92.00377,91.79481279,91.0505
23-01-2015,8835.599609,191200,91.86565,91.96021563,91.3838
24-01-2015,8570.187885,167154.5455,91.76891714,91.7188884,91.33184286
25-01-2015,8589.001509,169272.7273,91.65423143,91.80489852,91.8213
26-01-2015,8607.565134,173175.7576,91.48279286,91.80125375,92.05981429
27-01-2015,8910.5,192000,91.58449,92.08830799,92.7163
28-01-2015,8914.299805,185100,91.21642,91.94875421,92.7692
29-01-2015,8952.349609,256300,90.9576,91.76643292,93.2797
30-01-2015,8808.900391,267300,90.75848,91.43015135,92.3853
31-01-2015,8636.072007,175932.3529,90.94967571,91.43710421,92.38045714
01-02-2015,8654.892592,174826.4706,90.9477,91.33507495,92.200425
02-02-2015,8797.400391,210100,90.73146,91.2178961,92.6161
03-02-2015,8756.549805,208700,90.6609,90.90718412,91.835
04-02-2015,8723.700195,195300,90.73838,90.70100281,91.0616
05-02-2015,8711.700195,173600,90.93387,90.6208701,90.9402
06-02-2015,8661.049805,171300,91.09336,90.5499079,89.6693
07-02-2015,8729.517578,183761.7647,91.10056875,90.96086744,90.488875
08-02-2015,8747.84846,187255.8824,91.23811125,91.06575465,90.322925
09-02-2015,8526.349609,146800,91.27341,90.74559854,88.5722
10-02-2015,8565.549805,196200,91.57104,91.228576,89.0356
11-02-2015,8627.400391,161600,91.80213,91.715904,90.181
12-02-2015,8711.549805,158800,91.8318,92.05699377,91.2885
13-02-2015,8805.5,221900,91.89216,92.22777017,92.1151
14-02-2015,8787.793857,186863.6364,91.81426429,91.79378956,90.8161
15-02-2015,8787.925692,187290.9091,91.97067143,92.0110539,91.451
16-02-2015,8809.349609,136400,92.05024,92.25280798,91.9105
17-02-2015,8785.890832,187039.3939,92.14771,92.20544471,92.24591667
18-02-2015,8869.099609,147600,92.27907,92.32887642,92.6098
19-02-2015,8895.299805,213300,92.36826,92.26644896,93.0165
20-02-2015,8833.599609,197600,92.46473,92.09977096,92.5351
21-02-2015,8778.095531,185923.5294,92.40846,92.18876126,92.06238571
22-02-2015,8771.48966,184876.4706,92.52055429,92.21684471,91.8577
23-02-2015,8754.950195,139600,92.46706,92.00303117,91.4698
24-02-2015,8762.099609,149800,92.56733,92.12152698,91.5485
25-02-2015,8767.25,135200,92.66253,92.24886631,91.3465
26-02-2015,8683.849609,217500,92.8349,92.44939216,90.4777
27-02-2015,8844.599609,249500,92.97857,92.88754597,91.8921
28-02-2015,8736.973518,176838.2353,92.7552225,92.56305646,92.266375
01-03-2015,8730.333812,175435.2941,92.7663475,92.62898567,92.5803
02-03-2015,8956.75,218100,92.97856,93.10875619,93.6959
03-03-2015,8996.25,177800,92.85719,92.97827979,94.1988
04-03-2015,8922.650391,248400,92.69564,92.70705307,93.5017
05-03-2015,8937.75,160100,92.55606,92.53046487,93.9812
06-03-2015,8703.257353,177423.5294,92.58864333,92.61047724,93.40141667
07-03-2015,8702.217659,178023.5294,92.49940571,92.53100482,93.27271429
08-03-2015,8702.826488,175944.1176,92.32211,92.36618049,93.18332857
09-03-2015,8756.75,155500,92.31013,92.20807928,92.5584
10-03-2015,8712.049805,163800,92.13428,92.13023023,92.4725
11-03-2015,8699.950195,172800,91.96398,92.05417028,92.5005
12-03-2015,8776,173900,91.73749,91.9549859,93.0702
13-03-2015,8647.75,179200,91.33407,91.70716055,91.9144
14-03-2015,8695.703156,174968.75,91.53972375,91.84268277,92.4341875
15-03-2015,8696.269738,174157.5758,91.3463225,91.71123727,92.377625
16-03-2015,8633.150391,163300,91.05942,91.66110733,91.892
17-03-2015,8723.299805,177000,90.95663,91.60979785,92.4822
18-03-2015,8685.900391,156400,90.82179,91.41593071,92.5833
19-03-2015,8634.650391,163500,90.76292,91.15651531,92.1059
20-03-2015,8570.900391,174600,90.82431,90.94554094,91.5219
21-03-2015,8688.018799,170700,91.02295125,91.15757572,91.5487875
22-03-2015,8685.629095,171374.1935,91.13098,91.07063977,91.1917875
23-03-2015,8550.900391,150700,90.96034,90.81746114,90.7999
24-03-2015,8542.950195,156700,91.24284,90.82136362,90.7695
25-03-2015,8530.799805,161000,91.55536,90.83288887,90.2356
26-03-2015,8342.150391,280100,91.92365,90.96561973,89.036
27-03-2015,8341.400391,193000,92.44658,91.39442411,89.1679
28-03-2015,8649.696856,172332.2581,92.15022,91.39668416,90.500175
29-03-2015,8631.421056,172138.7097,92.32020286,91.47943031,90.45735714
30-03-2015,8492.299805,134700,92.87875,91.88920725,90.8641
31-03-2015,8491,167200,93.08481,92.11700886,91.1338
01-04-2015,8586.25,125500,93.10943,92.33549972,91.9946
02-04-2015,8594.103295,169593.5484,92.99169,92.18824276,91.678075
03-04-2015,8582.218811,169653.125,92.89613,92.21913215,91.9189
04-04-2015,8567.495361,170250,92.76656333,92.21974321,92.20323333
05-04-2015,8552.735992,170143.75,92.55953333,92.22341208,92.70833333
06-04-2015,8659.900391,146900,92.89377,92.41125521,92.7198
07-04-2015,8660.299805,148700,92.51389,92.34268971,92.8822
08-04-2015,8714.400391,148200,92.11873,92.22279853,93.6249
09-04-2015,8778.299805,152700,91.63657,91.91122043,93.8947
10-04-2015,8780.349609,139000,91.00298,91.47044719,93.9185
11-04-2015,8508.675844,171300,91.40550429,91.63847315,93.54214286
12-04-2015,8488.472625,172351.6129,90.82103286,91.21543544,93.57141429
13-04-2015,8834,121600,90.20441,90.92643545,94.2653
14-04-2015,8453.900013,173151.6129,89.87914333,90.43673226,93.31213333
15-04-2015,8450,173103.3333,89.46818,90.18446555,93.4896
16-04-2015,8706.700195,142900,88.80247,89.44999123,92.9247
17-04-2015,8606,150400,88.16025,88.67783372,91.38
18-04-2015,8432.299994,174445.1613,88.44785286,88.91626429,91.39274286
19-04-2015,8422.380639,174867.7419,87.94679286,88.36593572,90.61245714
20-04-2015,8448.099609,148900,87.77407,88.07735233,89.838
21-04-2015,8377.75,407800,87.54963,87.68609729,88.921
22-04-2015,8429.700195,171800,87.17596,87.41167447,88.9306
23-04-2015,8398.299805,156000,86.69699,87.07413546,88.8033
24-04-2015,8305.25,173600,86.37053,86.68987667,87.5588
25-04-2015,8406.870968,167925.8065,86.784625,87.07721543,87.965
26-04-2015,8404.685484,166519.3548,86.5793275,86.87992996,87.5480625
27-04-2015,8213.799805,171500,86.30212,86.4967826,85.9328
28-04-2015,8285.599609,174600,86.23988,86.62211206,86.903
29-04-2015,8239.75,160400,86.16782,86.55969252,86.8325
30-04-2015,8181.5,267700,86.13169,86.49906864,86.5025
01-05-2015,8400.278794,166333.3333,86.20703,86.49127083,86.88043333
02-05-2015,8390.565134,165421.2121,86.20987571,86.41793203,86.63812857
03-05-2015,8380.695431,165930.303,86.24251286,86.36899947,86.38214286
04-05-2015,8331.950195,131700,86.18638,86.49830612,87.5182
05-05-2015,8324.799805,155500,86.21429,86.27166303,87.5936
06-05-2015,8097,209600,86.22695,85.97789926,85.1843
07-05-2015,8057.299805,161600,86.53058,86.15425465,84.1409
08-05-2015,8191.5,183100,86.96684,86.60166679,85.5387
09-05-2015,8329.648497,175133.3333,86.8095,86.54233665,86.0429
10-05-2015,8323.926485,175023.5294,87.01001875,86.65332257,85.912025
11-05-2015,8325.25,192000,87.28538,86.83788164,86.8747
12-05-2015,8126.950195,173400,87.40637,86.82969978,85.3104
13-05-2015,8235.450195,169800,87.65921,87.16732195,86.1824
14-05-2015,8224.200195,134800,87.79053,87.3861935,86.4712
15-05-2015,8262.349609,129800,87.86185,87.58952538,87.0494
16-05-2015,8273.274302,174208.5714,87.73118375,87.36169804,86.953275
17-05-2015,8266.037165,166465.7143,87.76175625,87.45245872,87.156875
18-05-2015,8373.650391,148700,87.99928,87.70955325,87.7973
19-05-2015,8365.650391,140300,88.00887,87.69005397,87.7202
20-05-2015,8423.25,123600,87.83798,87.68335485,88.2206
21-05-2015,8421,143800,87.52996,87.56396704,88.5035
22-05-2015,8458.950195,187300,87.20097,87.35518194,88.7241
23-05-2015,8227.82002,163234.2857,87.26363125,87.30869283,88.0480875
24-05-2015,8222.275739,162602.8571,87.00516125,87.1443829,87.971475
25-05-2015,8370.25,121300,86.86741,87.05097793,88.0846
26-05-2015,8339.349609,116800,86.51044,86.82128413,87.8388
27-05-2015,8334.599609,165500,86.15414,86.5951695,87.4956
28-05-2015,8319,232300,85.93152,86.39507383,87.1844
29-05-2015,8433.650391,363900,85.60618,86.21966801,88.4237
30-05-2015,8226.684733,157711.1111,85.70175875,86.14262263,87.259
31-05-2015,8227.686117,157005.5556,85.413305,85.89453877,86.900125
01-06-2015,8433.400391,122200,85.15449,85.72988312,87.8932
02-06-2015,8236.450195,146800,84.78256,85.24914604,86.0113
03-06-2015,8135.100098,171400,84.60733,85.07977849,85.1404
04-06-2015,8130.649902,154700,84.55978,85.06630705,85.2136
05-06-2015,8114.700195,162100,84.61058,85.03357528,85.3885
06-06-2015,8249.768066,153005.5556,84.82302,85.17385668,85.4633875
07-06-2015,8258.826389,151850,84.85812625,85.1095165,84.9681125
08-06-2015,8044.149902,135900,84.67737,84.95470312,84.5149
09-06-2015,8022.399902,136000,84.94415,85.05243715,84.2758
10-06-2015,8124.450195,136800,85.2479,85.22502318,85.2694
11-06-2015,7965.350098,166200,85.43534,85.21516167,83.931
12-06-2015,7982.899902,136600,85.7807,85.50053093,83.9068
13-06-2015,8282.912516,147433.3333,85.67659,85.58706951,84.3744625
14-06-2015,8282.840278,148761.1111,85.9864775,85.85653773,84.5253
15-06-2015,8013.899902,133000,86.15227,85.85469336,84.1739
16-06-2015,8047.299805,124000,86.41239,86.22820299,84.259
17-06-2015,8091.549805,152500,86.7626,86.66580366,84.6649
18-06-2015,8174.600098,144800,87.15647,87.11044891,85.7216
19-06-2015,8224.950195,147100,87.46836,87.41908201,86.0564
20-06-2015,8280.87915,146786.1111,87.2358425,87.10012542,85.81445
21-06-2015,8286.002767,146472.2222,87.50546,87.38583107,86.2157875
22-06-2015,8353.099609,122700,87.76419,87.72190023,87.1827
23-06-2015,8381.549805,131700,87.97758,87.8417225,87.3133
24-06-2015,8360.849609,130100,88.19288,87.95914973,87.1438
25-06-2015,8398,201200,88.30921,88.14033856,87.3846
26-06-2015,8381.099609,110600,88.35991,88.30828046,87.6225
27-06-2015,8309.062473,135133.3333,88.32155125,88.29265806,87.4733375
28-06-2015,8320.091634,134855.5556,88.47305625,88.47472929,87.6805625
29-06-2015,8318.400391,132000,88.43124,88.46067611,86.7751
30-06-2015,8368.5,158500,88.68808,88.83524858,87.7611
01-07-2015,8453.049805,131800,88.84932,89.07394827,88.6036
02-07-2015,8444.900391,112000,88.97623,89.17847011,88.8405
03-07-2015,8484.900391,88400,89.16045,89.25357458,89.0147
04-07-2015,8358.556898,133394.4444,89.07093625,89.08518817,88.510625
05-07-2015,8368.352729,133533.3333,89.24909625,89.21286887,88.6501875
06-07-2015,8522.150391,101500,89.34473,89.30665782,89.3166
07-07-2015,8510.799805,122200,89.526,89.30444844,89.4663
08-07-2015,8363.049805,188100,89.59144,89.26848143,88.3071
09-07-2015,8328.549805,131300,89.85652,89.48212174,87.8916
10-07-2015,8360.549805,154100,90.16437,89.83557102,88.3358
11-07-2015,8421.908271,138811.1111,89.94413625,89.786021,88.9883875
12-07-2015,8436.370782,139055.5556,90.06664875,89.96327289,89.15915
13-07-2015,8459.650391,117800,90.37449,90.16885347,89.3435
14-07-2015,8454.099609,101700,90.35557,90.35226535,89.3735
15-07-2015,8523.799805,105500,90.33997,90.56976876,89.8727
16-07-2015,8608.049805,116000,90.32483,90.72467293,90.6827
17-07-2015,8609.849609,105000,90.28084,90.73400025,90.8575
18-07-2015,8472.398546,138758.3333,90.3953325,90.573832,90.292225
19-07-2015,8471.50689,140377.7778,90.46465,90.63641134,90.49555
20-07-2015,8603.450195,90600,90.36453,90.70655586,91.1293
21-07-2015,8529.450195,164100,90.44337,90.61261272,90.1207
22-07-2015,8633.5,136800,90.67906,90.72192666,90.9579
23-07-2015,8589.799805,132900,90.92903,90.66948814,90.9701
24-07-2015,8521.549805,127400,91.18581,90.60268551,90.437
25-07-2015,8481.504096,143133.3333,91.12259125,90.78515222,90.2135125
26-07-2015,8485.022163,142355.5556,91.35269,90.91218327,90.1027
27-07-2015,8361,136600,91.4547,90.63950451,89.1543
28-07-2015,8337,174600,91.81694,90.96954996,89.2175
29-07-2015,8375.049805,141000,92.10729,91.35889439,89.7213
30-07-2015,8421.799805,215200,92.20532,91.72280426,90.2428
31-07-2015,8532.849609,203300,92.25191,92.05169409,91.6944
01-08-2015,8442.172146,158000,92.0958725,91.64551288,90.9854
02-08-2015,8422.201321,160622.2222,92.19526625,91.79220464,91.53335
03-08-2015,8543.049805,156700,92.29921,92.13109278,91.9177
04-08-2015,8516.900391,187400,92.31811,92.17851339,92.4776
05-08-2015,8567.950195,132800,92.3135,92.1120497,93.4576
06-08-2015,8588.650391,134900,92.24985,91.81303853,93.5379
07-08-2015,8564.599609,143700,92.04052,91.42973598,93.1259
08-08-2015,8372.097168,168744.4444,91.81308,91.46677294,92.5145
09-08-2015,8351.622179,171900,91.51107125,91.2339447,92.363375
10-08-2015,8525.599609,123400,91.79499,91.05281064,92.7767
11-08-2015,8462.349609,154400,91.0568,90.66972411,92.121
12-08-2015,8349.450195,190000,90.43166,90.34721836,90.7016
13-08-2015,8355.849609,189200,89.88314,90.26846689,90.7087
14-08-2015,8518.549805,155900,89.50895,90.17063731,92.1674
15-08-2015,8251.06524,178730.5556,89.7536325,89.98917135,91.9793375
16-08-2015,8231.319404,179961.1111,89.15598375,89.5469122,91.812825
17-08-2015,8477.299805,174700,89.02446,89.72691226,92.1067
18-08-2015,8466.549805,153300,88.51812,89.19807054,92.4315
19-08-2015,8495.150391,130500,87.81094,88.47953066,92.8211
20-08-2015,8372.75,184100,87.0138,87.51473748,91.4446
21-08-2015,8299.950195,201300,86.45091,86.64143469,90.6706
22-08-2015,8152.788859,180580.5556,86.94872,87.3681114,89.4944125
23-08-2015,8140.626356,179619.4444,86.48670625,86.89560005,88.851925
24-08-2015,7809,312400,85.82556,85.74606463,85.3948
25-08-2015,7880.700195,299100,85.58434,85.82412343,85.8696
26-08-2015,7791.850098,216600,85.36163,85.81401753,85.2164
27-08-2015,7948.950195,305000,85.32835,85.94682142,86.9668
28-08-2015,8001.950195,195600,85.12372,85.72015952,87.3225
29-08-2015,8084.59428,179488.5714,85.19746875,85.53939622,86.00285
30-08-2015,8065.424275,178325.7143,85.069135,85.43640649,86.0554625
31-08-2015,7971.299805,198200,84.88492,85.36408385,87.0433
01-09-2015,7785.850098,184900,84.74189,84.99092471,85.3597
02-09-2015,7717,215300,84.72934,84.90897464,84.8497
03-09-2015,7823,155800,84.79889,84.92214679,85.8157
04-09-2015,7655.049805,193600,84.87875,84.7235794,84.4171
05-09-2015,7986.780877,184885.2941,85.0208475,85.0541897,84.874275
06-09-2015,7971.679415,186541.1765,85.1292875,85.09417075,84.608925
07-09-2015,7558.799805,141400,85.12786,84.79168594,82.9826
08-09-2015,7688.25,172200,85.38592,85.19370504,83.6425
09-09-2015,7818.600098,208400,85.61921,85.53841727,84.8836
10-09-2015,7788.100098,160300,85.75244,85.68393221,84.9205
11-09-2015,7789.299805,136400,85.81225,85.85358382,84.9345
12-09-2015,7926.031827,186396.9697,85.72978,85.70468656,84.7195125
13-09-2015,7917.269709,187627.2727,85.81576857,85.83511522,84.96764286
14-09-2015,7872.25,122800,85.9164,86.05782467,85.613
15-09-2015,7829.100098,136500,86.04049,86.15667459,85.2342
16-09-2015,7899.149902,140000,86.18367,86.36166895,85.5452
17-09-2015,7888.159378,188975,86.21025,86.32931208,85.98298
18-09-2015,7981.899902,241800,86.39609,86.54310649,86.6143
19-09-2015,7905.6788,184236.3636,86.35321,86.38960961,85.92192857
20-09-2015,7912.563639,179381.8182,86.50825,86.49353873,86.00805714
21-09-2015,7977.100098,121800,86.5146,86.52728571,86.9082
22-09-2015,7812,168400,86.61284,86.44263809,85.5632
23-09-2015,7845.950195,146700,86.80838,86.63806878,85.9754
24-09-2015,7868.5,202500,87.00168,86.7853285,86.2159
25-09-2015,7941.349994,171227.2727,86.89934333,86.75444543,86.02621667
26-09-2015,7950.148497,169921.2121,86.97806714,86.86070428,86.14445714
27-09-2015,7964.265166,168706.0606,87.12924,87.01987031,86.10985714
28-09-2015,7795.700195,136300,87.13243,86.91186817,85.5186
29-09-2015,7843.299805,240700,87.32613,87.22148332,85.976
30-09-2015,7948.899902,210700,87.45041,87.49825739,86.8539
01-10-2015,7950.899902,156900,87.57281,87.64144793,86.666
02-10-2015,8005.678146,165265.625,87.51398167,87.50524063,86.74721667
03-10-2015,8026.74379,165743.75,87.58322571,87.56485865,86.91055714
04-10-2015,8041.835983,166265.625,87.72503714,87.71025899,87.19627143
05-10-2015,8119.299805,183100,87.74752,87.85821413,87.6694
06-10-2015,8152.899902,178500,87.85459,87.90017283,87.7994
07-10-2015,8177.399902,193900,87.99869,87.92256679,87.8906
08-10-2015,8129.350098,171700,88.12511,87.92967052,87.5186
09-10-2015,8189.700195,199700,88.32536,88.02101952,87.9084
10-10-2015,8073.735977,168068.75,88.2412875,88.01988614,87.623025
11-10-2015,8080.332855,167618.75,88.3822475,88.1080775,87.6740875
12-10-2015,8143.600098,199100,88.45738,88.04604608,87.5234
13-10-2015,8131.700195,145900,88.64136,88.16218966,87.4556
14-10-2015,8107.899902,138900,88.78029,88.31920958,87.2188
15-10-2015,8179.5,167200,88.8752,88.56374505,88.0779
16-10-2015,8238.150391,156400,88.84576,88.67171061,88.4131
17-10-2015,8070.327326,169357.5758,88.70788875,88.47893032,88.2280125
18-10-2015,8078.400055,169387.5,88.74367571,88.54077093,88.32867143
19-10-2015,8275.049805,124500,88.77074,88.72917964,88.7401
20-10-2015,8261.650391,155100,88.70102,88.72675289,89.2404
21-10-2015,8251.700195,144800,88.59136,88.61260909,89.1548
22-10-2015,8082.471018,168777.4194,88.518624,88.56482486,89.177
23-10-2015,8295.450195,152000,88.38934,88.49212222,89.5211
24-10-2015,8075.157852,168446.875,88.30406857,88.37572095,89.15615714
25-10-2015,8071.673477,165412.5,88.10107429,88.20229068,89.07441429
26-10-2015,8260.549805,133900,88.14066,88.26346049,89.2286
27-10-2015,8232.900391,156700,87.93598,88.04898504,89.3632
28-10-2015,8171.200195,188900,87.59938,87.75693727,88.8449
29-10-2015,8111.75,217500,87.34978,87.51516778,88.1679
30-10-2015,8065.799805,199500,87.1655,87.37011617,87.7835
31-10-2015,8050.139441,160139.3939,87.35748375,87.55369443,88.4047125
01-11-2015,8046.928177,159565.625,87.1689825,87.3645793,88.1429625
02-11-2015,8050.799805,136100,87.0516,87.2782531,87.6629
03-11-2015,8060.700195,132500,86.86926,87.19277601,88.0429
04-11-2015,8040.200195,122100,86.74771,87.00385957,88.1438
05-11-2015,7955.450195,132100,86.63265,86.75053948,87.1346
06-11-2015,7954.299805,219500,86.6164,86.66519269,87.0343
07-11-2015,8018.071915,158334.375,86.72280571,86.84627563,87.31392857
08-11-2015,8011.810974,157721.875,86.66800667,86.77427938,87.25576667
09-11-2015,7915.200195,211800,86.58525,86.58316885,87.1818
10-11-2015,7783.350098,165200,86.55677,86.4501397,85.9972
11-11-2015,7983.82099,156864.5161,86.6211675,86.56232355,86.64055
12-11-2015,7983.82099,156864.5161,86.6782075,86.5449399,86.46325
13-11-2015,7762.25,160900,86.72625,86.55079297,86.3489
14-11-2015,7959.078156,156593.75,86.787815,86.58230515,86.3895
15-11-2015,7938.792206,156121.875,86.879635,86.62515074,86.33043333
16-11-2015,7806.600098,149500,86.84456,86.59565807,86.3251
17-11-2015,7837.549805,145000,86.97511,86.65578209,86.6445
18-11-2015,7731.799805,143600,87.03895,86.65828922,85.8395
19-11-2015,7842.75,132600,87.13617,86.84024238,86.8274
20-11-2015,7856.549805,151900,87.08901,86.84309624,86.9932
21-11-2015,7875.101518,156272.7273,86.99243429,86.73949538,86.6178
22-11-2015,7860.495443,156200,86.96317143,86.7665388,86.6995
23-11-2015,7849.25,127000,87.00077,86.80973985,86.9721
24-11-2015,7831.600098,130600,86.86247,86.77365981,86.7228
25-11-2015,7832.934372,153625,86.80709,86.79430451,87.05542
26-11-2015,7883.799805,219800,86.63972,86.784962,86.897
27-11-2015,7942.700195,150300,86.44348,86.76006466,87.692
28-11-2015,7824.959103,152481.8182,86.34961571,86.58062624,87.24705714
29-11-2015,7819.057588,152039.3939,86.12088429,86.43253048,87.22414286
30-11-2015,7935.25,216300,86.10774,86.55296792,87.532
01-12-2015,7954.899902,138600,85.81846,86.33540523,87.6306
02-12-2015,7931.350098,126300,85.57467,86.04758418,87.2829
03-12-2015,7864.149902,125700,85.39965,85.77306955,86.8117
04-12-2015,7781.899902,152500,85.33681,85.54226278,86.3558
05-12-2015,7808.715622,145662.5,85.50074375,85.73938759,86.476025
06-12-2015,7812.243744,143837.5,85.41645625,85.57569039,86.15135
07-12-2015,7765.399902,137600,85.25798,85.36147673,86.1108
08-12-2015,7701.700195,135100,85.25463,85.19496045,85.5891
09-12-2015,7612.5,140000,85.25601,85.10737388,84.4953
10-12-2015,7683.299805,140800,85.43344,85.2433903,84.9346
11-12-2015,7610.450195,167800,85.56821,85.31201037,84.3346
12-12-2015,7816.522712,143127.2727,85.60488125,85.41514285,85.103625
13-12-2015,7813.596961,143190.9091,85.73464125,85.48436903,85.1126875
14-12-2015,7650.049805,148900,85.83642,85.52921267,84.6392
15-12-2015,7700.899902,134300,86.05401,85.72699327,85.1927
16-12-2015,7750.899902,154300,86.17835,85.8457251,85.5327
17-12-2015,7844.350098,175900,86.29606,85.91528624,86.1833
18-12-2015,7761.950195,191400,86.40168,85.85572762,85.5675
19-12-2015,7782.186361,147557.5758,86.23510625,85.82811354,85.63315
20-12-2015,7774.028779,150121.2121,86.264485,85.87143877,85.8385375
21-12-2015,7834.450195,126300,86.41601,85.9197782,86.0773
22-12-2015,7786.100098,125700,86.3615,85.88477336,85.6029
23-12-2015,7865.950195,117900,86.33682,85.94741188,86.2696
24-12-2015,7861.049805,93500,86.07145,85.87581453,86.2823
25-12-2015,7736.530862,153405.8824,86.09005667,85.82085723,86.34398333
26-12-2015,7721.820571,152582.3529,85.94944571,85.73534573,86.35714286
27-12-2015,7702.832333,155141.1765,85.7139,85.59716859,86.4475
28-12-2015,7925.149902,122900,85.84731,85.78548442,87.0167
29-12-2015,7928.950195,113000,85.50725,85.51188096,86.8151
30-12-2015,7896.25,106800,85.10578,85.22227673,86.4361
31-12-2015,7946.350098,150900,84.76719,84.95253822,86.7098
01-01-2016,7660.420568,161864.7059,84.37004,84.5620356,87.2395
02-01-2016,7657.239376,162600,84.43955875,84.59080245,86.3520375
03-01-2016,7649.240885,164190.9091,83.99103,84.19941689,85.9269375
04-01-2016,7791.299805,134700,83.82266,83.96704352,85.7108
05-01-2016,7784.649902,145200,83.26771,83.57954208,85.5322
06-01-2016,7741,147100,82.82853,83.14561809,85.3561
07-01-2016,7568.299805,188900,82.25908,82.65439989,83.6159
08-01-2016,7601.350098,157400,81.88145,82.4407332,84.0409
09-01-2016,7632.374216,176503.0303,82.29179,82.64097283,84.215325
10-01-2016,7622.098455,178251.5152,81.94567375,82.29111679,83.8437625
11-01-2016,7563.850098,189000,81.61584,82.08514058,83.6161
12-01-2016,7510.299805,163900,81.40309,81.74492737,82.8004
13-01-2016,7562.399902,215200,81.25596,81.5103779,83.0502
14-01-2016,7536.799805,200800,81.05373,81.16819521,82.7383
15-01-2016,7437.799805,197500,81.00138,80.81928303,81.7657
16-01-2016,7573.216634,184560.6061,81.2039225,81.15722541,81.86675
17-01-2016,7555.931789,188233.3333,81.14992625,80.99955328,81.3946875
18-01-2016,7351,233600,81.04565,80.60896815,80.1613
19-01-2016,7435.100098,188300,81.17094,80.70844996,81.1404
20-01-2016,7309.299805,225600,81.08479,80.61246107,79.6616
21-01-2016,7276.799805,240700,81.18387,80.82376353,79.8396
22-01-2016,7422.450195,229200,81.34929,81.04246653,81.3848
23-01-2016,7466.532341,209164.7059,81.19147714,80.80183542,80.71505714
24-01-2016,7442.399989,213488.2353,81.17400714,80.82111949,80.83885714
25-01-2016,7436.149902,163200,81.33672,80.96639243,81.4886
26-01-2016,7400.044103,218820.5882,81.07307333,80.85129724,81.21413333
27-01-2016,7437.75,187600,81.16908,80.8503463,81.3291
28-01-2016,7424.649902,274500,80.92336,80.74395659,81.0279
29-01-2016,7563.549805,298700,80.47612,80.68085806,82.2148
30-01-2016,7375.837123,218685.7143,80.32546571,80.44287271,81.42312857
31-01-2016,7353.952846,220242.8571,79.95472143,80.22503807,81.30367143
01-02-2016,7555.950195,200400,79.88284,80.33998207,82.2084
02-02-2016,7455.549805,230200,79.47303,79.92477808,81.4142
03-02-2016,7361.799805,192000,79.01711,79.59379543,80.2789
04-02-2016,7404,222700,78.74151,79.44154998,80.6524
05-02-2016,7489.100098,249800,78.49625,79.17247219,81.4938
06-02-2016,7289.244266,236125.7143,78.67029,79.11255909,80.7488625
07-02-2016,7285.202846,241114.2857,78.36352,78.74893611,80.04225
08-02-2016,7387.25,171500,78.17857,78.65662157,81.2591
09-02-2016,7298.200195,212100,77.91109,78.07829303,79.8122
10-02-2016,7215.700195,246900,77.66192,77.69298037,78.8719
11-02-2016,6976.350098,292300,77.42868,77.43099823,76.5555
12-02-2016,6980.950195,333900,77.36434,77.62555339,76.282
13-02-2016,7280.598532,247329.4118,77.56356,77.92530638,78.1586125
14-02-2016,7283.442641,249000,77.493485,77.87346058,77.7762
15-02-2016,7162.950195,354200,77.38901,77.92412081,78.1103
16-02-2016,7048.25,253800,77.21464,77.88274765,76.855
17-02-2016,7108.450195,260000,77.36023,78.11113602,77.5229
18-02-2016,7191.75,246700,77.61797,78.24185514,78.1998
19-02-2016,7210.75,192300,77.89605,78.25120072,78.317
20-02-2016,7299.648538,246802.9412,77.886215,78.14408189,77.6811625
21-02-2016,7305.337151,245334.2857,78.13418375,78.24695286,77.4063875
22-02-2016,7234.549805,154400,78.20893,78.23657866,78.5843
23-02-2016,7109.549805,194400,78.48605,78.15930725,77.3205
24-02-2016,7018.700195,199700,78.91684,78.34570886,76.5395
25-02-2016,6970.600098,283100,79.37276,78.74708861,75.9121
26-02-2016,7029.75,206700,79.9058,79.37708608,76.5287
27-02-2016,7321.170006,243091.4286,79.6710825,79.38409787,77.4578625
28-02-2016,7328.625725,242217.1429,80.0656425,79.81215017,77.7574
29-02-2016,6987.049805,473400,80.40343,80.01006076,76.3666
01-03-2016,7222.299805,275100,80.88563,80.81971871,78.3109
02-03-2016,7368.850098,338500,81.18922,81.37723398,80.1003
03-03-2016,7475.600098,278600,81.36541,81.66099709,80.9806
04-03-2016,7485.350098,281700,81.55772,81.81219644,81.4458
05-03-2016,7335.510624,245478.7879,81.32167143,81.36957493,80.02687143
06-03-2016,7348.753048,246100,81.59426286,81.66795348,80.70288571
07-03-2016,7364.592433,250136.3636,81.83107714,81.88241298,81.12168571
08-03-2016,7485.299805,257000,81.79469,81.89361787,81.3555
09-03-2016,7531.799805,245100,82.0556,82.01319962,81.6284
10-03-2016,7486.149902,224700,82.31157,82.09871065,81.0987
11-03-2016,7510.200195,198700,82.54333,82.32093524,81.2425
12-03-2016,7423.828776,236887.8788,82.59791429,82.40491283,81.33792857
13-03-2016,7440.983324,234215.1515,82.75994125,82.54847012,81.4034625
14-03-2016,7538.75,166900,82.7884,82.56058751,81.505
15-03-2016,7460.600098,193700,83.14289,82.79516251,81.1886
16-03-2016,7498.75,195400,83.54892,83.15217641,81.3468
17-03-2016,7512.549805,239600,83.89413,83.55337116,81.8622
18-03-2016,7604.350098,237400,84.23042,83.92918698,82.9037
19-03-2016,7493.604551,230203.0303,83.793545,83.58414416,82.5968125
20-03-2016,7516.056078,230990.9091,83.93713714,83.73036654,82.75278571
21-03-2016,7704.25,196800,84.3014,84.15707297,83.8155
22-03-2016,7714.899902,208900,84.26951,84.23297807,83.9646
23-03-2016,7716.5,199600,84.17269,84.29261765,84.1881
24-03-2016,7567.026676,231106.6667,84.19792,84.24962812,83.846125
25-03-2016,7578.241951,229606.4516,84.182402,84.30285098,83.81554
26-03-2016,7597.948356,221480,84.18229333,84.36879742,84.02126667
27-03-2016,7621.030029,219153.3333,84.16492667,84.44602647,84.26016667
28-03-2016,7615.100098,242400,84.04808,84.31584379,83.4163
29-03-2016,7597,216800,84.12033,84.51574241,83.6932
30-03-2016,7735.200195,232600,84.18175,84.69852961,85.0499
31-03-2016,7738.399902,380100,84.1972,84.62044731,85.2489
01-04-2016,7713.049805,183900,84.24446,84.48079115,84.7989
02-04-2016,7675.166126,207467.7419,84.290535,84.45452606,84.3178
03-04-2016,7691.120968,205848.3871,84.4053625,84.48490963,84.2653125
04-04-2016,7758.799805,155500,84.36505,84.4101003,85.2251
05-04-2016,7603.200195,203800,84.4535,84.22898925,83.6135
06-04-2016,7614.350098,165600,84.71391,84.36576464,83.4966
07-04-2016,7546.450195,234400,84.9667,84.55891234,82.9964
08-04-2016,7555.200195,143400,85.38745,84.9061373,82.942
09-04-2016,7729.283865,206932.2581,85.241835,84.91528287,83.990525
10-04-2016,7737.217726,207125.8065,85.36709,84.98745181,83.81415714
11-04-2016,7671.399902,179800,85.814,85.34261226,84.1388
12-04-2016,7708.950195,163400,86.01534,85.61012609,84.3074
13-04-2016,7850.450195,220400,86.21873,85.89962078,85.2044
14-04-2016,7756.90166,203240,86.0877075,85.72661835,84.843025
15-04-2016,7760.422568,201864.5161,86.0877075,85.72661835,84.843025
16-04-2016,7766.343529,200741.9355,86.121134,85.8069004,85.07538
17-04-2016,7770.664504,200909.6774,86.179564,85.96946048,85.46954
18-04-2016,7914.700195,184600,86.30276,86.05411428,85.7215
19-04-2016,7777.793732,198775,86.15179,86.12578721,86.013375
20-04-2016,7914.75,205300,86.25484,86.12802857,86.0048
21-04-2016,7912.049805,223700,86.10615,86.1554127,86.1096
22-04-2016,7899.299805,183300,85.94341,86.1655933,86.2176
23-04-2016,7788.660585,197181.8182,85.94403714,86.11370329,86.35562857
24-04-2016,7796.937855,195351.5152,85.81498714,86.05994212,86.41715714
25-04-2016,7855.049805,146300,85.74462,86.15403625,86.0245
26-04-2016,7962.649902,202400,85.69906,86.18282208,87.2039
27-04-2016,7979.899902,206800,85.55742,85.95591588,87.2075
28-04-2016,7847.25,292500,85.39941,85.67778608,86.1522
29-04-2016,7849.799805,243700,85.42204,85.57236076,86.3413
30-04-2016,7798.984834,186087.8788,85.49829125,85.68313936,86.0917875
01-05-2016,7809.03634,185251.5152,85.47428,85.59232866,85.899
02-05-2016,7805.899902,146300,85.37919,85.40148537,86.0447
03-05-2016,7747,186500,85.35176,85.25854879,85.2423
04-05-2016,7706.549805,199700,85.43283,85.26215963,84.5179
05-05-2016,7735.5,185100,85.55253,85.42755066,84.4822
06-05-2016,7733.450195,163600,85.61843,85.63762859,84.2297
07-05-2016,7875.021174,201021.2121,85.50882125,85.63294321,85.187575
08-05-2016,7889.293901,201960.6061,85.523295,85.73191392,85.2293
09-05-2016,7866.049805,160600,85.69036,85.95050161,85.5689
10-05-2016,7887.799805,162000,85.58815,86.03530196,85.7875
11-05-2016,7848.850098,214100,85.45732,86.09036907,85.6274
12-05-2016,7900.399902,152700,85.49498,86.19325108,86.3785
13-05-2016,7814.899902,179500,85.55687,86.15208465,85.9128
14-05-2016,7928.251381,206682.8571,85.77730125,86.16073325,85.851675
15-05-2016,7937.829115,205783.3333,85.9207675,86.22941286,85.7982125
16-05-2016,7860.75,205200,85.8107,86.20525902,85.7704
17-05-2016,7890.75,183400,86.14643,86.30189436,86.053
18-05-2016,7870.149902,156400,86.4736,86.35720422,85.7149
19-05-2016,7783.399902,170400,86.83809,86.49993849,85.1412
20-05-2016,7749.700195,157000,87.33127,86.80188037,84.949
21-05-2016,7965.938843,203386.1111,87.25934875,86.96645956,85.3323125
22-05-2016,7972.715224,202480.5556,87.7291225,87.32960335,85.4856875
23-05-2016,7731.049805,172000,87.89436,87.21363157,84.5468
24-05-2016,7748.850098,147000,88.4724,87.8062608,84.4792
25-05-2016,7934.899902,176200,89.10794,88.54560765,86.004
26-05-2016,8069.649902,264300,89.56889,89.11040935,86.9974
27-05-2016,8156.649902,260900,89.88874,89.57996698,88.4511
28-05-2016,8008.451362,196150,89.38516625,89.02600633,87.2863375
29-05-2016,8021.137478,194750,89.67076375,89.41259941,87.9771125
30-05-2016,8178.5,247400,90.02346,89.83082631,89.1277
31-05-2016,8160.100098,471000,90.05348,89.9870766,89.3247
01-06-2016,8179.950195,194400,90.07206,90.1342714,89.3598
02-06-2016,8218.950195,181700,90.17914,90.30637616,90.073
03-06-2016,8220.799805,379000,90.17082,90.35823752,90.5799
04-06-2016,8063.916667,196850,90.10571375,90.17724038,90.03005
05-06-2016,8072.700005,196433.3333,90.10673625,90.20994935,90.163575
06-06-2016,8201.049805,171600,90.12729,90.3089792,90.3272
07-06-2016,8266.450195,241900,90.14177,90.30493013,90.8346
08-06-2016,8273.049805,174300,90.07769,90.18722571,90.6135
09-06-2016,8203.599609,174900,90.03164,90.09249809,90.1959
10-06-2016,8170.049805,182200,90.09347,90.06951989,89.7983
11-06-2016,8125.418064,196061.1111,90.08750375,90.22959488,90.1423125
12-06-2016,8132.122866,196422.8571,90.089555,90.24899096,90.1001375
13-06-2016,8110.600098,169700,90.05836,90.12979098,89.4279
14-06-2016,8108.850098,145500,90.06351,90.28576676,89.5105
15-06-2016,8206.599609,169800,90.1063,90.45804826,90.4306
16-06-2016,8140.75,189200,90.1437,90.46414787,89.9898
17-06-2016,8170.200195,166600,90.28785,90.56955851,90.1446
18-06-2016,8204.001465,195594.2857,90.33397625,90.5123241,90.040275
19-06-2016,8226.020033,196980,90.464495,90.6172239,90.2135625
20-06-2016,8238.5,168600,90.44625,90.66399373,90.472
21-06-2016,8219.900391,137000,90.66764,90.706659,90.1938
22-06-2016,8203.700195,136100,90.8982,90.82062767,90.153
23-06-2016,8270.450195,154100,91.10251,90.96898937,90.8142
24-06-2016,8088.600098,297600,91.21782,91.00338701,89.4472
25-06-2016,8277.561482,190094.2857,91.2847225,91.18101869,90.162825
26-06-2016,8289.154325,181217.1429,91.553655,91.40728395,90.2827375
27-06-2016,8094.700195,162500,91.61158,91.34920635,89.4794
28-06-2016,8127.850098,170400,92.0117,91.76471887,89.9384
29-06-2016,8204,147000,92.32208,92.17056751,90.8046
30-06-2016,8287.75,279400,92.59771,92.47411585,91.4313
01-07-2016,8328.349609,165500,92.74204,92.7058527,91.7286
02-07-2016,8330.778627,171825.7143,92.43788143,92.33759922,91.22394286
03-07-2016,8340.760045,170174.2857,92.64142429,92.58507841,91.61204286
04-07-2016,8370.700195,154200,92.86902,92.92301997,92.6859
05-07-2016,8335.950195,139000,92.91104,92.97571329,92.4994
06-07-2016,8370.138298,171035.2941,92.941166,92.99289528,92.21546
07-07-2016,8337.900391,155500,93.03638,93.08156069,92.1961
08-07-2016,8323.200195,137900,93.14735,93.27832973,91.9673
09-07-2016,8392.387207,171522.8571,93.19357857,93.29695995,92.7509
10-07-2016,8404.844336,172022.8571,93.32451714,93.4183066,92.8759
11-07-2016,8467.900391,149800,93.33788,93.56966968,93.3848
12-07-2016,8521.049805,183600,93.46862,93.61075183,93.4806
13-07-2016,8519.5,195500,93.58476,93.63967445,93.0422
14-07-2016,8565,153900,93.78559,93.77244656,93.5609
15-07-2016,8541.400391,221700,93.98619,93.8194569,92.8746
16-07-2016,8458.210045,172054.2857,93.98121,93.90182578,93.27505
17-07-2016,8468.364314,173100,94.1690175,94.04110929,93.265175
18-07-2016,8508.700195,164300,94.28938,94.0294251,92.9984
19-07-2016,8528.549805,167900,94.58716,94.25854179,93.1061
20-07-2016,8565.849609,160300,94.8101,94.51463997,93.7528
21-07-2016,8510.099609,150000,94.84034,94.68393774,93.3058
22-07-2016,8541.200195,143200,94.89384,94.99019057,93.8726
23-07-2016,8514.242439,173400,94.8790925,94.82434151,93.92755
24-07-2016,8529.278794,173512.1212,95.01906,95.02362851,94.2486125
25-07-2016,8635.650391,150000,95.0416,95.23854402,94.6922
26-07-2016,8590.650391,154800,95.20103,95.35995381,94.642
27-07-2016,8615.799805,184100,95.36929,95.5194991,95.0505
28-07-2016,8666.299805,233500,95.40912,95.62372112,95.5669
29-07-2016,8638.5,157000,95.3997,95.63634804,95.9065
30-07-2016,8572.039418,171993.9394,95.36218375,95.49538109,95.153125
31-07-2016,8581.565163,172315.1515,95.4732275,95.571438,95.0467
01-08-2016,8636.549805,188400,95.41045,95.57631427,95.9762
02-08-2016,8622.900391,169400,95.47011,95.48745077,95.3355
03-08-2016,8544.849609,163000,95.59617,95.52121761,94.0552
04-08-2016,8551.099609,164700,95.92995,95.8469993,93.8408
05-08-2016,8683.150391,157900,96.33057,96.29282136,95.3502
06-08-2016,8605.270565,173050,96.09384875,96.04721666,95.327225
07-08-2016,8613.069106,178302.9412,96.29475125,96.2072148,95.2642875
08-08-2016,8711.349609,172600,96.54584,96.50229278,96.2865
09-08-2016,8678.25,200100,96.65486,96.55024673,96.3246
10-08-2016,8575.299805,173600,96.81284,96.60039045,95.4488
11-08-2016,8592.150391,189200,97.01767,96.85629943,95.4727
12-08-2016,8630.386364,179442.4242,97.20765,97.16376597,96.014
13-08-2016,8643.546964,180390.9091,97.01498857,96.95709125,96.10221429
14-08-2016,8655.346976,184093.9394,97.18399286,97.14706391,96.26028571
15-08-2016,8667.063654,185818.1818,97.35166286,97.34412573,96.47777143
16-08-2016,8642.549805,224800,97.35138,97.41926952,96.5728
17-08-2016,8624.049805,174100,97.51468,97.60737386,96.5961
18-08-2016,8673.25,164300,97.72887,97.83210139,97.393
19-08-2016,8666.900391,191900,97.82855,97.92967948,97.847
20-08-2016,8684.639069,189037.5,97.85314714,97.85419687,97.31327143
21-08-2016,8688.887482,189959.375,97.9598725,97.9050109,97.33625
22-08-2016,8629.150391,152300,97.917,97.94805269,97.5029
23-08-2016,8632.599609,187500,98.17745,98.04697551,97.3767
24-08-2016,8650.299805,149600,98.4541,98.19592563,97.9044
25-08-2016,8592.200195,213100,98.70695,98.2607091,97.4971
26-08-2016,8572.549805,147500,98.93665,98.43040001,97.3725
27-08-2016,8706.060944,187346.875,98.6721075,98.44753527,97.7560875
28-08-2016,8710.881256,186703.125,98.8256175,98.60119033,97.86695
29-08-2016,8607.450195,129700,98.98731,98.6654889,97.4513
30-08-2016,8744.349609,150200,99.08443,98.93530866,98.2058
31-08-2016,8786.200195,362200,99.11297,99.09742169,98.738
01-09-2016,8774.650391,238900,99.14508,99.17729318,98.3898
02-09-2016,8809.650391,191500,99.24365,99.35229166,98.7315
03-09-2016,8730.818787,187200,99.13589143,99.15302134,98.82385714
04-09-2016,8732.909424,186118.75,99.15614571,99.22616893,99.2498
05-09-2016,8733.407867,192346.875,99.15157714,99.22091759,99.4767
06-09-2016,8943,195600,99.25252,99.49024537,100.1074
07-09-2016,8917.950195,290100,99.12528,99.35309989,100.1432
08-09-2016,8952.5,217200,99.12909,99.17752209,100.4329
09-09-2016,8866.700195,175900,99.05245,98.89854922,99.7941
10-09-2016,8735.155934,190270.5882,99.10235667,99.08346867,99.4632
11-09-2016,8738.138298,188282.3529,99.10829429,99.06924984,99.32434286
12-09-2016,8715.599609,184500,98.9808,98.69953794,97.8791
13-09-2016,8741.369169,187564.7059,99.05467167,98.95580628,99.01315
14-09-2016,8726.599609,184300,99.074,98.88185748,98.4225
15-09-2016,8742.549805,145400,99.14392,98.98393692,98.4912
16-09-2016,8779.849609,265800,98.94777,99.09343401,99.0591
17-09-2016,8746.039418,186103.0303,98.94264,98.98412112,98.69751429
18-09-2016,8749.584412,186059.375,98.94551857,99.04781153,99.0264
19-09-2016,8808.400391,131700,98.78618,99.10106379,99.3755
20-09-2016,8775.900391,136500,98.78106,99.04007797,98.8202
21-09-2016,8777.150391,148800,98.88475,99.08893974,98.835
22-09-2016,8867.450195,172800,99.00095,99.1453708,100.1813
23-09-2016,8831.549805,185900,98.92233,98.91516431,99.6665
24-09-2016,8747.476624,190721.875,98.8847575,98.9198219,99.2361125
25-09-2016,8744.812561,191406.25,98.8835325,98.8495351,98.8803875
26-09-2016,8723.049805,164000,98.90833,98.74820082,99.0776
27-09-2016,8706.400391,151400,98.94484,98.675001,98.8111
28-09-2016,8745.150391,165500,98.84962,98.64475678,99.1217
29-09-2016,8591.25,372900,98.77638,98.53876939,96.5297
30-09-2016,8611.150391,181700,98.8959,98.98522926,97.4432
01-10-2016,8735.036399,181745.4545,98.94923,98.93248051,98.7702125
02-10-2016,8725.104581,182463.6364,98.97060625,98.96854006,98.8099
03-10-2016,8738.099609,137300,99.08489,99.32790243,99.3243
04-10-2016,8769.150391,184300,99.07632,99.32870297,99.8571
05-10-2016,8743.950195,157200,99.05756,99.21128141,99.997
06-10-2016,8709.549805,163600,99.07934,99.03667728,99.3951
07-10-2016,8697.599609,150400,99.15735,98.95702778,99.5265
08-10-2016,8698.600037,179278.125,99.120855,99.11534504,99.59045
09-10-2016,8693.006096,178551.5152,99.15439333,99.00976616,99.34621667
10-10-2016,8708.799805,108400,99.26967,98.8304784,99.4427
11-10-2016,8676.325817,180539.3939,99.242788,98.87974298,98.9225
12-10-2016,8673.090698,177875,99.28365,98.84050941,98.80435
13-10-2016,8573.349609,212300,99.28612,98.69442915,97.8589
14-10-2016,8583.400391,162800,99.42146,98.8801023,98.3893
15-10-2016,8659.73035,179660.6061,99.50009,98.98673665,98.66458333
16-10-2016,8649.309126,185048.4848,99.54342167,99.05832627,98.70238333
17-10-2016,8520.400391,197400,99.56106,98.98916948,97.7249
18-10-2016,8677.900391,216600,99.77142,99.27011825,99.3331
19-10-2016,8659.099609,172100,99.69081,99.25612231,99.2386
20-10-2016,8699.400391,161000,99.52966,99.26001615,99.6695
21-10-2016,8693.049805,157300,99.21215,99.16901974,100.2148
22-10-2016,8598.703156,197634.375,99.21831375,98.97024905,99.576625
23-10-2016,8580.115646,201325,99.0570675,98.83549883,99.76255
24-10-2016,8708.950195,157100,98.94661,98.93662413,100.1752
25-10-2016,8691.299805,189800,98.69196,98.66138504,100.6497
26-10-2016,8615.25,219300,98.34284,98.21953728,99.6072
27-10-2016,8615.25,242800,98.27109,97.91116778,99.2123
28-10-2016,8638,175500,97.97629,97.62202729,99.7853
29-10-2016,8498.85939,198953.125,98.03330714,97.86231229,99.6836
30-10-2016,8475.864059,198850,97.62277857,97.45758168,99.31958571
31-10-2016,8451.537491,202078.125,97.17625571,97.04380301,98.72597143
01-11-2016,8626.25,165000,97.33462,97.14130002,99.8285
02-11-2016,8514,155300,96.66974,96.54414447,98.527
03-11-2016,8484.950195,170500,96.07291,96.1035099,97.6271
04-11-2016,8433.75,224800,95.5663,95.76493433,96.4944
05-11-2016,8397.393753,206293.75,95.50974429,95.84942587,97.83194286
06-11-2016,8392.154548,207557.5758,95.19567125,95.62542073,97.9641625
07-11-2016,8497.049805,172800,94.94395,95.60283084,97.5594
08-11-2016,8543.549805,195700,94.30745,95.1680377,97.6287
09-11-2016,8432,314300,93.67324,94.62122385,97.1585
10-11-2016,8525.75,263100,92.99716,94.05738471,98.8897
11-11-2016,8296.299805,266900,92.29028,92.98353687,96.2643
12-11-2016,8347.516171,201408.8235,93.12632429,93.81348402,96.2927
13-11-2016,8330.579389,200032.3529,92.67857714,93.26254714,95.57831429
14-11-2016,8318.454389,199161.7647,92.31992714,92.74793222,94.85435714
15-11-2016,8108.450195,359200,91.88358,92.25447839,93.3686
16-11-2016,8111.600098,269500,91.78861,92.00689581,93.1797
17-11-2016,8079.950195,191300,91.80972,91.74627266,92.5587
18-11-2016,8074.100098,161200,91.7969,91.56573325,92.561
19-11-2016,8275.894072,198173.5294,91.78207857,91.73866316,92.05998571
20-11-2016,8260.927907,196844.1176,91.78931875,91.74066068,91.8522
21-11-2016,7929.100098,218800,91.63282,91.34456286,90.2709
22-11-2016,8002.299805,210200,91.75645,91.58315461,91.1944
23-11-2016,8033.299805,181000,91.80647,91.66954452,91.2866
24-11-2016,7965.5,260500,91.84,91.75464331,90.3977
25-11-2016,8114.299805,177900,92.07606,92.05618626,91.8209
26-11-2016,8213.795689,190722.8571,91.939595,91.82758228,91.6221875
27-11-2016,8197.654255,189542.8571,91.98196125,91.87322557,91.8921375
28-11-2016,8126.899902,189700,92.17495,92.1084721,92.1973
29-11-2016,8142.149902,189700,92.12766,92.08873256,92.4189
30-11-2016,8224.5,248000,92.10235,92.01536202,93.3908
01-12-2016,8192.900391,157700,91.97175,91.70970914,92.4305
02-12-2016,8086.799805,171500,91.94803,91.54953339,90.9202
03-12-2016,8139.831403,182371.4286,92.05769375,91.82859677,92.022675
04-12-2016,8125.297126,180400,92.02393375,91.78546828,92.0928
05-12-2016,8128.75,126500,92.06345,91.68938526,91.5072
06-12-2016,8143.149902,115300,92.07741,91.72987087,91.6946
07-12-2016,8102.049805,169800,91.99595,91.73770884,91.6219
08-12-2016,8246.849609,142500,91.90487,91.76344414,92.7583
09-12-2016,8261.75,149700,91.57207,91.54236506,92.8098
10-12-2016,8105.347209,167261.1111,91.44272375,91.47685012,92.04585
11-12-2016,8107.62637,160961.1111,91.16649875,91.3504057,92.1316125
12-12-2016,8170.799805,108100,91.11196,91.26071285,91.7244
13-12-2016,8221.799805,184000,90.6152,91.15767127,92.1658
14-12-2016,8182.450195,144600,90.20088,90.93364266,92.0848
15-12-2016,8153.600098,181800,89.85365,90.67782992,92.1933
16-12-2016,8139.450195,203000,89.54118,90.34105879,92.0744
17-12-2016,8131.167996,152619.4444,89.822515,90.39976787,91.685075
18-12-2016,8141.677734,151961.1111,89.53743125,90.11414407,91.3983125
19-12-2016,8104.350098,107400,89.26681,89.95587185,91.6468
20-12-2016,8082.399902,128000,89.05113,89.58011004,90.88
21-12-2016,8061.299805,123700,88.93931,89.2912456,90.7111
22-12-2016,7979.100098,122600,88.83129,88.97572241,89.4303
23-12-2016,7985.75,124100,88.94677,88.87470516,88.2087
24-12-2016,8179.965237,146263.8889,89.1937475,89.38587324,89.2836
25-12-2016,8187.599962,145544.4444,89.30369125,89.40860063,88.961325
26-12-2016,7908.25,106900,89.15736,89.02270631,86.7568
27-12-2016,8032.850098,118800,89.52535,89.52624104,88.0226
28-12-2016,8034.850098,126700,89.83196,89.8603835,88.6125
29-12-2016,8103.600098,178500,90.14636,90.13769094,89.0686
30-12-2016,8185.799805,127600,90.41635,90.37526671,89.3307
31-12-2016,8215.899929,146627.7778,90.245455,90.18552184,88.8342375
01-01-2017,8228.666599,151550,90.54490875,90.48580725,89.312775
02-01-2017,8179.5,118300,90.67881,90.60739264,89.49
03-01-2017,8192.25,127300,90.9746,90.85570212,89.7618
04-01-2017,8190.5,132400,91.23285,91.09879148,89.6309
05-01-2017,8273.799805,159100,91.55299,91.42498959,90.5851
06-01-2017,8243.799805,139400,91.80214,91.61163172,90.3146
07-01-2017,8265.309947,171051.4286,91.5561725,91.52511214,90.3830375
08-01-2017,8279.441392,175157.1429,91.77209375,91.77890651,90.66785
09-01-2017,8236.049805,99100,91.93906,91.89986099,90.4367
10-01-2017,8288.599609,142900,92.06529,92.22500787,91.0887
11-01-2017,8380.650391,186500,92.20364,92.47752073,91.7565
12-01-2017,8407.200195,172600,92.40618,92.63774756,91.7685
13-01-2017,8400.349609,185300,92.67339,92.83091369,91.9553
14-01-2017,8349.86137,182540,92.54845875,92.69801785,91.828775
15-01-2017,8369.479939,185131.4286,92.73852625,92.89118293,92.1587625
16-01-2017,8412.799805,124100,92.89578,93.02549451,92.4479
17-01-2017,8398,122000,92.98994,93.15384884,92.3443
18-01-2017,8417,163800,93.21439,93.33374859,92.8323
19-01-2017,8435.099609,165900,93.4596,93.44518161,93.0766
20-01-2017,8349.349609,202600,93.73326,93.52708863,91.6838
21-01-2017,8461.90565,194540,93.77482375,93.71574683,92.54225
22-01-2017,8481.672796,197320,93.90040143,93.8143543,92.55572857
23-01-2017,8391.5,195000,94.21531,93.93670833,91.699
24-01-2017,8475.799805,179200,94.65893,94.43397684,92.4722
25-01-2017,8602.75,292500,95.03138,94.86992725,93.7819
26-01-2017,8533.352884,204597.0588,94.95332,94.72263408,93.31458
27-01-2017,8641.25,275400,95.30635,95.11171109,94.4406
28-01-2017,8564.044224,205185.7143,95.23383571,95.01212366,93.50731429
29-01-2017,8585.034235,208608.5714,95.5092,95.34652575,94.01951429
30-01-2017,8632.75,304700,95.55463,95.26084688,94.1792
31-01-2017,8561.299805,521000,95.79195,95.50121286,93.3895
01-02-2017,8716.400391,327700,96.0783,95.97048238,94.5888
02-02-2017,8734.25,283500,96.14286,96.27752291,95.2844
03-02-2017,8740.950195,191000,96.24772,96.49821689,95.8132
04-02-2017,8654.348489,224470.5882,96.1731375,96.20578478,95.2614125
05-02-2017,8673.677907,226323.5294,96.34321625,96.41564529,95.5554625
06-02-2017,8801.049805,194400,96.38194,96.65044287,96.5043
07-02-2017,8768.299805,226300,96.48537,96.68291906,96.1352
08-02-2017,8769.049805,218700,96.70233,96.80463441,96.1967
09-02-2017,8778.400391,187500,96.91526,96.93973094,96.5316
10-02-2017,8793.549805,225900,97.11594,97.03042671,96.9234
11-02-2017,8735.638212,229297.0588,97.02400625,96.96207995,96.291375
12-02-2017,8751.117618,230938.2353,97.2392125,97.1111255,96.2699625
13-02-2017,8805.049805,204900,97.28883,97.05421042,96.5524
14-02-2017,8792.299805,188300,97.50841,97.16572385,96.253
15-02-2017,8724.700195,216100,97.79397,97.36855137,95.2344
16-02-2017,8778,184600,98.10359,97.84280723,96.333
17-02-2017,8821.700195,298300,98.29105,98.17831995,97.1554
18-02-2017,8814.957564,233912.1212,98.0524775,97.90963661,96.9622
19-02-2017,8833.412109,235772.7273,98.20231875,98.12017808,97.21045
20-02-2017,8879.200195,167800,98.42606,98.40563549,97.5386
21-02-2017,8907.849609,175700,98.50478,98.59831005,98.3048
22-02-2017,8926.900391,247100,98.50313,98.6635345,98.326
23-02-2017,8939.5,377200,98.48756,98.73854217,98.5384
24-02-2017,8873.505859,236470.5882,98.48538167,98.66685119,98.35138333
25-02-2017,8887.880859,234794.1176,98.50528429,98.68962377,98.45955714
26-02-2017,8901.6794,226302.9412,98.5532,98.74074969,98.5727
27-02-2017,8896.700195,189900,98.45883,98.78301821,98.6523
28-02-2017,8879.599609,293600,98.53193,98.8120667,98.7482
01-03-2017,8945.799805,205900,98.6247,98.8262593,99.1086
02-03-2017,8899.75,218800,98.76147,98.76351692,98.3306
03-03-2017,8897.549805,202600,98.97,98.85972068,98.2076
04-03-2017,8941.316148,219976.4706,98.90311875,98.93197882,98.5208625
05-03-2017,8952.360265,220479.4118,99.03159375,99.02333801,98.4606125
06-03-2017,8963.450195,174800,99.20869,99.00463639,98.5055
07-03-2017,8946.900391,173400,99.31092,99.11555558,98.3258
08-03-2017,8924.299805,177800,99.35841,99.29105682,98.2883
09-03-2017,8927,171500,99.48663,99.51389167,98.1703
10-03-2017,8934.549805,152700,99.6796,99.8124676,98.2511
11-03-2017,8994.531783,221596.9697,99.53457143,99.60413708,98.65717143
12-03-2017,9008.860588,221490.9091,99.64695,99.81457389,98.93871429
13-03-2017,9025.140891,220581.8182,99.76753857,100.0092094,99.2373
14-03-2017,9087,270300,99.81512,100.1594382,99.3833
15-03-2017,9084.799805,240600,99.88263,100.3319133,99.6759
16-03-2017,9153.700195,208600,99.99534,100.4776941,100.4763
17-03-2017,9160.049805,286700,100.15504,100.4780039,100.4159
18-03-2017,9059.621183,216800,100.2517586,100.4408533,99.8392
19-03-2017,9068.578776,216378.7879,100.4037925,100.5226646,99.8056125
20-03-2017,9126.849609,332100,100.36558,100.4918047,100.5945
21-03-2017,9121.5,247700,100.57337,100.4689835,99.5278
22-03-2017,9030.450195,232300,100.97523,100.6781354,98.8007
23-03-2017,9086.299805,191800,101.46803,101.0953433,99.5705
24-03-2017,9108,203700,101.81776,101.4341974,100.1
25-03-2017,9087.734819,208343.75,101.611295,101.3476525,99.88265
26-03-2017,9094.519679,204596.875,101.9709213,101.6732086,100.0675
27-03-2017,9045.200195,202700,102.1507,101.7306857,99.6063
28-03-2017,9100.799805,183300,102.58921,102.2027714,100.0584
29-03-2017,9143.799805,243400,102.95048,102.6792984,100.803
30-03-2017,9173.75,323400,103.24259,103.0962536,102.0733
31-03-2017,9173.75,190900,103.39606,103.3235766,102.5213
01-04-2017,9127.059097,200215.625,103.0480229,102.8886616,101.6115857
02-04-2017,9139.330285,200600,103.2485186,103.1724562,102.2005
03-04-2017,9237.849609,139100,103.47483,103.5018603,102.6724
04-04-2017,9163.418176,201296.875,103.459065,103.5066378,102.9349833
05-04-2017,9265.150391,184800,103.53229,103.6861848,103.5464
06-04-2017,9261.950195,186100,103.55417,103.7172481,103.7287
07-04-2017,9198.299805,190000,103.55445,103.7147033,103.0678
08-04-2017,9174.9106,201575,103.6457386,103.7682449,103.4438857
09-04-2017,9181.727273,197865.625,103.7227286,103.8403247,103.5941286
10-04-2017,9181.450195,135800,103.67081,103.8584595,103.4294
11-04-2017,9237,200100,103.8273,103.9538061,103.9914
12-04-2017,9203.450195,161800,103.90632,103.9454519,103.6711
13-04-2017,9150.799805,166500,104.01376,104.006419,103.7241
14-04-2017,9198.718188,195987.5,103.9552317,104.0008215,103.6221667
15-04-2017,9204.475763,189743.75,104.0130386,104.0526088,103.5685714
16-04-2017,9213.136364,186775,104.1433271,104.1601726,103.6165429
17-04-2017,9139.299805,184862.5,104.10208,104.0691566,103.608
18-04-2017,9105.150391,174200,104.21112,104.1716358,103.309
19-04-2017,9103.5,173700,104.35988,104.3633326,103.247
20-04-2017,9136.400391,170300,104.58283,104.6114065,103.7652
21-04-2017,9119.400391,155200,104.72675,104.7994524,103.7315
22-04-2017,9258.924272,180593.75,104.6885225,104.6915581,103.9585
23-04-2017,9271.801551,181287.5,104.8778625,104.8544599,104.1006875
24-04-2017,9217.950195,167700,104.9551,105.0367752,104.2314
25-04-2017,9306.599609,168700,105.17317,105.2157475,104.9943
26-04-2017,9351.849609,185700,105.39725,105.264958,104.7816
27-04-2017,9342.150391,209400,105.6168,105.3723709,104.7455
28-04-2017,9304.049805,162200,105.82831,105.5116756,104.6073
29-04-2017,9300.668265,180343.75,105.6489057,105.4360302,104.6935857
30-04-2017,9302.429486,181296.9697,105.9104843,105.6010179,104.8714571
01-05-2017,9309.623593,184460.6061,106.1574514,105.7631425,104.9014714
02-05-2017,9313.799805,161600,106.11835,105.7126479,104.6984
03-05-2017,9311.950195,151600,106.45336,105.9380364,104.7966
04-05-2017,9359.900391,269600,106.78615,106.1916889,105.4765
05-05-2017,9285.299805,231900,106.90194,106.3506198,105.2044
06-05-2017,9344.413287,188575.7576,106.6712586,106.3347805,105.6911571
07-05-2017,9355.714758,195066.6667,106.60767,106.3821629,105.8519
08-05-2017,9314.049805,174300,106.98942,106.6053353,106.015
09-05-2017,9316.849609,132300,106.854,106.7365209,106.4121
10-05-2017,9407.299805,152700,106.59559,106.8086144,107.2351
11-05-2017,9422.400391,171100,106.16255,106.7138398,106.9771
12-05-2017,9400.900391,154300,105.91758,106.6553376,106.8606
13-05-2017,9405.217188,192022.8571,106.1392175,106.5732057,107.147575
14-05-2017,9421.181473,191637.1429,105.9017763,106.4455681,107.225
15-05-2017,9445.400391,140800,105.79155,106.6097237,107.5077
16-05-2017,9512.25,166500,105.52616,106.4101734,108.0485
17-05-2017,9525.75,205500,105.27689,106.0461008,108.1245
18-05-2017,9429.450195,193300,105.08989,105.5842343,106.6344
19-05-2017,9427.900391,252100,105.10709,105.3508642,106.0792
20-05-2017,9477.225753,189311.4286,105.4561138,105.766428,105.973475
21-05-2017,9486.127204,189685.7143,105.5508087,105.7204176,105.6009375
22-05-2017,9438.25,196800,105.25321,105.1890118,104.6608
23-05-2017,9386.150391,224400,105.59853,105.3063922,103.828
24-05-2017,9360.549805,211800,106.00559,105.6349238,102.9047
25-05-2017,9509.75,289200,106.54911,106.2416402,104.5274
26-05-2017,9595.099609,218800,106.92301,106.6225824,105.6003
27-05-2017,9513.709771,187977.7778,106.6349913,106.3521278,104.7731625
28-05-2017,9522.593099,187488.8889,106.9870263,106.703009,105.0413625
29-05-2017,9604.900391,235000,107.25426,106.8497563,104.8538
30-05-2017,9624.549805,193900,107.61859,107.2933022,105.5558
31-05-2017,9621.25,414300,107.87763,107.6794138,106.2545
01-06-2017,9616.099609,176100,108.06949,107.9960613,106.8064
02-06-2017,9653.5,162200,108.25642,108.2604304,107.5404
03-06-2017,9550.242913,185700,108.0751375,107.9509458,106.920425
04-06-2017,9555.225781,186845.7143,108.2705338,108.1799504,107.347
05-06-2017,9675.099609,127700,108.38566,108.4204372,108.114
06-06-2017,9637.150391,145900,108.48246,108.4885344,107.8986
07-06-2017,9663.900391,160700,108.65659,108.6196309,108.3399
08-06-2017,9647.25,155400,108.81743,108.6817933,108.2664
09-06-2017,9668.25,159000,108.99646,108.7741029,108.9128
10-06-2017,9571.720033,191068.5714,108.7751075,108.6835748,108.2935125
11-06-2017,9575.301451,190048.5714,108.8358938,108.7702553,108.363725
12-06-2017,9616.400391,141400,109.01371,108.7432813,108.4971
13-06-2017,9606.900391,129700,108.94455,108.7979883,108.1462
14-06-2017,9618.150391,181800,108.904,108.9428302,108.1731
15-06-2017,9578.049805,171100,108.87195,109.1138813,108.6757
16-06-2017,9588.049805,213200,108.80116,109.2112549,108.8328
17-06-2017,9606.047126,180297.1429,108.8436925,109.0905125,108.8743875
18-06-2017,9618.33139,178042.8571,108.7995688,109.1385402,109.0693375
19-06-2017,9657.549805,141700,108.7932,109.295356,109.082
20-06-2017,9653.5,159500,108.73701,109.3427685,109.6399
21-06-2017,9633.599609,144000,108.68396,109.2767392,109.9483
22-06-2017,9630,198800,108.66072,109.1275035,110.0567
23-06-2017,9574.950195,175200,108.66995,108.9210154,109.0853
24-06-2017,9659.784263,173571.4286,108.8024714,109.1388825,109.0512
25-06-2017,9667.642829,173751.4286,108.9168143,109.1583675,108.8755714
26-06-2017,9674.844252,166517.1429,109.1097843,109.2212111,108.6367
27-06-2017,9511.400391,203300,108.88601,108.8845077,107.8055
28-06-2017,9491.25,172400,109.18645,109.1242872,107.7407
29-06-2017,9504.099609,259300,109.5936,109.4317511,107.8526
30-06-2017,9520.900391,179600,110.0878,109.7826735,107.9678
01-07-2017,9700.601423,168845.7143,110.09721,109.8369852,108.2499
02-07-2017,9711.558566,170322.8571,110.3086725,110.0265254,108.43315
03-07-2017,9615,183000,110.55103,110.1859787,108.7532
04-07-2017,9613.299805,144800,110.99771,110.504374,108.5201
05-07-2017,9637.599609,130800,111.37787,110.9453238,109.1094
06-07-2017,9674.549805,147400,111.78891,111.3533069,109.7159
07-07-2017,9665.799805,141800,112.07568,111.7171751,110.149
08-07-2017,9758.158538,178465.7143,111.7773425,111.4483763,110.01445
09-07-2017,9771.718527,179374.2857,112.0559588,111.7670266,110.519625
10-07-2017,9771.049805,37500,112.3206,112.0656584,111.2459
11-07-2017,9786.049805,179700,112.45122,112.247827,110.8099
12-07-2017,9816.099609,145500,112.65572,112.5673663,111.8122
13-07-2017,9891.700195,181300,112.77996,112.735181,112.7946
14-07-2017,9886.349609,159600,112.77121,112.7219768,112.6001
15-07-2017,9819.552846,179494.2857,112.7103263,112.5559497,112.253025
16-07-2017,9826.825698,179771.4286,112.7967563,112.6232663,112.4202375
17-07-2017,9915.950195,163500,112.8244,112.7490605,113.22
18-07-2017,9827.150391,293900,112.86902,112.6444073,112.3217
19-07-2017,9899.599609,200200,113.01048,112.7161201,113.2198
20-07-2017,9873.299805,161100,113.01204,112.6041912,112.5836
21-07-2017,9915.25,187500,112.9504,112.608767,112.5982
22-07-2017,9840.729994,185457.1429,112.9362375,112.6413576,112.8006125
23-07-2017,9851.755692,185920,112.9138525,112.6059676,112.7365
24-07-2017,9966.400391,174500,112.93165,112.6111152,112.5521
25-07-2017,9964.549805,185500,112.99338,112.6242297,112.8549
26-07-2017,10020.65039,197600,112.89853,112.5729697,113.0546
27-07-2017,10020.5498,287900,112.64532,112.4659407,112.7071
28-07-2017,10014.5,191600,112.23561,112.4123498,113.132
29-07-2017,9884.047126,187020,112.203145,112.3019974,113.117325
30-07-2017,9890.881417,187700,111.9175363,112.1208134,113.0442125
31-07-2017,10077.09961,237700,111.72044,112.2524275,113.6662
01-08-2017,10114.65039,184300,111.27218,111.9382558,113.7363
02-08-2017,10081.5,161500,110.92805,111.5386904,113.2354
03-08-2017,10013.65039,192700,110.64678,111.1616439,111.9672
04-08-2017,10066.40039,178600,110.42808,110.9826314,112.4107
05-08-2017,9911.698529,194988.2353,110.5155787,111.0446366,112.5767625
06-08-2017,9914.591194,194344.1176,110.2266363,110.7041642,111.9447375
07-08-2017,10057.40039,137400,110.06474,110.6652828,113.1694
08-08-2017,9978.549805,203300,109.62739,110.1088124,111.9064
09-08-2017,9908.049805,169200,109.43697,109.7093484,110.5225
10-08-2017,9820.25,235500,109.4089,109.5286481,108.61
11-08-2017,9710.799805,285900,109.65326,109.7327921,107.9803
12-08-2017,9921.863281,197979.4118,109.7292971,110.028277,110.2381714
13-08-2017,9924.482393,193723.5294,109.7551371,109.9816338,109.8457857
14-08-2017,9794.150391,195600,109.85599,110.1222348,109.1836
15-08-2017,9927.182416,193461.7647,109.9549017,110.0622345,109.3786333
16-08-2017,9897.299805,219500,110.05783,110.3308203,110.295
17-08-2017,9904.150391,197600,110.24562,110.3387804,110.4227
18-08-2017,9837.400391,246300,110.50781,110.3201316,109.7802
19-08-2017,9933.577981,193273.5294,110.5686171,110.5169774,109.6081286
20-08-2017,9936.952981,194141.1765,110.8303986,110.7189437,109.7593
21-08-2017,9754.349609,205300,110.7325,110.4401164,108.7773
22-08-2017,9765.549805,183600,111.11301,110.8096311,108.7959
23-08-2017,9852.5,168600,111.46756,111.2571269,110.0022
24-08-2017,9857.049805,184700,111.68846,111.5359996,110.2418
25-08-2017,9944.876494,193294.1176,111.487035,111.3101973,109.8130667
26-08-2017,9946.948558,191817.6471,111.6270243,111.4710678,110.0114857
27-08-2017,9947.72797,192261.7647,111.9135971,111.7954194,110.4965714
28-08-2017,9912.799805,159600,111.88238,111.8235995,111.0536
29-08-2017,9796.049805,173300,112.0383,111.9947105,110.0076
30-08-2017,9884.400391,157800,112.46696,112.4362906,111.202
31-08-2017,9917.900391,327700,112.73851,112.7105774,112.1729
01-09-2017,9974.400391,157800,112.98241,112.8300612,113.0446
02-09-2017,9936.300006,196982.3529,112.7592863,112.5699774,111.80395
03-09-2017,9929.158835,196888.2353,112.9981663,112.7402057,111.94865
04-09-2017,9912.849609,148800,113.10536,112.7823859,112.0271
05-09-2017,9952.200195,139200,113.33592,112.9502273,112.5824
06-09-2017,9916.200195,149200,113.52445,113.0319666,112.3414
07-09-2017,9929.900391,188800,113.79342,113.1854259,112.2112
08-09-2017,9934.799805,163600,114.06924,113.4019205,112.181
09-09-2017,9932.581824,198548.4848,113.7243625,113.3446644,112.77095
10-09-2017,9932.061782,197302.9412,113.7566488,113.4721565,113.09405
11-09-2017,10006.0498,173000,114.16484,113.6732362,112.6128
12-09-2017,10093.0498,182600,114.02652,113.9088887,114.2942
13-09-2017,10079.2998,215000,113.77515,113.823264,113.9175
14-09-2017,10086.59961,225600,113.36365,113.8023227,114.6119
15-09-2017,10085.40039,266600,112.95404,113.6224166,114.2741
16-09-2017,9946.205911,190461.7647,113.1768688,113.5775784,114.19275
17-09-2017,9952.65444,190641.1765,112.8838175,113.4408736,114.487325
18-09-2017,10153.09961,156100,112.64267,113.477598,114.3327
19-09-2017,10147.5498,187500,112.37356,113.2875754,114.4677
20-09-2017,10141.15039,199400,112.11452,113.0253255,115.0311
21-09-2017,10121.90039,191800,111.82043,112.5795978,114.9694
22-09-2017,9964.400391,226600,111.65785,112.0485306,113.137
23-09-2017,9985.63005,194245.7143,112.0325938,112.5161683,113.0938125
24-09-2017,9997.481473,196557.1429,112.0093863,112.3878029,112.6167
25-09-2017,9872.599609,221400,111.68074,111.8066486,111.2296
26-09-2017,9871.5,190900,111.92674,111.9348816,111.7805
27-09-2017,9735.75,200100,112.04424,111.9691886,109.8025
28-09-2017,9768.950195,385000,112.45701,112.450675,110.5158
29-09-2017,9788.599609,196300,112.87811,112.8806472,111.1604
30-09-2017,10022.39413,192732.3529,112.5531743,112.5611691,111.1439571
01-10-2017,10032.48676,206114.7059,112.87448,112.8761051,111.2669
02-10-2017,10045.06322,214364.7059,113.2025829,113.2337063,111.4902
03-10-2017,9859.5,162800,113.25868,113.2629243,111.6416
04-10-2017,9914.900391,156200,113.6267,113.6232186,111.8773
05-10-2017,9888.700195,147800,113.92988,114.0112005,112.0902
06-10-2017,9979.700195,195800,114.22346,114.4380895,113.3436
07-10-2017,10078.92351,221917.6471,114.23538,114.3213323,112.7091
08-10-2017,10089.14264,224202.9412,114.4192725,114.5025209,112.8617375
09-10-2017,9988.75,143900,114.45434,114.6813094,113.3659
10-10-2017,10016.9502,148600,114.88759,114.9736226,113.6896
11-10-2017,9984.799805,189700,115.26701,115.258961,112.9555
12-10-2017,10096.40039,200900,115.70652,115.7708412,113.9302
13-10-2017,10167.4502,230100,116.11753,116.1798726,114.7268
14-10-2017,10126.60883,224750,115.94657,115.9242791,114.233125
15-10-2017,10131.18532,227308.8235,116.1597457,116.1018462,114.3570143
16-10-2017,10230.84961,203000,116.49063,116.5027777,114.9661
17-10-2017,10234.4502,195700,117.02105,116.8442616,115.3218
18-10-2017,10210.84961,254200,117.62789,117.1825864,114.9091
19-10-2017,10146.5498,30200,117.3645575,117.0543578,115.05575
20-10-2017,10149.66176,230605.8824,117.69637,117.2993498,115.17508
21-10-2017,10158.89706,233064.7059,117.9977533,117.5599711,115.5956333
22-10-2017,10166.14852,233550,118.52263,117.9964906,116.01525
23-10-2017,10184.84961,218100,118.31866,117.6878056,115.026
24-10-2017,10207.7002,217200,119.02362,118.2793179,115.6524
25-10-2017,10295.34961,594200,119.50467,118.8630774,117.6984
26-10-2017,10343.7998,429700,119.63989,119.1218947,117.4838
27-10-2017,10323.0498,312700,119.91312,119.4859157,117.3506
28-10-2017,10213.70714,225100,119.6941963,119.3251791,117.49745
29-10-2017,10227.50142,224951.4286,119.9560875,119.7313411,118.292975
30-10-2017,10363.65039,236900,120.22279,119.9604303,118.0403
31-10-2017,10335.2998,232600,120.39608,120.3871259,118.4578
01-11-2017,10440.5,260300,120.53474,120.815865,120.2703
02-11-2017,10423.7998,201500,120.41379,120.9371017,121.3902
03-11-2017,10452.5,199900,120.28769,120.8364131,121.8168
04-11-2017,10277.10711,224277.1429,120.318855,120.5134552,120.1955625
05-11-2017,10286.94568,224388.5714,120.362965,120.584098,120.4675375
06-11-2017,10451.7998,193600,120.24125,120.6185494,122.0756
07-11-2017,10350.15039,286900,120.16522,120.2947604,120.4629
08-11-2017,10303.15039,274500,120.28928,120.257396,119.0506
09-11-2017,10308.9502,240200,120.57567,120.5255729,120.2161
10-11-2017,10321.75,279400,120.75831,120.5943446,120.4473
11-11-2017,10290.22709,223425.7143,120.7059063,120.5959054,120.1163625
12-11-2017,10284.7885,222580,120.9110013,120.7024705,119.8730625
13-11-2017,10224.9502,210300,120.93674,120.6270212,119.7732
14-11-2017,10186.59961,305000,121.19646,120.8167593,119.8444
15-11-2017,10118.0498,207400,121.48432,121.0328391,119.0608
16-11-2017,10214.75,182600,121.88201,121.4710701,120.1292
17-11-2017,10283.59961,203300,122.06145,121.7692634,121.3524
18-11-2017,10289.44721,221569.4444,121.6630563,121.4509722,120.6366625
19-11-2017,10289.03749,220580.5556,121.7447275,121.63193,120.920325
20-11-2017,10298.75,147200,122.00437,121.8618997,121.3153
21-11-2017,10326.90039,186100,121.92168,121.9833663,121.7035
22-11-2017,10342.2998,157600,121.81742,122.0455588,121.9145
23-11-2017,10348.75,153000,121.59011,122.074683,122.0425
24-11-2017,10389.7002,129200,121.48969,122.0818348,122.2316
25-11-2017,10292.13333,199341.6667,121.6753725,121.9855238,122.1673125
26-11-2017,10295.15834,197747.2222,121.5827725,121.9451263,122.24335
27-11-2017,10399.5498,141900,121.51763,122.0485536,122.3704
28-11-2017,10370.25,196000,121.57731,121.9770322,122.723
29-11-2017,10361.2998,152500,121.48477,121.8112616,123.0377
30-11-2017,10226.5498,342500,121.26357,121.5387197,121.9236
01-12-2017,10121.7998,143400,121.16743,121.4531908,120.7816
02-12-2017,10294.91144,191711.4286,121.4745975,121.7994283,121.453375
03-12-2017,10298.92857,188234.2857,121.600135,121.8763291,121.2868625
04-12-2017,10127.75,148600,121.28022,121.6024331,120.4884
05-12-2017,10118.25,155500,121.54829,121.8499961,120.6609
06-12-2017,10044.09961,166100,121.95756,122.1142396,119.6414
07-12-2017,10166.7002,166200,122.52193,122.6637596,121.0383
08-12-2017,10265.65039,200000,122.97298,123.0249728,122.511
09-12-2017,10316.30882,181238.2353,122.6832388,122.632004,121.2413125
10-12-2017,10323.8559,177188.2353,123.1022425,122.9410465,121.3005375
11-12-2017,10322.25,147400,123.34162,123.139189,122.9672
12-12-2017,10240.15039,175100,123.71287,123.1774087,121.7976
13-12-2017,10192.9502,181600,124.13044,123.4840329,120.8257
14-12-2017,10252.09961,154300,124.63225,124.0747736,120.9622
15-12-2017,10333.25,255100,125.13704,124.7664566,121.9095
16-12-2017,10365.30001,176873.5294,124.7540325,124.5115185,122.70875
17-12-2017,10374.27941,176588.2353,125.0878375,124.9121338,123.03145
18-12-2017,10388.75,230400,125.53618,125.4013358,123.1691
19-12-2017,10463.2002,169100,125.72365,125.8973882,124.7536
20-12-2017,10444.2002,175200,125.81821,126.1515634,125.2851
21-12-2017,10440.2998,151900,126.01206,126.3441108,125.5488
22-12-2017,10493,138800,126.28292,126.5208465,126.1974
23-12-2017,10412.34266,180535.2941,126.08849,126.2116234,125.3724286
24-12-2017,10424.64559,182202.9412,126.2987414,126.3981111,125.7545286
25-12-2017,10438.04854,186894.1176,126.5325357,126.5411295,125.9340286
26-12-2017,10531.5,155600,126.53834,126.5927235,126.6797
27-12-2017,10490.75,165200,126.70807,126.5733954,125.9733
28-12-2017,10477.90039,272900,127.00794,126.70675,125.8438
29-12-2017,10530.7002,152000,127.36021,126.8985166,126.0101
30-12-2017,10510.65151,189520.5882,127.38107,127.0150556,125.8786857
31-12-2017,10539.11475,193282.3529,127.5374538,127.1832249,126.0468
01-01-2018,10569.278,198111.7647,127.68352,127.0959426,125.9009
02-01-2018,10442.2002,153400,128.04797,127.3615076,125.0438
03-01-2018,10443.2002,167300,128.32144,127.8765537,125.6992
04-01-2018,10504.7998,174900,128.63214,128.3604101,127.2236
05-01-2018,10558.84961,180900,128.6765,128.6130345,128.2574
06-01-2018,10629.72431,202784.8485,128.5010125,128.178032,127.2781875
07-01-2018,10653.58946,204930.303,128.685315,128.3779974,127.7113875
08-01-2018,10623.59961,169000,128.76559,128.6920644,128.7516
09-01-2018,10637,205000,128.82851,128.6788343,128.377
10-01-2018,10632.2002,176400,129.05243,128.7459086,128.972
11-01-2018,10651.2002,153800,129.15794,128.695666,129.3665
12-01-2018,10681.25,175200,129.13891,128.5465918,129.2432
13-01-2018,10707.38491,213236.3636,128.9778338,128.5126297,128.85505
14-01-2018,10707.794,215700,128.9788788,128.4365363,128.7195
15-01-2018,10741.5498,175900,129.0508,128.39179,129.5454
16-01-2018,10700.4502,211000,128.92988,128.1354322,127.7785
17-01-2018,10788.5498,252700,128.89861,128.2147505,128.8062
18-01-2018,10817,312000,128.77395,128.0833173,127.6672
19-01-2018,10894.7002,207600,128.31093,128.1757878,129.1483
20-01-2018,10713.6743,221012.1212,128.0732513,127.9484962,129.1212125
21-01-2018,10712.74704,223242.4242,127.629105,127.6878926,129.0750625
22-01-2018,10966.2002,231600,127.69618,127.9596739,129.3808
23-01-2018,11083.7002,284600,126.87962,127.6438682,130.6162
24-01-2018,11086,283400,126.04604,126.98335,130.0271
25-01-2018,11069.65039,330300,125.49763,126.3069611,129.1762
26-01-2018,10709.01521,223003.0303,125.9457967,126.6056949,129.3164333
27-01-2018,10698.76183,221964.7059,125.69439,126.2827894,129.0520571
28-01-2018,10697.44566,224338.2353,125.1373743,125.6673965,128.7918857
29-01-2018,11130.40039,241700,124.96441,125.6693524,128.3621
30-01-2018,11049.65039,228000,124.5909,125.0709641,128.3362
31-01-2018,11027.7002,245900,124.18595,124.3453561,127.4658
01-02-2018,11016.90039,306200,123.79707,123.6519241,127.5596
02-02-2018,10760.59961,282700,123.27278,122.7835517,123.037
03-02-2018,10693.92213,229970.5882,123.70054,123.7379685,125.1571375
04-02-2018,10689.68242,232352.9412,123.4118875,123.4225976,124.67975
05-02-2018,10666.5498,240100,123.0816,122.7272298,123.0008
06-02-2018,10498.25,266500,122.87837,122.6664364,121.2152
07-02-2018,10476.7002,250400,122.83324,122.9889334,122.2804
08-02-2018,10576.84961,232200,122.65519,123.1463853,124.543
09-02-2018,10454.9502,191600,122.4485,122.8360265,123.844
10-02-2018,10660.89246,236715.1515,122.6537971,122.7344722,123.3995857
11-02-2018,10644.33943,237881.8182,122.5109586,122.5866692,123.4819
12-02-2018,10539.75,217400,122.4128,122.6120323,124.627
13-02-2018,10609.91368,233281.8182,122.295245,122.2875283,123.8657333
14-02-2018,10500.90039,229200,122.26688,122.1642618,124.2867
15-02-2018,10545.5,210600,122.08173,121.6926088,123.577
16-02-2018,10452.2998,184300,121.90637,121.2738552,122.3167
17-02-2018,10579.2273,234612.1212,121.88984,121.549203,122.5235714
18-02-2018,10558.83943,231484.8485,121.67681,121.3326767,121.9339857
19-02-2018,10378.40039,187300,121.75785,121.0421119,121.1252
20-02-2018,10360.40039,187700,121.57036,121.0236479,120.9685
21-02-2018,10397.4502,234100,121.23289,121.035903,120.7639
22-02-2018,10382.7002,313600,120.92159,121.0963481,120.4999
23-02-2018,10491.0498,210600,120.6184,121.2288922,122.4761
24-02-2018,10468.5162,226447.0588,120.69752,120.8172083,121.86545
25-02-2018,10442.21031,225764.7059,120.3661237,120.5842656,121.952725
26-02-2018,10582.59961,171900,120.23371,120.9517349,123.487
27-02-2018,10554.2998,187500,119.81625,120.3883426,123.1678
28-02-2018,10492.84961,286000,119.42911,119.7706854,122.4352
01-03-2018,10458.34961,176000,119.10668,119.1785711,121.8234
02-03-2018,10366.86472,224117.6471,119.2582117,119.4955117,121.8325333
03-03-2018,10352.6765,223694.1176,119.06446,119.2583966,121.227
04-03-2018,10341.36621,225985.2941,118.71491,118.8209292,120.3932714
05-03-2018,10358.84961,194000,118.73138,118.5908313,120.8315
06-03-2018,10249.25,222900,118.23214,118.0929049,119.2503
07-03-2018,10154.2002,249500,117.90195,117.835706,117.5938
08-03-2018,10242.65039,226400,117.78686,117.8894629,117.6509
09-03-2018,10226.84961,186500,117.54142,117.9424769,117.468
10-03-2018,10312.96878,225706.25,117.6063188,117.9908851,118.7540625
11-03-2018,10307.3758,225869.697,117.2923988,117.8212901,118.5514875
12-03-2018,10421.40039,216400,117.19224,118.0479162,118.6292
13-03-2018,10426.84961,266700,116.85782,117.918742,119.3124
14-03-2018,10410.90039,181400,116.60674,117.6090402,119.2964
15-03-2018,10360.15039,173900,116.22002,117.2340714,119.2109
16-03-2018,10195.15039,328500,116.03051,116.7947761,118.0704
17-03-2018,10294.08031,228866.6667,116.5227188,117.1994376,117.8437125
18-03-2018,10295.80001,230766.6667,116.5294988,117.0562654,117.414625
19-03-2018,10094.25,210200,116.1304,116.5113042,115.8391
20-03-2018,10124.34961,203000,116.34506,116.6606829,115.9484
21-03-2018,10155.25,204800,116.79896,116.818968,116.4429
22-03-2018,10114.75,230500,117.24648,116.9025386,115.1965
23-03-2018,9998.049805,285700,117.86039,117.2816583,113.9762
24-03-2018,10300.72425,228421.2121,117.758655,117.4803026,115.6148625
25-03-2018,10299.87275,228963.6364,117.9912629,117.618731,115.5828286
26-03-2018,10130.65039,262600,118.61534,118.0162046,115.285
27-03-2018,10184.15039,225700,119.28857,118.623139,116.8016
28-03-2018,10113.7002,344400,119.78404,119.0279254,115.4292
29-03-2018,10305.27125,230333.3333,119.5179875,118.8737278,116.2079
30-03-2018,10313.48975,229270.5882,119.781108,119.1761481,116.78018
31-03-2018,10321.00445,230011.7647,120.0043517,119.426522,116.9811
01-04-2018,10330.45445,229020.5882,120.4764383,119.9699491,117.8481667
02-04-2018,10211.7998,225400,120.384,119.8276421,117.3158
03-04-2018,10245,205300,120.83359,120.3858293,119.0693
04-04-2018,10128.40039,231100,121.12057,120.6783913,117.9857
05-04-2018,10325.15039,236800,121.44786,121.2767672,120.4874
06-04-2018,10331.59961,200200,121.5865,121.4521821,120.9181
07-04-2018,10370.90302,231775,121.320205,121.057454,120.0818625
08-04-2018,10379.72727,230618.75,121.4854363,121.2742521,120.636925
09-04-2018,10379.34961,221600,121.68714,121.5708671,121.3356
10-04-2018,10402.25,251700,121.74127,121.6231486,121.5257
11-04-2018,10417.15039,250400,121.76071,121.6448039,122.0173
12-04-2018,10458.65039,238600,121.70585,121.5620269,121.7563
13-04-2018,10480.59961,213100,121.70552,121.5188552,121.4288
14-04-2018,10430.35603,227990.625,121.7712175,121.5390789,121.6341375
15-04-2018,10449.06362,228378.125,121.77698,121.5179548,121.7014125
16-04-2018,10528.34961,195000,121.79578,121.5388674,121.8117
17-04-2018,10548.7002,206100,121.9086,121.478238,121.9391
18-04-2018,10526.2002,205400,121.86487,121.3758242,121.2586
19-04-2018,10565.2998,262600,121.73324,121.401874,121.8738
20-04-2018,10564.0498,244600,121.46232,121.2970015,121.9245
21-04-2018,10531.87571,223293.75,121.4794762,121.2605296,121.734175
22-04-2018,10548.75296,223462.5,121.3265963,121.1552751,121.7268375
23-04-2018,10584.7002,194200,121.22998,121.1575574,121.8769
24-04-2018,10614.34961,219200,121.01948,120.9977035,121.7201
25-04-2018,10570.5498,189200,120.82154,120.837171,121.4687
26-04-2018,10617.7998,335100,120.57274,120.6968312,121.753
27-04-2018,10692.2998,219500,120.28974,120.462127,122.3314
28-04-2018,10574.73853,219993.9394,120.4729757,120.5145614,121.9416857
29-04-2018,10580.03424,222587.8788,120.1690871,120.1974227,121.6653143
30-04-2018,10739.34961,173800,119.922,120.046733,122.9399
01-05-2018,10599.04707,225330.303,119.7024683,119.7102335,121.2721667
02-05-2018,10718.0498,229700,119.45535,119.403807,121.5018
03-05-2018,10679.65039,185200,119.10276,118.9375863,119.9423
04-05-2018,10618.25,186500,118.87222,118.7143166,119.1646
05-05-2018,10616.50424,226439.3939,118.7646271,118.8858025,120.3803286
06-05-2018,10622.56423,226045.4545,118.3416043,118.5536856,119.8147286
07-05-2018,10715.5,168400,118.52018,118.6142537,119.6011
08-05-2018,10717.7998,269800,117.99863,118.3949545,119.7719
09-05-2018,10741.7002,215400,117.48125,118.0889666,119.7407
10-05-2018,10716.5498,192100,116.96084,117.7219147,118.9807
11-05-2018,10806.5,203100,116.64623,117.4421846,118.923
12-05-2018,10644.54283,235296.9697,117.1225825,117.5728557,118.9900875
13-05-2018,10648.42712,234806.0606,116.8626213,117.2579153,118.7445625
14-05-2018,10806.59961,171400,116.46074,117.1131146,118.654
15-05-2018,10801.84961,254300,116.46813,116.7706956,118.2734
16-05-2018,10741.09961,231100,116.44466,116.4367613,117.9759
17-05-2018,10682.7002,214100,116.44049,116.0947304,117.6369
18-05-2018,10596.40039,223000,116.47234,115.7520261,115.6442
19-05-2018,10674.8714,232781.8182,116.5012463,116.3054568,116.4630875
20-05-2018,10681.7957,232606.0606,116.5070938,116.2704277,116.1106625
21-05-2018,10516.7002,232457.5758,116.58201,115.7759874,114.3856
22-05-2018,10536.7002,241700,116.64779,116.0849624,114.5981
23-05-2018,10430.34961,290900,116.49381,116.4153763,114.5366
24-05-2018,10513.84961,297600,116.50752,116.8328821,115.8346
25-05-2018,10605.15039,260800,116.49752,117.0547226,117.0681
26-05-2018,10696.54001,232020.5882,116.4625625,116.5340162,116.390475
27-05-2018,10698.63751,230920,116.412865,116.5659143,116.8367
28-05-2018,10688.65039,232600,116.45791,117.0517499,118.7279
29-05-2018,10633.2998,225800,116.28618,116.6792721,118.0387
30-05-2018,10614.34961,238700,116.22776,116.377177,117.9342
31-05-2018,10736.15039,610300,116.18443,116.0311718,117.9554
01-06-2018,10696.2002,220600,116.13349,115.6035656,116.7409
02-06-2018,10708.72361,234725.7143,116.2870475,116.0570843,116.5215625
03-06-2018,10707.43473,234045.7143,116.3071075,115.9538669,116.1474
04-06-2018,10628.5,203800,116.14599,115.3508246,115.0434
05-06-2018,10593.15039,167700,116.30998,115.4191412,113.0583
06-06-2018,10684.65039,189900,116.55064,115.9437725,114.6737
07-06-2018,10768.34961,220900,116.61839,116.2260109,115.7346
08-06-2018,10767.65039,209400,116.52086,116.3352133,116.672
09-06-2018,10696.02501,242920,116.2976563,115.9275291,115.8935
10-06-2018,10695.13753,240622.8571,116.1794787,115.9350911,116.193825
11-06-2018,10786.9502,211400,116.39037,116.2603718,117.0106
12-06-2018,10842.84961,198300,116.10822,116.0936544,117.4545
13-06-2018,10856.7002,213400,115.7368,115.7912443,117.5009
14-06-2018,10808.0498,184300,115.20057,115.4113208,117.446
15-06-2018,10817.7002,305400,114.50947,114.9591699,116.8659
16-06-2018,10716.96115,238705.7143,114.8164813,115.1068634,116.7221625
17-06-2018,10728.39448,238151.4286,114.3600425,114.7479081,116.44075
18-06-2018,10799.84961,196600,114.0375,114.535452,116.6833
19-06-2018,10710.4502,224500,113.46765,114.0581525,115.4649
20-06-2018,10772.0498,193500,113.08127,113.7455419,115.3512
21-06-2018,10741.09961,223600,112.73886,113.388729,114.7593
22-06-2018,10821.84961,229800,112.42314,113.0841577,115.3671
23-06-2018,10776.97781,233023.5294,112.7385513,113.1859773,114.711725
24-06-2018,10786.62088,233014.7059,112.5089613,112.8469222,113.9431875
25-06-2018,10762.4502,229600,112.11009,112.5768372,114.1891
26-06-2018,10769.15039,220000,112.01301,112.2185566,113.7403
27-06-2018,10671.40039,246000,112.03689,111.8803914,112.1386
28-06-2018,10589.09961,352300,112.20078,111.8230117,110.535
29-06-2018,10714.2998,242800,112.54589,112.1092365,112.1462
30-06-2018,10828.59725,220197.0588,112.3574325,112.1966769,112.157775
01-07-2018,10843.56529,221320.5882,112.4211888,112.2053218,111.8344
02-07-2018,10657.2998,295400,112.63906,112.1010224,110.9848
03-07-2018,10699.90039,202100,112.62871,112.3490718,111.6011
04-07-2018,10769.90039,173900,112.68503,112.5152877,111.9271
05-07-2018,10749.75,220500,112.62014,112.6459961,111.6021
06-07-2018,10772.65039,231279.4118,112.50326,112.877973,112.2366
07-07-2018,10902.29026,232605.8824,112.449135,112.6550189,112.415825
08-07-2018,10916.27222,234705.8824,112.3467475,112.7081731,112.7909875
09-07-2018,10852.90039,183600,112.35838,113.0205004,113.2183
10-07-2018,10947.25,197000,112.16125,112.9765449,113.9791
11-07-2018,10948.2998,222300,111.99725,112.7537549,113.7775
12-07-2018,11023.2002,248300,111.81996,112.526256,113.9861
13-07-2018,11018.90039,232614.7059,111.72703,112.2018462,113.0779
14-07-2018,10974.59861,233491.1765,112.0707775,112.5026839,112.7953375
15-07-2018,10995.14166,233079.4118,112.12702,112.4376497,112.4472125
16-07-2018,10936.84961,210500,111.82127,112.0071676,110.8813
17-07-2018,11008.0498,210600,112.21152,112.2573604,112.1643
18-07-2018,10980.4502,225500,112.46956,112.2780405,111.2782
19-07-2018,10957.09961,215400,112.80832,112.5002273,110.4333
20-07-2018,11010.2002,187300,113.27389,112.9595444,110.7878
21-07-2018,11067.18612,237269.697,113.1644825,112.9572441,111.39195
22-07-2018,11075.70142,237809.375,113.5684525,113.3050873,111.6638875
23-07-2018,11084.75,229100,113.76943,113.4421543,111.247
24-07-2018,11134.2998,205800,114.28961,113.9299664,112.3391
25-07-2018,11132,205900,114.67226,114.2834923,112.0046
26-07-2018,11167.2998,365400,115.05303,114.7899128,113.0568
27-07-2018,11278.34961,314600,115.4098,115.1750489,114.0203
28-07-2018,11171.31144,232984.375,115.0101763,114.7985178,113.3577625
29-07-2018,11185.17647,233980.6452,115.264195,115.1186857,113.8380125
30-07-2018,11319.5498,278800,115.5893,115.4316598,114.7838
31-07-2018,11356.5,256500,115.59351,115.5756286,114.7447
01-08-2018,11346.2002,269700,115.70447,115.7602794,114.6658
02-08-2018,11244.7002,210000,115.80158,116.0034971,115.089
03-08-2018,11360.7998,218300,115.93103,116.2067187,115.7432
04-08-2018,11285.91467,237003.125,115.9062013,115.9837874,115.43165
05-08-2018,11307.81615,238709.375,116.0163588,116.1064846,115.6617375
06-08-2018,11387.09961,203700,116.10331,116.3097228,116.4488
07-08-2018,11389.4502,226400,116.21037,116.2788168,116.1656
08-08-2018,11450,210500,116.31604,116.3039761,115.8123
09-08-2018,11470.7002,302200,116.47056,116.4132374,116.6245
10-08-2018,11429.5,244327.2727,116.65319,116.3662902,115.8153
11-08-2018,11382.3073,245669.697,116.57634,116.4312895,115.9352429
12-08-2018,11396.09849,246745.4545,116.8033443,116.5415221,115.8192571
13-08-2018,11355.75,246900,116.93787,116.4887324,114.8259
14-08-2018,11435.09961,232600,117.34304,116.8582507,115.8543
15-08-2018,11443.80602,251818.75,117.348922,116.8393928,115.70318
16-08-2018,11385.0498,290600,117.69234,117.0813509,115.6369
17-08-2018,11470.75,234700,118.11817,117.40234,116.3835
18-08-2018,11449.60142,253618.75,117.8094267,117.1873897,116.281
19-08-2018,11456.53085,255568.75,118.0246483,117.3888096,116.6804
20-08-2018,11551.75,232600,118.41714,117.6287489,117.466
21-08-2018,11570.90039,224200,118.348,117.6649153,117.5194
22-08-2018,11483.11249,252296.6667,118.269442,117.6392106,117.18974
23-08-2018,11582.75,248500,118.2292,117.697252,117.2223
24-08-2018,11557.09961,218800,118.2347,117.8027969,117.3575
25-08-2018,11478.68788,249432.2581,118.1577343,117.7226953,117.9365286
26-08-2018,11474.98636,249241.9355,117.9893457,117.6751768,118.2052857
27-08-2018,11691.9502,199500,118.23625,117.9017518,118.4508
28-08-2018,11738.5,241900,118.01261,117.7797411,118.6621
29-08-2018,11691.90039,251600,117.62624,117.5836613,118.8776
30-08-2018,11676.7998,313800,117.23842,117.2961194,119.3473
31-08-2018,11680.5,346500,116.99196,116.8403015,119.8952
01-09-2018,11453.55313,274096.5517,117.0708913,116.7704456,118.464025
02-09-2018,11443.06406,278031.0345,116.70631,116.3940946,118.3173375
03-09-2018,11582.34961,234400,116.61011,116.1614351,119.3732
04-09-2018,11520.2998,254800,116.08573,115.4477096,116.7746
05-09-2018,11476.9502,246100,115.76581,115.1528451,116.3314
06-09-2018,11536.90039,247900,115.3196,114.890944,117.2773
07-09-2018,11589.09961,295900,114.54825,114.3606426,117.373
08-09-2018,11399.62579,295658.6207,114.7299788,114.4494023,116.6427125
09-09-2018,11381.01774,300975.8621,114.4613886,114.2048262,116.2526429
10-09-2018,11438.09961,286700,113.80562,113.6912299,116.2144
11-09-2018,11287.5,315640,113.19274,113.1305254,114.7984
12-09-2018,11369.90039,268200,112.51197,112.7598866,114.9994
13-09-2018,11318.43388,318431.0345,112.378296,112.6158603,115.79432
14-09-2018,11515.2002,276600,111.67033,112.2622169,116.8827
15-09-2018,11249.02499,329620,111.4874429,111.7880488,115.2394857
16-09-2018,11214.31247,333255.1724,111.10108,111.470852,115.077
17-09-2018,11377.75,201400,110.71082,111.2354429,116.0767
18-09-2018,11278.90039,240900,109.73567,110.159608,114.1294
19-09-2018,11234.34961,250600,108.78495,109.277432,113.5754
20-09-2018,11138.29062,345658.6207,108.71713,109.3057846,113.04292
21-09-2018,11143.09961,719000,107.65283,108.322328,111.8693
22-09-2018,11085.77575,344976.6667,107.8490029,108.5798145,112.1781286
23-09-2018,11046.82271,346406.6667,106.9896971,107.7801891,111.0229857
24-09-2018,10967.40039,349675.8621,106.70138,107.534112,109.5638
25-09-2018,11067.4502,405000,105.94456,107.0830703,109.9467
26-09-2018,11053.7998,340500,105.41281,106.4467081,110.0856
27-09-2018,10977.5498,405700,104.69568,105.6380654,107.9907
28-09-2018,10930.4502,478100,104.41255,105.1152578,106.583
29-09-2018,10894.03748,351837.931,105.1079629,105.8343108,108.2546571
30-09-2018,10853.55154,355168.9655,104.7474114,105.296456,107.5487143
01-10-2018,11008.2998,387000,104.30788,104.7890928,107.2876
02-10-2018,10764.20935,363221.4286,104.33484,104.5208285,105.8438167
03-10-2018,10858.25,386800,104.28088,104.233869,106.3252
04-10-2018,10599.25,425100,104.17752,103.7691288,104.6222
05-10-2018,10316.4502,606400,104.13453,103.5795574,102.2542
06-10-2018,10683.64844,365778.5714,104.2794643,104.1659421,104.2098286
07-10-2018,10655.4953,366096.5517,104.2849114,104.1561895,103.5850714
08-10-2018,10348.0498,456200,104.25869,103.8740813,102.3548
09-10-2018,10301.0498,430500,104.30271,104.2116993,101.9956
10-10-2018,10460.09961,373851.7241,104.49404,104.7041659,104.6292
11-10-2018,10234.65039,483500,104.34601,104.7208249,102.9143
12-10-2018,10472.5,343500,104.28113,105.1222749,105.1594
13-10-2018,10566.68028,377317.2414,104.28809,104.6679467,104.36235
14-10-2018,10546.05907,370086.2069,104.29229,104.781356,104.6491429
15-10-2018,10512.5,259500,104.25678,105.1140249,105.5363
16-10-2018,10584.75,265200,104.20438,105.020186,107.0176
17-10-2018,10453.0498,284800,104.16098,104.5763162,105.2916
18-10-2018,10507.11563,359267.8571,104.357112,104.719054,105.10672
19-10-2018,10303.5498,357500,104.37189,104.4173642,104.1923
20-10-2018,10494.69697,352460,104.6715614,104.7687798,104.6053571
21-10-2018,10479.81362,351776.6667,104.9416229,104.8050959,104.2643
22-10-2018,10245.25,297300,104.79153,104.4673785,103.4958
23-10-2018,10146.7998,302600,105.23892,104.6832849,102.795
24-10-2018,10224.75,351400,105.67645,105.1029037,103.9089
25-10-2018,10124.90039,345421.4286,106.14721,105.3682379,103.1489
26-10-2018,10030,364300,106.57267,105.8614241,102.2655
27-10-2018,10441.88639,339727.5862,106.31846,105.8365743,104.0157375
28-10-2018,10446.53826,338433.3333,106.6946237,106.2412047,104.50385
29-10-2018,10250.84961,364400,107.09244,106.6605183,104.9159
30-10-2018,10198.40039,289800,107.3797,107.0482113,105.0123
31-10-2018,10386.59961,375000,107.64876,107.500636,106.5836
01-11-2018,10380.4502,348500,107.80084,107.7044218,107.4007
02-11-2018,10553,421200,107.90416,107.7719155,108.3887
03-11-2018,10451.55303,315481.4815,107.6191971,107.411571,106.7773143
04-11-2018,10464.51666,315259.2593,107.70699,107.5367464,107.08755
05-11-2018,10524,301900,107.78155,107.6348523,107.9697
06-11-2018,10530,327632.1429,107.72693,107.5604417,107.1703
07-11-2018,10598.40039,31200,107.7720975,107.6535873,108.0363
08-11-2018,10496.78906,327044.4444,107.673205,107.5685401,107.79
09-11-2018,10585.2002,296600,107.67575,107.6471399,108.6165
10-11-2018,10519.33333,332232.1429,107.592755,107.524093,107.7352833
11-11-2018,10525.33789,333914.2857,107.5128283,107.4771619,107.6908167
12-11-2018,10482.2002,259700,107.50859,107.4317265,107.4035
13-11-2018,10582.5,254600,107.47571,107.437999,107.4632
14-11-2018,10576.2998,384500,107.388,107.4323988,107.7885
15-11-2018,10616.7002,333985.7143,107.30199,107.3532652,107.7029
16-11-2018,10682.2002,342800,107.22847,107.2755686,108.1044
17-11-2018,10549.02212,340037.931,107.236225,107.1907891,107.6853125
18-11-2018,10566.39858,342034.4828,107.1167938,107.0808951,107.5921875
19-11-2018,10763.40039,272100,107.12338,107.0913839,108.4339
20-11-2018,10656.2002,295200,107.00192,106.793047,107.1626
21-11-2018,10600.0498,300900,106.86174,106.7109241,107.4235
22-11-2018,10526.75,239500,106.55314,106.5525739,106.6585
23-11-2018,10628.33091,340550,106.6145833,106.6855973,107.2830167
24-11-2018,10647.67946,337940,106.4546657,106.6297726,107.1834571
25-11-2018,10670.29415,338683.3333,106.2062729,106.5067316,106.9683857
26-11-2018,10628.59961,336813.3333,106.3058,106.5290347,106.9449
27-11-2018,10685.59961,337780,105.84152,106.4366202,107.0747
28-11-2018,10728.84961,424500,105.49516,106.2948247,106.5861
29-11-2018,10858.7002,691300,105.38463,106.2300969,106.9284
30-11-2018,10876.75,453900,105.28915,106.0749184,106.9677
01-12-2018,10706.51974,332196.5517,105.492085,106.0394305,106.816925
02-12-2018,10712.57579,329913.3333,105.3891863,105.8666539,106.491
03-12-2018,10883.75,409700,105.22015,105.8765225,107.0535
04-12-2018,10869.5,322100,105.18829,105.6149719,107.2193
05-12-2018,10782.90039,312300,105.21198,105.2584545,105.7608
06-12-2018,10601.15039,318500,105.48261,105.1468222,104.3375
07-12-2018,10693.7002,325800,105.91573,105.3266716,104.1851
08-12-2018,10737.92273,339746.6667,105.896565,105.752626,104.993775
09-12-2018,10744.28637,341583.3333,106.156625,105.9212596,104.8587875
10-12-2018,10488.4502,381300,106.2895,105.5803542,102.3021
11-12-2018,10549.15039,425500,106.75226,106.3088551,103.6111
12-12-2018,10737.59961,360500,107.112,106.9083563,105.4808
13-12-2018,10791.5498,376200,107.30063,107.225591,105.9736
14-12-2018,10805.4502,340100,107.57957,107.5038112,106.2777
15-12-2018,10754.43635,334774.1935,107.3845325,107.18015,105.7879375
16-12-2018,10760.46514,335993.5484,107.60803,107.4895305,106.5837625
17-12-2018,10888.34961,296900,107.83595,107.7762803,106.7349
18-12-2018,10908.7002,286100,108.0637,108.0076982,107.4562
19-12-2018,10967.2998,312100,108.14265,108.1302534,108.4671
20-12-2018,10951.7002,318900,108.07748,108.0553985,108.6687
21-12-2018,10754,377500,108.00463,107.9191093,107.9228
22-12-2018,10781.79116,333336.3636,108.0517443,107.9921435,107.6268429
23-12-2018,10787.81175,331664.7059,108.1324571,108.0733214,107.7171571
24-12-2018,10663.5,223400,108.02029,107.9182892,106.9297
25-12-2018,10794.41765,316361.7647,108.2167583,108.1561717,107.8099667
26-12-2018,10729.84961,263700,108.21751,108.1379757,107.2085
27-12-2018,10779.7998,456100,108.40094,108.3445258,107.3671
28-12-2018,10859.90039,245500,108.5797,108.5617315,108.763
29-12-2018,10798.06764,308302.9412,108.4316857,108.320458,108.0525571
30-12-2018,10796.94999,307620.5882,108.53497,108.3799915,108.1790857
31-12-2018,10862.5498,180900,108.61298,108.5170052,108.8415
01-01-2019,10804.19408,313317.6471,108.57903,108.4448953,109.0124
02-01-2019,10792.5,309700,108.61135,108.3187831,108.2457
03-01-2019,10672.25,286200,108.74328,108.3350238,107.8154
04-01-2019,10727.34961,296600,108.894,108.4504958,107.9402
05-01-2019,10808.06465,315361.7647,108.75604,108.490254,108.4849125
06-01-2019,10811.08375,314908.8235,108.7586125,108.491441,108.5240625
07-01-2019,10771.7998,269400,108.92653,108.5638948,108.0794
08-01-2019,10802.15039,277700,108.89442,108.6715603,108.9019
09-01-2019,10855.15039,333000,108.78673,108.6203737,109.0428
10-01-2019,10821.59961,254400,108.63356,108.5265012,109.1547
11-01-2019,10794.9502,260800,108.4439,108.3869015,109.0958
12-01-2019,10821.32643,323726.4706,108.405465,108.3846094,108.95965
13-01-2019,10825.84849,324091.1765,108.18533,108.2568226,109.11505
14-01-2019,10737.59961,298800,108.1959,108.2293685,108.502
15-01-2019,10886.7998,310700,107.86982,108.1687837,109.3356
16-01-2019,10890.2998,276500,107.49286,107.9094912,109.565
17-01-2019,10905.2002,271700,107.16545,107.5416004,109.3226
18-01-2019,10906.9502,323800,106.9373,107.1458227,108.2655
19-01-2019,10837.51614,322994.1176,107.2021463,107.3818165,108.5106375
20-01-2019,10837.51614,322994.1176,106.9665138,107.1309673,108.35515
21-01-2019,10961.84961,288800,106.82023,106.8970055,107.7583
22-01-2019,10922.75,300800,106.68488,106.7056068,107.825
23-01-2019,10831.5,298900,106.45073,106.4568527,107.5111
24-01-2019,10849.7998,361100,106.31084,106.2225755,107.2581
25-01-2019,10780.5498,463400,106.23578,105.992459,106.6158
26-01-2019,10822.32939,341805.8824,106.3405388,106.2753612,106.7583
27-01-2019,10819.84713,340302.8571,106.211595,106.1680414,106.66865
28-01-2019,10661.5498,419700,106.12654,105.8539388,105.2412
29-01-2019,10652.2002,356900,106.09706,105.990103,105.566
30-01-2019,10651.7998,410100,105.99825,106.0843481,106.2909
31-01-2019,10830.9502,604800,105.78868,106.0384476,107.0411
01-02-2019,10893.65039,482300,105.52736,105.815636,107.0948
02-02-2019,10829.36141,349314.2857,105.4893538,105.7444906,106.1543125
03-02-2019,10829.48998,352268.5714,105.2532187,105.6534191,106.3126
04-02-2019,10912.25,318300,105.15634,105.5313773,106.4048
05-02-2019,10934.34961,268100,104.75305,105.3372834,105.4835
06-02-2019,11062.4502,298500,104.46755,105.3047908,106.1122
07-02-2019,11069.40039,263500,104.23746,105.1253665,106.5075
08-02-2019,10943.59961,352800,104.02643,104.8182258,105.5234
09-02-2019,10837.24411,367891.1765,104.3521363,104.9974383,105.4688625
10-02-2019,10842.13235,369711.7647,104.2463488,104.8926773,105.22175
11-02-2019,10888.7998,286000,103.97486,104.6615204,104.9464
12-02-2019,10831.40039,292300,104.05069,104.5982138,104.5779
13-02-2019,10849.20153,374121.2121,104.15071,104.602728,104.1952
14-02-2019,10746.0498,627000,104.31004,104.6932898,104.4279
15-02-2019,10724.40039,521900,104.49983,104.7522653,103.3846
16-02-2019,10868.56032,376491.1765,104.7459638,105.0427066,103.7929625
17-02-2019,10880.88238,378908.8235,105.1302463,105.3204275,103.7243125
18-02-2019,10640.9502,345400,104.91512,105.0561909,102.3719
19-02-2019,10604.34961,291500,105.64135,105.6527,102.6285
20-02-2019,10735.4502,289200,106.42511,106.3247444,103.8113
21-02-2019,10789.84961,279600,107.04912,106.8832876,104.3972
22-02-2019,10791.65039,396800,107.59112,107.4357515,105.0077
23-02-2019,10958.5677,374835.2941,107.3417363,107.1165798,104.4109875
24-02-2019,10984.1221,375111.7647,108.0405375,107.7178225,104.905225
25-02-2019,10880.09961,385900,108.28483,107.9753185,105.7047
26-02-2019,10835.2998,415000,109.03553,108.4799004,105.5781
27-02-2019,10806.65039,381100,109.79171,109.124745,105.7885
28-02-2019,10792.5,644200,110.50553,109.8661327,106.3258
01-03-2019,10863.5,308500,111.17236,110.6528733,107.5375
02-03-2019,11044.42125,360654.5455,110.3692286,109.8813635,107.2907
03-03-2019,11059.89702,363148.4848,110.9569129,110.4570665,107.9116571
04-03-2019,11075.27731,370093.9394,111.4780629,111.022713,108.5172429
05-03-2019,10987.4502,373200,111.70512,111.3451785,109.6342
06-03-2019,11053,372600,112.08952,111.725396,110.4661
07-03-2019,11058.2002,321200,112.39862,112.0052395,110.0514
08-03-2019,11035.40039,326600,112.68358,112.4394261,109.8172
09-03-2019,11123.89694,377390.625,112.5119029,112.4387952,111.1807571
10-03-2019,11149.28912,379687.5,112.5682538,112.5467116,111.399
11-03-2019,11168.0498,352200,112.86475,113.022143,111.9448
12-03-2019,11301.2002,391300,112.94261,113.2615525,113.2117
13-03-2019,11341.7002,383000,112.89912,113.2726308,113.1399
14-03-2019,11343.25,294500,112.96271,113.3021266,112.9267
15-03-2019,11426.84961,463700,113.20214,113.3855547,112.9941
16-03-2019,11248.6743,358569.697,113.2665338,113.3700447,113.0147
17-03-2019,11278.36976,360642.4242,113.3239314,113.4197449,113.1675429
18-03-2019,11462.2002,320300,113.51276,113.4725446,112.8651
19-03-2019,11532.40039,326100,113.82784,113.6075323,113.4782
20-03-2019,11521.0498,366300,113.92034,113.6362728,113.5571
21-03-2019,11347.16882,358168.75,113.884208,113.6382774,112.88606
22-03-2019,11456.90039,386200,113.97797,113.6538668,112.901
23-03-2019,11385.05463,355145.4545,114.0986386,113.88004,112.8472143
24-03-2019,11402.23447,353275,114.30486,114.1095568,112.9773143
25-03-2019,11354.25,294500,114.18213,113.8211706,111.6289
26-03-2019,11483.25,282600,114.51348,114.3083418,112.7234
27-03-2019,11445.0498,350400,114.75595,114.6605511,112.7768
28-03-2019,11570,527700,114.95631,115.0791624,113.7758
29-03-2019,11476.00331,341003.2258,115.11854,115.3687985,115.321
30-03-2019,11479.12665,338862.5,114.9379037,114.859857,114.0931625
31-03-2019,11502.21103,337675,115.1335587,115.0302335,114.406225
01-04-2019,11669.15039,379600,115.18534,115.3794204,116.1003
02-04-2019,11713.2002,386100,115.28889,115.2192249,116.0159
03-04-2019,11643.9502,365800,115.50259,115.042186,114.4032
04-04-2019,11598,349000,115.74737,115.1841829,114.1334
05-04-2019,11665.9502,266700,115.87278,115.4176903,114.9426
06-04-2019,11577.44204,351725.8065,115.7487575,115.39784,115.0582875
07-04-2019,11586.6501,350406.6667,115.9106763,115.4732961,114.9705125
08-04-2019,11604.5,260900,115.94834,115.5232659,114.9424
09-04-2019,11671.9502,300500,116.14491,115.6523472,115.1481
10-04-2019,11584.2998,359900,116.29984,115.7644021,114.7804
11-04-2019,11596.7002,279800,116.48069,115.9830692,115.3981
12-04-2019,11643.4502,246000,116.53909,116.1130624,115.989
13-04-2019,11618.62178,345766.6667,116.3111014,115.8708946,115.9352429
14-04-2019,11612.85677,347323.3333,116.2962614,115.8565949,116.2079
15-04-2019,11690.34961,290000,116.4952,116.1406318,117.1358
16-04-2019,11787.15039,354300,116.26964,115.9194833,118.1529
17-04-2019,11599.6151,347583.3333,116.2870975,115.8990865,117.032175
18-04-2019,11752.7998,339700,115.84446,115.4231685,116.851
19-04-2019,11585.05333,347906.4516,115.81243,115.526489,116.64508
20-04-2019,11580.78881,351248.3871,115.59634,115.4216997,116.6889167
21-04-2019,11570.26462,355493.5484,115.1619217,115.1400959,116.61585
22-04-2019,11594.4502,260400,115.43715,115.1058726,115.3875
23-04-2019,11575.9502,272500,115.0157,115.0432888,115.6982
24-04-2019,11726.15039,335200,114.51589,114.8977529,116.9081
25-04-2019,11641.7998,604400,113.88869,114.4510092,116.6974
26-04-2019,11754.65039,333500,113.09049,113.9518112,116.5889
27-04-2019,11568.61258,354953.125,114.05899,114.4692544,116.2103667
28-04-2019,11569.38446,354009.375,113.4379683,114.0823405,116.2374667
29-04-2019,11569.79382,360359.375,112.773665,113.6034236,116.1011333
30-04-2019,11748.15039,532600,112.40602,113.3657915,115.9821
01-05-2019,11574.6307,364206.4516,112.0593525,113.0679449,115.750325
02-05-2019,11724.75,380300,111.71102,112.7843896,115.5501
03-05-2019,11712.25,305500,111.02988,112.1697872,114.8802
04-05-2019,11595.70474,374256.25,110.9560967,111.9334994,114.0440667
05-05-2019,11601.61566,374806.25,110.8209829,111.7360997,113.5663571
06-05-2019,11598.25,299000,110.4103,111.5674733,113.9011
07-05-2019,11497.90039,337500,110.19413,111.0488896,112.7779
08-05-2019,11359.4502,372800,109.98523,110.664665,111.173
09-05-2019,11301.7998,373000,110.0103,110.5517017,110.7001
10-05-2019,11278.90039,387300,110.07319,110.5187243,110.6361
11-05-2019,11647.3688,383834.375,110.5209862,110.8591683,110.8349875
12-05-2019,11642.85972,384787.0968,110.7887713,110.8645418,110.1896875
13-05-2019,11148.2002,357600,110.43455,110.4926408,108.7154
14-05-2019,11222.0498,398100,111.16948,110.8875833,109.7442
15-05-2019,11157,414200,111.89071,111.1416684,109.0321
16-05-2019,11257.09961,350700,112.55258,111.6104614,108.7387
17-05-2019,11407.15039,412100,113.28163,112.2486306,108.6844
18-05-2019,11672.2455,384287.8788,112.8321888,112.0835321,109.84585
19-05-2019,11682.25308,384627.2727,113.4267725,112.5807948,110.17255
20-05-2019,11828.25,452100,113.95977,113.0406818,111.7394
21-05-2019,11709.09961,381000,114.42998,113.3298556,110.6889
22-05-2019,11737.90039,355900,114.93881,113.9167346,111.4237
23-05-2019,11657.0498,569000,115.19122,114.4707423,111.329
24-05-2019,11844.09961,374600,115.44065,115.1689073,114.2497
25-05-2019,11690.96326,379964.7059,114.9132013,114.4191381,113.5128375
26-05-2019,11689.29561,377444.1176,114.9908425,114.6205382,114.0490625
27-05-2019,11924.75,348400,115.37058,115.3731755,116.0647
28-05-2019,11928.75,598300,115.1559,115.2195034,116.9565
29-05-2019,11861.09961,318100,114.8187,114.8335042,115.6508
30-05-2019,11945.90039,421200,114.5809,114.6518829,116.0292
31-05-2019,11922.7998,438900,114.23659,114.3458125,115.4658
01-06-2019,11698.65003,381051.4286,114.47344,114.585245,116.0551
02-06-2019,11708.64001,380777.1429,114.0985671,114.2586105,115.7526857
03-06-2019,12088.5498,315300,113.82973,114.0969263,116.4415
04-06-2019,12021.65039,289200,113.32168,113.57591,115.7772
05-06-2019,11749.78381,381711.7647,113.333046,113.6001539,115.09112
06-06-2019,11843.75,415200,112.74647,113.0867344,113.9478
07-06-2019,11870.65039,302500,112.53076,112.8953865,113.8233
08-06-2019,11774.8671,378920,112.6423286,113.0035513,114.4344571
09-06-2019,11794.71568,377274.2857,112.3374914,112.6855722,113.9817857
10-06-2019,11922.7002,303300,112.27468,112.6891835,113.549
11-06-2019,11965.59961,332200,112.00994,112.4981131,113.9179
12-06-2019,11906.2002,283700,111.78304,112.182605,113.5845
13-06-2019,11914.0498,447900,111.69587,111.8710727,113.2728
14-06-2019,11823.2998,390300,111.61748,111.5595778,112.5861
15-06-2019,11829.65569,381322.8571,111.8112213,111.8444887,112.4617
16-06-2019,11823.65,380082.8571,111.7863262,111.7073307,112.2419125
17-06-2019,11672.15039,295500,111.58156,111.3314617,111.3972
18-06-2019,11691.5,365500,111.71803,111.3168532,111.361
19-06-2019,11691.4502,446900,111.80917,111.3070428,110.0251
20-06-2019,11831.75,442000,112.07552,111.591919,111.7907
21-06-2019,11724.09961,468400,112.22548,111.5477455,111.2625
22-06-2019,11801.43714,376591.4286,111.9865463,111.5338021,111.387475
23-06-2019,11794.54428,372777.1429,111.993785,111.5663192,111.5239375
24-06-2019,11699.65039,277600,112.31792,111.6111333,110.9016
25-06-2019,11796.4502,300500,112.17598,111.7688074,111.6489
26-06-2019,11847.5498,327900,111.98871,111.7954535,112.7128
27-06-2019,11841.5498,480200,111.63947,111.5915987,112.4889
28-06-2019,11788.84961,303900,111.36533,111.3921984,112.2269
29-06-2019,11733.83145,384940,111.4620175,111.3468129,112.21275
30-06-2019,11712.39286,388482.8571,111.1910525,111.1543825,112.5113375
01-07-2019,11865.59961,278400,111.08259,111.2067092,112.7619
02-07-2019,11910.2998,363200,110.69974,110.8611112,112.2724
03-07-2019,11916.75,340500,110.4264,110.5474915,112.6886
04-07-2019,11946.75,333600,110.1502,110.0716896,113.2903
05-07-2019,11811.15039,530700,109.68508,109.3564429,112.1869
06-07-2019,11641.88056,405952.7778,109.8200038,109.702504,111.4598625
07-07-2019,11618.33613,411633.3333,109.4517925,109.3119799,111.0830625
08-07-2019,11558.59961,464000,109.13928,108.7274524,109.4822
09-07-2019,11555.90039,442500,108.86152,108.5597307,109.7762
10-07-2019,11498.90039,337600,108.51522,108.2894042,109.2204
11-07-2019,11582.90039,317300,108.1369,108.0825163,109.7475
12-07-2019,11552.5,359400,107.71101,107.7125199,109.3995
13-07-2019,11520.34999,429811.1111,107.8563513,107.7634132,109.5031
14-07-2019,11497.12777,434894.4444,107.4046925,107.3768161,109.3977125
15-07-2019,11588.34961,368800,107.33906,107.3376354,108.9334
16-07-2019,11662.59961,480200,106.91697,106.983021,109.539
17-07-2019,11687.5,464800,106.23085,106.4150257,109.9266
18-07-2019,11596.90039,498300,105.52601,105.6346759,108.6391
19-07-2019,11419.25,446000,104.81062,104.9670261,106.7289
20-07-2019,11429.07427,447614.2857,105.175205,105.4532895,107.77775
21-07-2019,11407.15857,453642.8571,104.55341,104.9367427,107.34715
22-07-2019,11346.2002,516000,104.23477,104.5754985,106.7046
23-07-2019,11331.0498,458900,103.46126,104.1023649,106.3132
24-07-2019,11271.2998,413200,102.8821,103.6110682,105.4372
25-07-2019,11252.15039,553700,102.3647,103.2052611,105.4886
26-07-2019,11284.2998,522700,101.96956,102.6978525,105.68
27-07-2019,11324.28533,463888.2353,102.3676125,102.8540684,104.9865125
28-07-2019,11295.12063,469614.7059,101.9601275,102.3801919,104.3340875
29-07-2019,11189.2002,482900,101.64072,102.035153,104.7125
30-07-2019,11085.40039,479100,101.26224,101.440187,102.6778
31-07-2019,11118,536700,101.12555,101.1651619,102.8782
01-08-2019,10980,499900,100.97489,100.7844868,101.4852
02-08-2019,10997.34961,547400,101.00731,100.6287727,100.9704
03-08-2019,11192.19853,500091.1765,101.12285,101.0626472,101.5598
04-08-2019,11177.20439,503252.9412,101.0011575,100.9521688,101.1628875
05-08-2019,10862.59961,506600,101.02117,100.5528556,98.9695
06-08-2019,10948.25,517900,101.09224,100.9047123,100.5216
07-08-2019,10855.5,548500,100.85868,100.9898484,100.2632
08-08-2019,11032.4502,482500,100.66718,101.1513258,101.5372
09-08-2019,11109.65039,538100,100.51657,101.065576,102.3916
10-08-2019,11108.23482,529957.5758,100.7035757,100.8816118,100.8459571
11-08-2019,11083.44848,530824.2424,100.6506433,100.9364045,101.1587
12-08-2019,11058.00607,534790.9091,100.5104533,100.8870055,101.3003667
13-08-2019,10925.84961,624600,100.4039,100.770904,100.9277
14-08-2019,11029.40039,511500,100.36529,100.7360605,101.3109
15-08-2019,11026.38281,537531.25,100.30393,100.6384958,101.3549
16-08-2019,11047.7998,470900,100.2511,100.6083184,101.3716
17-08-2019,11015.65936,534296.875,100.1444,100.4342566,101.0348
18-08-2019,11006.42969,541428.125,100.0901157,100.3679598,100.6278286
19-08-2019,11053.90039,369500,100.19543,100.4387002,101.8094
20-08-2019,11017,444700,99.91282,100.1341003,101.109
21-08-2019,10918.7002,557900,99.73786,99.9174559,99.6802
22-08-2019,10741.34961,668200,99.76441,99.97017943,98.186
23-08-2019,10829.34961,667100,100.05859,100.3666638,98.3482
24-08-2019,10971.51874,545168.75,100.2163488,100.4450022,100.1213
25-08-2019,10963.8703,546421.875,100.3467975,100.5169361,99.91625
26-08-2019,11057.84961,684100,100.43383,100.8152113,100.0311
27-08-2019,11105.34961,685600,100.72563,100.9894582,101.2649
28-08-2019,11046.09961,550000,100.90222,100.9282489,100.5416
29-08-2019,10948.2998,649900,101.23902,101.0141709,100.169
30-08-2019,11023.25,628200,101.57669,101.2019866,100.8149
31-08-2019,11001.66565,591525,101.2110943,101.1481778,100.1663143
01-09-2019,11017.03909,595000,101.4443229,101.3663697,100.1541143
02-09-2019,11039.40472,604250,101.7096086,101.6357598,100.1345286
03-09-2019,10797.90039,483000,101.66401,101.2880059,98.9833
04-09-2019,10844.65039,508800,101.93626,101.8001628,99.3594
05-09-2019,10847.90039,595700,102.06643,102.3425545,99.9457
06-09-2019,10946.2002,497200,102.58263,102.8751888,101.1278
07-09-2019,11074.7152,637200,102.5659333,102.5152214,100.7443167
08-09-2019,11079.36725,637593.75,102.7969386,102.6772201,101.0709571
09-09-2019,11003.0498,412500,103.27903,103.2634974,102.1006
10-09-2019,11090.88187,661742.4242,103.4225933,103.2398349,102.1772667
11-09-2019,11035.7002,687100,103.86724,103.5219191,102.9491
12-09-2019,10982.7998,551400,104.18297,103.6492122,103.0308
13-09-2019,11075.90039,624300,104.55726,103.7866372,103.9096
14-09-2019,11094.4938,679071.875,104.4504243,103.7235656,102.7042429
15-09-2019,11103.75317,688334.375,104.7661043,103.9500817,102.4986
16-09-2019,11003.5,434500,104.8339,103.7593121,103.5457
17-09-2019,10817.59961,482000,105.09871,103.8067815,101.6881
18-09-2019,10840.65039,519200,105.33386,104.2775996,101.7058
19-09-2019,10704.7998,642600,105.48879,104.8491106,100.6611
20-09-2019,11274.2002,1356800,105.63268,105.7797796,105.1077
21-09-2019,11158.80945,683256.25,105.05079,104.8419552,104.3611625
22-09-2019,11170.01727,678503.125,104.9017812,104.948798,104.7646625
23-09-2019,11600.2002,882800,105.26356,105.9291306,108.0918
24-09-2019,11588.2002,651700,104.69082,105.4485374,107.9827
25-09-2019,11440.2002,629100,104.064,104.8853902,106.1064
26-09-2019,11571.2002,844500,103.64183,104.6140546,106.7737
27-09-2019,11512.40039,650000,103.16198,104.1341334,106.676
28-09-2019,11226.85788,700081.25,103.69367,104.5095095,106.552
29-09-2019,11252.05161,705743.75,103.2672543,104.0556228,105.8610429
30-09-2019,11474.4502,756800,102.70676,103.5692742,106.1938
01-10-2019,11359.90039,1305400,102.32674,102.9860463,104.0396
02-10-2019,11309.46453,725632.2581,102.578488,103.2162967,104.4529
03-10-2019,11314,1017500,102.27865,102.7519232,103.2551
04-10-2019,11174.75,928500,102.41831,102.6401061,102.1
05-10-2019,11334.74839,743025.8065,102.5713667,102.9610323,103.2282333
06-10-2019,11350.66562,742468.75,102.6680667,102.9016543,102.4816833
07-10-2019,11126.40039,733200,102.64982,102.7601297,101.4165
08-10-2019,11405.33905,774706.25,102.8878983,102.9949811,102.1225333
09-10-2019,11313.2998,741100,103.04792,103.0587141,102.3644
10-10-2019,11234.5498,562000,103.28696,103.2130061,101.7145
11-10-2019,11305.0498,737800,103.64573,103.5460075,101.8847
12-10-2019,11460.93591,787090.625,103.8026057,103.6685032,101.9818143
13-10-2019,11496.82498,790884.375,104.2482429,104.043323,102.2878429
14-10-2019,11341.15039,587600,104.11853,103.915187,101.9752
15-10-2019,11428.2998,527400,104.65897,104.3462952,102.1238
16-10-2019,11464,533500,105.21031,104.840183,102.3936
17-10-2019,11586.34961,797600,105.76928,105.3838681,103.5587
18-10-2019,11661.84961,853400,106.25996,105.789461,104.6517
19-10-2019,11590.7161,768006.4516,105.6465943,105.2458839,103.5022286
20-10-2019,11598.8532,768241.9355,106.0851243,105.6333628,103.8993143
21-10-2019,11612.78544,765996.7742,106.4814114,106.018707,104.3533714
22-10-2019,11588.34961,867600,106.5788,106.0422968,104.4151
23-10-2019,11604.09961,664200,106.93031,106.4038961,105.3975
24-10-2019,11582.59961,700500,107.18824,106.6275397,104.7548
25-10-2019,11583.90039,812000,107.43298,107.043704,105.3022
26-10-2019,11650.26928,748487.0968,107.2112183,106.8601042,105.64365
27-10-2019,11670.88861,727238.7097,107.2365629,106.9749802,105.9284429
28-10-2019,11680.18585,721940.625,107.3369271,107.207544,106.4381857
29-10-2019,11786.84961,951700,107.6051,107.4307049,106.6127
30-10-2019,11844.09961,725200,107.53188,107.6124838,107.3796
31-10-2019,11877.4502,1414800,107.38863,107.6642358,107.6372
01-11-2019,11890.59961,855300,107.28135,107.6702437,107.9833
02-11-2019,11755.52023,707665.625,107.2998614,107.528488,107.6926571
03-11-2019,11765.98023,703924.2424,107.26197,107.4843433,107.728175
04-11-2019,11941.2998,823100,107.16412,107.6006756,108.4655
05-11-2019,11917.2002,632000,107.07249,107.4084925,107.8401
06-11-2019,11966.0498,603400,107.05546,107.3125797,107.9302
07-11-2019,12012.0498,563000,106.99673,107.1753307,107.9768
08-11-2019,11908.15039,789300,106.8845,106.9972264,107.2022
09-11-2019,11858.57268,707654.5455,107.0383186,107.1973885,107.4741
10-11-2019,11877.20603,714315.1515,107.0674829,107.1358971,107.1143286
11-11-2019,11913.4502,549000,106.99018,106.9516767,107.0234
12-11-2019,11904.16211,709475.7576,107.1714117,107.1120419,106.7657333
13-11-2019,11840.4502,659000,107.10475,106.9357382,105.8805
14-11-2019,11872.09961,559500,107.36827,107.1702356,105.9471
15-11-2019,11895.4502,580200,107.68404,107.4420435,106.5644
16-11-2019,11910.87646,700252.9412,107.64176,107.4054838,106.7779143
17-11-2019,11920.34119,704079.4118,107.8392143,107.5449437,106.8235571
18-11-2019,11884.5,514400,107.94162,107.6370754,106.811
19-11-2019,11940.09961,613900,108.1665,107.8206477,107.5492
20-11-2019,11999.09961,646700,108.23696,107.8809694,107.6698
21-11-2019,11968.40039,557700,108.37236,107.927896,107.3429
22-11-2019,11914.40039,486800,108.47377,108.0578951,106.8545
23-11-2019,11965.67003,687131.4286,108.284385,108.045987,107.6464
24-11-2019,11978.09291,674765.7143,108.2839525,108.1347841,107.933125
25-11-2019,12073.75,534300,108.5052,108.3253162,108.259
26-11-2019,12037.7002,1201300,108.38052,108.3400532,108.1691
27-11-2019,12100.7002,584200,108.19815,108.3780428,108.5157
28-11-2019,12151.15039,620500,107.93816,108.3474523,109.1048
29-11-2019,12056.0498,804400,107.65836,108.1791528,109.1402
30-11-2019,12019.67436,637351.4286,107.827875,108.1077972,108.690775
01-12-2019,12022.6883,637508.8235,107.6498888,107.9782466,108.703025
02-12-2019,12048.2002,720900,107.45834,107.9655867,109.0598
03-12-2019,11994.2002,605800,107.25839,107.7224282,108.2538
04-12-2019,12043.2002,747200,107.22588,107.6043456,109.0238
05-12-2019,12018.40039,562200,107.08131,107.2889113,108.357
06-12-2019,11921.5,609200,107.00704,107.0515582,107.1688
07-12-2019,12052.01034,615079.4118,107.1882863,107.358381,107.642075
08-12-2019,12055.73862,606194.2857,107.178185,107.2953379,107.29795
09-12-2019,11937.5,599100,107.06,107.0255045,107.0122
10-12-2019,11856.7998,650200,107.15198,107.0284611,106.3454
11-12-2019,11910.15039,997700,107.26335,107.1802524,105.9158
12-12-2019,11971.7998,752600,107.37753,107.4612419,106.3068
13-12-2019,12086.7002,597700,107.58389,107.7177845,107.14
14-12-2019,12086.09149,588128.5714,107.49489,107.5401924,106.9109125
15-12-2019,12088.5272,583331.4286,107.6404063,107.6800324,106.986175
16-12-2019,12053.9502,437700,107.73445,107.846181,107.0603
17-12-2019,12165,499600,107.86095,108.0208213,107.9287
18-12-2019,12221.65039,518900,107.92697,108.0412927,107.5781
19-12-2019,12259.7002,623100,108.22413,108.1442244,107.6143
20-12-2019,12271.7998,810700,108.50121,108.2619853,107.6984
21-12-2019,12123.06719,584185.7143,108.1912657,108.170017,107.6101286
22-12-2019,12131.7986,569417.1429,108.3202514,108.2944367,107.6097429
23-12-2019,12262.75,604800,108.52174,108.3872265,107.932
24-12-2019,12214.5498,470300,108.56941,108.488388,107.4591
25-12-2019,12147.43825,553479.4118,108.620956,108.5881238,107.7035
26-12-2019,12126.5498,520300,108.63735,108.7171186,107.0576
27-12-2019,12245.7998,383800,108.87507,109.0859005,108.3704
28-12-2019,12153.11713,531125.7143,108.9129586,108.9876632,108.0541286
29-12-2019,12156.33714,513831.4286,109.0943143,109.1951153,108.4280857
30-12-2019,12255.84961,411100,109.02322,109.2449007,108.6456
31-12-2019,12168.4502,426900,109.23432,109.3780786,108.3253
01-01-2020,12182.5,304100,109.5296,109.6120294,108.5889
02-01-2020,12282.2002,407700,109.79123,109.8393915,110.5497
03-01-2020,12226.65039,428800,109.87936,109.6815451,110.3851
04-01-2020,12175.84568,509914.2857,109.8085838,109.6725494,108.8681875
05-01-2020,12183.63711,506034.2857,110.0404375,109.8512965,108.9668375
06-01-2020,11993.0498,396500,110.03209,109.5251996,107.9037
07-01-2020,12052.9502,447800,110.36357,109.8855328,108.4087
08-01-2020,12025.34961,446000,110.61528,110.2137179,108.1385
09-01-2020,12215.90039,477500,110.87805,110.6748774,109.4348
10-01-2020,12256.7998,660600,111.09669,110.9504502,109.8519
11-01-2020,12174.00424,499002.8571,110.93566,110.628902,109.6221875
12-01-2020,12171.83711,506385.7143,111.1392212,110.8526164,110.0631
13-01-2020,12329.5498,501000,111.38349,111.1945725,110.7566
14-01-2020,12362.2998,616300,111.53813,111.2918997,111.2781
15-01-2020,12343.2998,684400,111.57798,111.2949663,111.2052
16-01-2020,12355.5,395700,111.66058,111.3149143,111.431
17-01-2020,12352.34961,502100,111.63854,111.2891175,111.9124
18-01-2020,12153.54568,491694.2857,111.4235425,111.2317166,111.186725
19-01-2020,12153.16426,490020,111.3672187,111.2417148,111.2948
20-01-2020,12224.5498,491600,111.48877,111.1506103,111.2185
21-01-2020,12169.84961,400,111.12752,111.1355237,110.9258
22-01-2020,12106.90039,500,110.97333,111.1821289,110.7662
23-01-2020,12180.34961,867700,110.9329,111.2745576,111.6212
24-01-2020,12248.25,593200,110.85361,111.1975259,112.7199
25-01-2020,12140.52639,503897.1429,110.8969388,110.9529238,111.6578
26-01-2020,12139.34446,506374.2857,110.76187,110.7962847,111.6568125
27-01-2020,12119,441200,110.72351,110.8592206,112.303
28-01-2020,12055.7998,478500,110.56763,110.5383807,111.6766
29-01-2020,12129.5,514400,110.50824,110.2854431,112.0312
30-01-2020,12035.7998,538100,110.40822,109.8974971,111.2106
31-01-2020,11962.09961,771300,110.4052,109.6056964,110.4147
01-02-2020,12115.43287,518835.2941,110.4690388,110.0465067,110.6234875
02-02-2020,12104.73429,522358.8235,110.41306,109.9182887,110.43915
03-02-2020,11707.90039,669800,110.34303,109.4259178,107.606
04-02-2020,11979.65039,560400,110.44931,109.830344,109.3839
05-02-2020,12089.15039,758000,110.34717,109.9295538,110.3619
06-02-2020,12137.9502,565100,110.27568,109.8334769,110.8283
07-02-2020,12098.34961,473500,110.17733,109.6124051,111.4189
08-02-2020,12003.12001,543261.7647,110.010445,109.3864358,110.3071125
09-02-2020,11971.36858,548597.0588,109.8145925,109.181841,110.7539125
10-02-2020,12031.5,524700,109.81901,109.2109617,110.7442
11-02-2020,12107.90039,480000,109.50758,108.8702421,111.0827
12-02-2020,12201.2002,411700,109.16445,108.3785848,111.031
13-02-2020,12174.65039,501200,108.77621,107.7891592,111.1804
14-02-2020,12113.4502,622800,107.99857,107.0355502,109.793
15-02-2020,11836.23828,645681.8182,108.1351475,107.3765821,110.0637
16-02-2020,11785.90154,682593.9394,107.563345,106.7794448,109.951275
17-02-2020,12045.7998,723290.9091,107.19619,106.4227835,108.6688
18-02-2020,11992.5,676900,106.6196,105.9236688,108.3625
19-02-2020,12125.90039,513600,105.99957,105.3817063,109.647
20-02-2020,12080.84961,502600,105.24459,104.4338632,109.8448
21-02-2020,11556.70304,748284.8485,105.4112783,104.6002862,108.6647833
22-02-2020,11463.99862,763266.6667,104.9129529,104.086453,108.5200143
23-02-2020,11358.49862,794724.2424,103.8772443,103.1012172,108.3028429
24-02-2020,11829.40039,490800,104.27877,103.2314328,107.8357
25-02-2020,11797.90039,461000,103.12895,102.2082624,107.6299
26-02-2020,11678.5,567600,101.923,101.003454,107.6514
27-02-2020,11633.2998,608600,99.94623,99.52613266,107.1486
28-02-2020,11201.75,809900,98.29818,97.83225102,103.404
29-02-2020,10905.11334,821860.6061,98.87837,98.70327689,105.0629875
01-03-2020,10797.41332,827209.0909,97.0816925,97.29000786,104.345675
02-03-2020,11132.75,680800,96.46579,96.59408459,101.7692
03-03-2020,11303.2998,696500,94.62862,95.44405894,102.9029
04-03-2020,11251,797700,92.35742,93.7865387,102.1622
05-03-2020,11269,1352500,89.90535,91.92528064,102.0972
06-03-2020,10989.4502,1811000,87.82416,89.66485411,100.1866
07-03-2020,10380.46036,846960.6061,89.84070571,91.43797016,100.1465714
08-03-2020,10267.10446,847757.5758,87.58559714,89.50272543,98.16292857
09-03-2020,10451.4502,1565500,85.02369,87.32668836,96.3375
10-03-2020,10084.53033,867503.125,84.29318,86.5435187,95.45725
11-03-2020,10458.40039,1218500,82.67991,85.32428577,95.5704
12-03-2020,9590.150391,1343500,80.68003,83.0473715,87.8837
13-03-2020,9955.200195,1388000,79.64594,81.97263183,90.6681
14-03-2020,9919.451599,873484.375,80.10771,82.07958051,88.44688571
15-03-2020,9818.084412,880346.875,78.91404429,80.6646238,85.77602857
16-03-2020,9197.400391,897700,78.30512,80.04030557,85.0801
17-03-2020,8967.049805,935600,77.43045,78.92035125,83.3975
18-03-2020,8468.799805,1516600,76.98883,77.92542931,80.1909
19-03-2020,8263.450195,925700,76.66803,77.42199138,77.6415
20-03-2020,8745.450195,1071500,76.54537,77.37321169,81.2853
21-03-2020,9556.396799,904845.1613,77.30813125,78.01601127,78.5310625
22-03-2020,9463.732264,918332.2581,77.4392625,77.90155544,77.5889
23-03-2020,7610.25,653500,76.53474,76.50385873,72.1819
24-03-2020,7801.049805,738400,77.43975,77.464294,72.8997
25-03-2020,8317.849609,736900,78.55276,78.47864822,75.5716
26-03-2020,8641.450195,865600,79.35417,79.12465894,77.5428
27-03-2020,8660.25,801500,79.94228,79.47618315,77.2599
28-03-2020,9168.782258,922145.1613,79.56513375,79.12104249,75.9691875
29-03-2020,9100.524194,923367.7419,79.99804714,79.49492588,76.51022857
30-03-2020,8281.099609,593300,80.62884,79.96869051,76.3334
31-03-2020,8597.75,712700,81.65988,80.77653285,78.9813
01-04-2020,8253.799805,506300,82.40865,81.17547348,76.9829
02-04-2020,8902.503353,866310,81.9354975,81.00696333,77.178125
03-04-2020,8083.799805,697000,83.04462,82.10715648,76.4149
04-04-2020,8880.220987,824229.0323,82.62521667,81.87656902,78.52058333
05-04-2020,8901.256256,818878.125,83.25286833,82.62234362,79.80331667
06-04-2020,8882.553131,809900,83.571466,82.99150578,79.96772
07-04-2020,8792.200195,814200,83.80525,83.37210237,81.179
08-04-2020,8748.75,896500,84.20406,83.85945845,81.232
09-04-2020,9111.900391,742100,84.39475,84.4433381,84.0298
10-04-2020,8838.382245,770090.3226,84.22097,84.05253359,82.506625
11-04-2020,8838.646736,764525.8065,84.30929,84.19127554,82.69008
12-04-2020,8848.448368,757641.9355,84.42881,84.33274585,82.92931667
13-04-2020,8993.849609,644000,84.47982,84.53523546,83.5857
14-04-2020,8903.877394,721367.7419,84.823126,84.80165112,84.36174
15-04-2020,8925.299805,879100,84.66257,84.74624334,83.4239
16-04-2020,8992.799805,719400,85.02641,85.04009741,84.1255
17-04-2020,9266.75,684200,85.55208,85.24334128,86.6438
18-04-2020,8970.975775,714435.4839,85.07635571,84.85079738,84.51595714
19-04-2020,9022.024162,717919.3548,85.19132857,84.92520632,84.74187143
20-04-2020,9261.849609,726400,85.38236,84.93212823,86.469
21-04-2020,8981.450195,655100,85.13157,84.59060117,83.3426
22-04-2020,9187.299805,734400,85.29968,84.86793476,84.0212
23-04-2020,9313.900391,666700,85.28463,85.05609804,85.1671
24-04-2020,9154.400391,659400,85.12215,85.03143094,83.1389
25-04-2020,9089.162865,708770.9677,85.2070025,85.14062662,84.93685
26-04-2020,9104.28544,705854.8387,85.146795,85.18591032,85.301
27-04-2020,9282.299805,512800,85.19835,85.45199338,84.8805
28-04-2020,9380.900391,614500,85.09801,85.5789919,85.4132
29-04-2020,9553.349609,653000,85.13927,85.61583455,87.0623
30-04-2020,9859.900391,931200,84.9007,85.29439778,89.3822
01-05-2020,9162.604807,709209.6774,84.79493167,85.09810563,85.94098333
02-05-2020,9158.431213,707515.625,84.65976571,84.98811289,85.80994286
03-05-2020,9174.767151,705931.25,84.44073429,84.80548401,85.66568571
04-05-2020,9293.5,687500,84.38268,84.38599729,84.9466
05-05-2020,9205.599609,725200,84.05058,84.26141891,83.9611
06-05-2020,9270.900391,722200,83.84877,84.32815644,85.0237
07-05-2020,9199.049805,708700,83.66513,84.17359121,83.8707
08-05-2020,9251.5,609100,83.62877,84.24090037,83.5423
09-05-2020,9261.021159,717469.697,83.77344,84.36730095,84.368525
10-05-2020,9284.566119,719741.1765,83.66774875,84.36702894,84.334775
11-05-2020,9239.200195,704600,83.56913,84.39614489,83.9009
12-05-2020,9196.549805,805500,83.48652,84.50619931,83.8771
13-05-2020,9383.549805,846400,83.55594,84.64599916,85.8258
14-05-2020,9142.75,602600,83.53715,84.3838212,84.6766
15-05-2020,9136.849609,575900,83.7345,84.31875924,84.202
16-05-2020,9400.408806,732794.1176,84.1084875,84.64519021,83.6547875
17-05-2020,9433.782341,732126.4706,84.48779875,84.8652797,83.6055625
18-05-2020,8823.25,773000,84.1561,84.34470574,81.6256
19-05-2020,8879.099609,762200,84.98105,84.94895146,81.943
20-05-2020,9066.549805,622300,85.84751,85.61694067,83.1873
21-05-2020,9106.25,631500,86.60362,86.15686082,83.5071
22-05-2020,9039.25,675800,87.5367,86.74569655,82.9459
23-05-2020,9512.155877,748435.2941,86.75502857,86.28524941,82.97928571
24-05-2020,9526.869112,750520.5882,87.64681143,87.01990801,83.55247143
25-05-2020,9542.701488,749635.2941,88.50352429,87.79044947,84.22491429
26-05-2020,9029.049805,655000,88.60017,87.59009579,83.0748
27-05-2020,9314.950195,763500,89.56005,88.59349485,84.5713
28-05-2020,9490.099609,837900,90.39858,89.48731593,85.6379
29-05-2020,9580.299805,967000,90.97804,90.34274169,86.6501
30-05-2020,9609.287165,746160,90.65447286,90.16366077,86.9764
31-05-2020,9640.707171,749862.8571,90.8101825,90.4617103,87.4479
01-06-2020,9826.150391,794200,91.48263,91.16332873,88.418
02-06-2020,9979.099609,770200,91.71797,91.77340179,89.8751
03-06-2020,10061.5498,794700,91.84387,92.19524663,90.6076
04-06-2020,10029.09961,775100,91.90015,92.54805699,90.7484
05-06-2020,10142.15039,987100,92.07436,92.94798077,92.8379
06-06-2020,9764.300028,751354.2857,92.040525,92.4139287,91.462225
07-06-2020,9799.542885,744728.5714,92.2418575,92.62541841,91.8390375
08-06-2020,10167.4502,936500,92.16372,92.97244316,93.5806
09-06-2020,10046.65039,754200,92.32677,92.83729719,92.6736
10-06-2020,10116.15039,632400,92.81473,92.87367435,92.9566
11-06-2020,9902,715500,93.09329,92.85524643,91.4325
12-06-2020,9972.900391,796300,93.56452,93.1714123,91.696
13-06-2020,9977.712919,731377.1429,93.46633,93.38507707,91.9269
14-06-2020,10029.90293,731540,93.89878375,93.70911641,91.7906375
15-06-2020,9813.700195,716100,94.08653,93.4992817,90.7714
16-06-2020,9914,899900,94.60893,94.10547763,91.1341
17-06-2020,9881.150391,685400,95.07215,94.76578377,91.1704
18-06-2020,10091.65039,622900,95.62335,95.56475794,92.4905
19-06-2020,10244.40039,892100,96.13288,96.24792637,93.7315
20-06-2020,10189.61396,721394.4444,95.78233875,95.65337442,93.47555
21-06-2020,10233.75703,723086.1111,96.21764875,96.1373354,94.147225
22-06-2020,10311.2002,685400,96.56782,96.80713224,95.2111
23-06-2020,10471,669200,96.96291,97.16180607,97.5532
24-06-2020,10305.2998,854800,97.20414,97.07482964,95.7422
25-06-2020,10288.90039,994200,97.56901,97.37096955,96.1448
26-06-2020,10383,671900,97.96706,97.64345168,96.9161
27-06-2020,10389.71815,704613.8889,97.736295,97.60252257,96.2514375
28-06-2020,10421.75982,704472.2222,98.0378975,97.90276369,96.548275
29-06-2020,10312.40039,574500,98.20033,97.80508538,95.9954
30-06-2020,10302.09961,556200,98.57977,98.20723769,95.7663
01-07-2020,10430.0498,573600,98.83932,98.74966829,96.6824
02-07-2020,10551.7002,597400,98.98064,99.20906124,97.5858
03-07-2020,10607.34961,525200,99.14046,99.56978596,98.0809
04-07-2020,10545.14038,678891.6667,99.08986875,99.19914263,97.82865
05-07-2020,10577.25703,674627.7778,99.33231125,99.50369655,98.3448875
06-07-2020,10763.65039,571200,99.42648,99.90064951,99.162
07-07-2020,10799.65039,636800,99.66162,100.0647938,99.9655
08-07-2020,10705.75,767900,99.89033,100.0868591,99.3909
09-07-2020,10813.4502,618700,100.13987,100.2415167,100.1253
10-07-2020,10768.0498,590700,100.46311,100.2673427,99.2488
11-07-2020,10698.30423,668147.2222,100.3551063,100.3579461,99.2674625
12-07-2020,10731.29451,661694.4444,100.6699863,100.6002757,99.2702125
13-07-2020,10802.7002,554100,100.79106,100.4936855,99.7898
14-07-2020,10607.34961,532400,101.00309,100.6501045,98.3618
15-07-2020,10618.2002,715900,101.46529,101.1586166,98.0956
16-07-2020,10739.9502,694400,101.94552,101.8392869,99.184
17-07-2020,10901.7002,676900,102.24856,102.4293507,100.9411
18-07-2020,10855.69588,640730.5556,101.91648,101.9474595,100.253075
19-07-2020,10878.957,639083.3333,102.1974288,102.3239894,100.6990625
20-07-2020,11022.2002,554300,102.4697,102.7600731,101.5134
21-07-2020,11162.25,772000,102.61679,103.0371115,102.2526
22-07-2020,11132.59961,765100,102.79183,103.2114474,101.8863
23-07-2020,11215.4502,621600,103.03865,103.5059247,103.3577
24-07-2020,11194.15039,678900,103.26076,103.5388635,102.5283
25-07-2020,10985.11532,620341.6667,103.2981325,103.5540247,102.4162625
26-07-2020,11015.84589,622286.1111,103.6169775,103.8068607,102.5038875
27-07-2020,11131.7998,588100,103.56119,103.7634331,101.9101
28-07-2020,11300.5498,683900,104.09947,104.1752849,102.9838
29-07-2020,11202.84961,600700,104.54667,104.4400594,102.8979
30-07-2020,11102.15039,677800,105.02046,104.7827614,102.2144
31-07-2020,11073.4502,642600,105.67556,105.3535084,103.1525
01-08-2020,11106.67228,632397.2222,105.3642688,105.2329041,103.0625625
02-08-2020,11127.5042,635358.3333,105.8906288,105.7152023,103.52115
03-08-2020,10891.59961,680900,106.13811,105.8426214,102.9843
04-08-2020,11095.25,625700,106.66927,106.477804,104.003
05-08-2020,11101.65039,667600,107.20342,107.0277604,104.3545
06-08-2020,11200.15039,600400,107.77207,107.6218183,105.5788
07-08-2020,11214.0498,452600,108.22761,108.0758223,105.5326
08-08-2020,11210.13336,667330.5556,107.9812675,107.7372336,105.6047125
09-08-2020,11235.90142,669027.7778,108.48943,108.2111272,106.32735
10-08-2020,11270.15039,492000,108.80344,108.6409828,107.2929
11-08-2020,11322.5,586100,109.30834,108.9405568,107.4558
12-08-2020,11308.40039,609900,109.72788,109.2705028,107.6358
13-08-2020,11300.4502,562400,110.20341,109.63377,108.7654
14-08-2020,11178.40039,645100,110.61699,109.8267411,107.778
15-08-2020,11298.44721,662900,110.3233175,109.7934675,108.3261625
16-08-2020,11301.66249,661702.7778,110.6588613,110.1195353,108.681325
17-08-2020,11247.09961,634000,111.20317,110.282017,108.2959
18-08-2020,11385.34961,579200,111.33516,110.7233763,109.3445
19-08-2020,11408.40039,626200,111.38815,111.0297932,110.041
20-08-2020,11312.2002,791600,111.48779,111.2495251,110.1342
21-08-2020,11371.59961,668700,111.5894,111.4973751,111.2909
22-08-2020,11335.03887,654188.8889,111.2949838,111.1241855,110.6863375
23-08-2020,11343.48332,649852.7778,111.191245,111.2214851,111.262
24-08-2020,11466.4502,532900,111.39953,111.5432584,112.3419
25-08-2020,11472.25,638200,111.12309,111.3657825,111.6512
26-08-2020,11549.59961,743400,110.83358,111.3023564,112.3911
27-08-2020,11559.25,719800,110.37326,111.0604134,112.9012
28-08-2020,11647.59961,807000,110.03076,110.6513497,113.6398
29-08-2020,11375.57221,652342.8571,110.3908762,110.7616774,111.6816
30-08-2020,11376.58887,654891.4286,110.2316938,110.5572501,111.53265
31-08-2020,11387.5,1371800,109.63296,109.9872496,109.6158
01-09-2020,11470.25,783800,109.76694,110.069794,109.8744
02-09-2020,11535,593500,109.96689,110.1132149,111.0374
03-09-2020,11527.4502,607100,110.12607,109.9078404,111.1503
04-09-2020,11333.84961,681300,110.16416,109.6317383,109.3922
05-09-2020,11363.24856,655582.8571,110.0999863,109.8780289,109.64895
06-09-2020,11361.16661,653102.8571,110.1936338,109.9289353,109.6315
07-09-2020,11355.0498,560300,110.42227,109.684969,109.5775
08-09-2020,11317.34961,572200,110.38294,109.708851,108.7561
09-09-2020,11278,728900,110.33766,109.9205735,107.7879
10-09-2020,11449.25,679400,110.38214,110.3945009,109.4762
11-09-2020,11464.4502,554800,109.98147,110.5985678,109.6618
12-09-2020,11387.15279,645497.0588,110.085005,110.3021273,110.089775
13-09-2020,11397.25279,643561.7647,109.946225,110.3493168,110.3339875
14-09-2020,11440.0498,642300,109.80914,110.8067384,110.9556
15-09-2020,11521.7998,506700,109.77422,110.7736581,111.8739
16-09-2020,11604.5498,527800,109.5902,110.5291599,112.6292
17-09-2020,11516.09961,636803.0303,109.31203,110.0624843,111.5312
18-09-2020,11504.9502,764200,109.25075,109.736103,111.9733
19-09-2020,11455.98421,631250,109.5545038,109.9824933,110.585425
20-09-2020,11470.23563,629220.5882,109.63472,109.8485084,109.8996625
21-09-2020,11250.5498,602900,109.20103,109.2389482,109.1842
22-09-2020,11153.65039,672200,109.53212,109.2511144,108.3033
23-09-2020,11131.84961,714900,109.96654,109.4617399,108.2327
24-09-2020,10805.5498,706100,110.45087,109.7348598,105.4695
25-09-2020,11050.25,559600,111.20205,110.6827176,107.9385
26-09-2020,11500.76992,585623.5294,110.7527288,110.3581988,108.701975
27-09-2020,11514.12422,580914.7059,111.1236225,110.7262485,108.91875
28-09-2020,11227.5498,472800,111.66406,111.2925437,110.6064
29-09-2020,11222.40039,498300,111.87772,111.4450201,110.0337
30-09-2020,11247.5498,499300,112.12744,111.7586467,109.8475
01-10-2020,11416.9502,447700,112.16818,112.183346,110.9184
02-10-2020,11548.35993,571652.9412,112.049325,111.9713465,110.8962
03-10-2020,11563.62709,573300,112.0814443,112.0791645,111.1463857
04-10-2020,11575.40566,577176.4706,112.1797357,112.2864486,111.4991857
05-10-2020,11503.34961,530600,112.18838,112.4644451,111.4761
06-10-2020,11662.40039,561400,112.27017,112.6840774,112.4951
07-10-2020,11738.84961,513400,112.27416,112.7260723,112.6475
08-10-2020,11834.59961,608800,112.3521,112.7435329,113.076
09-10-2020,11914.2002,611100,112.43984,112.6696513,112.9813
10-10-2020,11608.66568,569705.8824,112.4160637,112.6347396,112.5635625
11-10-2020,11619.71426,574429.4118,112.4728938,112.6505568,112.4109125
12-10-2020,11930.9502,522600,112.57225,112.600396,112.5586
13-10-2020,11934.5,458300,112.58585,112.609684,112.743
14-10-2020,11971.0498,569200,112.64576,112.5800582,112.5309
15-10-2020,11680.34961,608900,112.64302,112.5909823,110.2549
16-10-2020,11762.4502,555800,112.83491,113.1101117,111.1204
17-10-2020,11722.5671,578454.2857,112.794655,113.1244337,112.1829625
18-10-2020,11768.15282,584405.7143,112.8763562,113.3336495,112.3573125
19-10-2020,11873.0498,541400,112.95643,113.5522698,112.294
20-10-2020,11896.7998,453600,112.99165,113.8318853,112.535
21-10-2020,11937.65039,623700,113.12737,114.1200821,113.4269
22-10-2020,11896.4502,544900,113.22586,114.2741225,113.9534
23-10-2020,11930.34961,502300,113.48051,114.3453942,114.3054
24-10-2020,11939.85587,583658.8235,113.6025763,114.2788906,113.1318625
25-10-2020,11990.32204,590511.7647,113.94746,114.5337857,113.1168375
26-10-2020,11767.75,519800,113.77037,114.3542818,112.6946
27-10-2020,11889.40039,616300,114.34342,114.7231,113.3421
28-10-2020,11729.59961,704000,114.925,115.0299889,112.5035
29-10-2020,11670.7998,555000,115.7155,115.5914308,112.1738
30-10-2020,11642.40039,553700,116.5477,116.3509044,112.3356
31-10-2020,12146.15572,606788.5714,116.3463487,116.3492593,112.999975
01-11-2020,12180.32715,610148.5714,117.1814975,117.0935447,113.4756375
02-11-2020,11669.15039,568400,117.4401,117.2431942,112.6462
03-11-2020,11813.5,674300,118.47921,118.2647485,113.8922
04-11-2020,11908.5,667300,119.54949,119.2364259,114.4118
05-11-2020,12120.2998,632500,120.45156,120.308565,116.4999
06-11-2020,12263.5498,576800,121.27345,121.154935,117.204
07-11-2020,12292.87796,629267.6471,120.6999563,120.5908954,116.5807
08-11-2020,12327.56178,636897.0588,121.5265825,121.48205,117.5619
09-11-2020,12461.0498,553400,122.08137,122.0329206,118.4251
10-11-2020,12631.09961,847500,122.85591,122.8346585,119.1579
11-11-2020,12749.15039,880500,123.46856,123.6517159,120.4085
12-11-2020,12690.7998,622000,124.05311,124.3724306,120.4958
13-11-2020,12719.9502,513900,124.69184,125.233904,121.2596
14-11-2020,12499.74563,643185.2941,124.14343,124.4348844,121.0541714
15-11-2020,12547.75445,644626.4706,124.8578671,125.186154,121.7695143
16-11-2020,12593.06767,642558.8235,125.6135843,125.9454073,122.5639286
17-11-2020,12874.2002,707700,125.52614,126.1170827,123.0373
18-11-2020,12938.25,731300,126.32708,126.8014788,124.595
19-11-2020,12771.7002,768800,127.08243,127.2918075,123.4325
20-11-2020,12859.0498,664000,128.14593,128.1494314,124.7188
21-11-2020,12741.45884,650697.0588,128.3036271,128.213751,124.6459571
22-11-2020,12794.20295,646164.7059,128.8285338,128.6454051,124.8469625
23-11-2020,12926.4502,633100,129.28326,128.9117939,125.2832
24-11-2020,13055.15039,571900,130.35286,129.7181481,126.1705
25-11-2020,12858.40039,679000,131.40769,130.5065143,125.2844
26-11-2020,12987,549800,132.50288,131.6669842,126.254
27-11-2020,12968.9502,1162400,133.5579,132.8698696,126.8831
28-11-2020,13017.26178,644335.2941,132.5277886,131.8707912,127.2177857
29-11-2020,13069.83824,637994.1176,133.6095643,132.9047924,128.1985429
30-11-2020,13123.97794,632232.3529,134.6657586,133.9506257,129.3266857
01-12-2020,13109.0498,583600,134.79708,134.2002628,129.6026
02-12-2020,13113.75,717700,135.79285,135.2219656,131.0467
03-12-2020,13133.90039,713700,136.85569,136.1498024,132.1485
04-12-2020,13258.5498,640500,137.74622,137.0389808,134.0675
05-12-2020,13247.76213,623527.2727,137.1449457,136.6978388,133.6650571
06-12-2020,13288.697,609381.8182,137.303465,136.9753493,133.9864625
07-12-2020,13355.75,591700,138.39751,137.6993098,136.0921
08-12-2020,13392.9502,543200,138.20559,138.0564675,135.9792
09-12-2020,13529.09961,502600,138.21968,138.5180826,136.7188
10-12-2020,13478.2998,553400,138.4131,138.9179231,136.2363
11-12-2020,13513.84961,787700,138.78026,139.5138394,136.8042
12-12-2020,13432.34562,585035.2941,138.8053237,139.19905,137.7926125
13-12-2020,13469.75885,582817.6471,138.9759538,139.5115917,138.412825
14-12-2020,13558.15039,558400,139.25324,140.1159815,139.2749
15-12-2020,13567.84961,497600,139.47342,140.3028884,139.5603
16-12-2020,13682.7002,462200,139.69979,140.4679081,141.6751
17-12-2020,13740.7002,416000,139.76255,140.1996432,141.0538
18-12-2020,13760.5498,519400,139.95232,140.0098306,140.5804
19-12-2020,13647.32795,582170.5882,140.2897337,140.5501742,138.8863125
20-12-2020,13691.73087,591055.8824,140.77196,140.9199212,138.9654375
21-12-2020,13328.40039,687300,140.35293,139.8830374,134.1729
22-12-2020,13466.2998,696200,141.45554,141.1519568,136.1201
23-12-2020,13601.09961,458700,142.36808,142.2701472,138.653
24-12-2020,13749.25,471400,143.11105,143.0739577,139.9079
25-12-2020,13823.97349,584602.9412,142.6310667,142.4054521,138.6441
26-12-2020,13843.89283,583502.8571,143.0330014,142.7615552,139.0983714
27-12-2020,13887.76855,584631.4286,143.8810914,143.575596,140.2597714
28-12-2020,13873.2002,403600,143.89805,143.7775261,141.534
29-12-2020,13932.59961,439600,144.60075,144.2760875,141.4767
30-12-2020,13981.9502,380700,145.44461,144.8981736,141.824
31-12-2020,13981.75,452400,146.28956,145.5813233,142.3027
01-01-2021,14018.5,358100,147.09622,146.3099062,142.9515
02-01-2021,14012.09116,585250,146.4356788,145.9555003,143.1399875
03-01-2021,14028.98969,588705.8824,147.0796062,146.5811698,143.708575
04-01-2021,14132.90039,495000,147.74195,147.0562187,144.5865
05-01-2021,14199.5,492500,147.97765,147.6050451,145.199
06-01-2021,14146.25,632300,148.43664,148.1397218,145.2455
07-01-2021,14137.34961,559200,149.04947,148.7828822,146.0827
08-01-2021,14347.25,613500,149.46219,149.3829227,147.7779
09-01-2021,14096.68968,611485.2941,148.8911438,148.8410688,147.205175
10-01-2021,14132.63382,622423.5294,149.0373613,149.2046007,147.928025
11-01-2021,14484.75,672900,149.58958,149.7395945,148.561
12-01-2021,14563.4502,929600,149.5677,150.0015043,149.9153
13-01-2021,14564.84961,874000,149.30397,150.0206608,150.2735
14-01-2021,14595.59961,620200,148.91169,149.9644744,150.3693
15-01-2021,14433.7002,789600,148.47004,149.8745131,149.4088
16-01-2021,14295.3588,655361.7647,149.186035,150.1344133,149.5792625
17-01-2021,14343.59998,653261.7647,149.2858488,150.2577801,149.785375
18-01-2021,14281.2998,762000,148.58121,149.9780049,146.9435
19-01-2021,14521.15039,546100,149.2663,150.6523394,149.7889
20-01-2021,14644.7002,623100,149.79779,150.8442148,151.3738
21-01-2021,14590.34961,704600,150.38809,150.7265292,150.2099
22-01-2021,14371.90039,776800,150.98563,150.8413356,149.0518
23-01-2021,14497.81713,658674.2857,150.5578457,150.8805971,148.9983
24-01-2021,14534.28287,660537.1429,151.3447643,151.2988854,148.9136143
25-01-2021,14238.90039,618600,151.93277,151.2390102,148.3422
26-01-2021,14595.34001,679100,152.6385917,151.9930674,147.8642333
27-01-2021,13967.5,660700,152.95313,151.8827458,147.278
28-01-2021,13817.5498,637900,154.08964,152.9060227,146.3507
29-01-2021,13634.59961,753200,155.48229,154.3627611,145.9528
30-01-2021,14630.54286,693411.4286,155.4929386,154.6353414,149.6203429
31-01-2021,14652.9,690877.1429,156.5957871,155.7497855,150.8967143
01-02-2021,14281.2002,870500,156.97898,156.2316413,150.5205
02-02-2021,14647.84961,915000,158.11678,157.5007838,153.7944
03-02-2021,14789.9502,869500,158.89698,158.3244246,155.1038
04-02-2021,14895.65039,884700,159.65271,159.040119,157.2768
05-02-2021,14924.25,935600,160.28174,159.4319677,156.1853
06-02-2021,14715.51571,706837.1429,159.5515125,159.0189502,156.0741125
07-02-2021,14735.00569,695825.7143,160.0795813,159.6733585,157.2937
08-02-2021,15115.7998,671200,160.8004,160.1534494,158.5232
09-02-2021,15109.2998,713300,160.78578,160.515727,158.5458
10-02-2021,15106.5,624800,160.89873,160.9534886,158.6431
11-02-2021,15173.2998,500100,161.20353,161.4669083,160.2772
12-02-2021,15163.2998,571800,161.50958,161.7312879,160.9197
13-02-2021,14797.80572,681147.0588,161.1882975,161.3290408,160.383125
14-02-2021,14816.48142,676985.2941,161.3205488,161.5392443,161.0136125
15-02-2021,15314.7002,456000,161.38421,161.9116407,161.8985
16-02-2021,15313.4502,648500,161.36337,161.9145609,161.5964
17-02-2021,15208.90039,504800,161.56078,161.9852633,162.6611
18-02-2021,15118.9502,770600,161.85841,161.8350774,163.5671
19-02-2021,14981.75,712200,162.02368,161.4501835,161.3719
20-02-2021,14870.6441,644096.9697,162.0563375,161.9279953,161.3548
21-02-2021,14866.37712,625155.8824,162.3302638,162.055372,161.5347
22-02-2021,14675.7002,609900,162.21413,161.4675798,158.377
23-02-2021,14707.7998,744100,162.80989,162.1543754,159.6753
24-02-2021,14982,403800,163.23623,162.705281,161.6911
25-02-2021,15097.34961,803900,163.57562,162.9306545,163.3377
26-02-2021,14529.15039,1103600,163.6351,162.8402,159.666
27-02-2021,14956.43856,609635.2941,163.5894838,162.9556964,161.7056375
28-02-2021,14953.62573,596147.0588,163.793085,163.2334872,162.5609875
01-03-2021,14761.5498,507300,164.22309,163.5455778,161.6901
02-03-2021,14919.09961,621700,164.5912,163.9579062,163.5705
03-03-2021,15245.59961,544200,164.43061,164.0439964,165.6374
04-03-2021,15080.75,534900,163.84294,163.6899067,165.2198
05-03-2021,14938.09961,640700,163.3687,163.3499304,163.2764
06-03-2021,14921.42794,563342.4242,163.6124112,163.5100919,164.0940625
07-03-2021,14909.11618,555784.8485,163.5251714,163.5050225,164.4374857
08-03-2021,14956.2002,550336.3636,163.14948,163.3662705,164.3346
09-03-2021,15098.40039,675300,162.8882,163.1510862,163.9387
10-03-2021,15174.7998,404600,162.40507,162.9760609,165.085
11-03-2021,14885.44376,551264.5161,162.203746,162.8383092,164.56734
12-03-2021,15030.9502,493200,161.56104,162.5074078,163.9325
13-03-2021,14858.81212,550568.75,161.6681457,162.3156194,164.3103571
14-03-2021,14843.83029,547409.6774,161.25726,161.8723443,163.6569429
15-03-2021,14929.5,467500,161.01494,162.1907206,165.5459
16-03-2021,14910.4502,100,160.52773,161.4451252,165.3712
17-03-2021,14721.2998,100,160.13056,160.5726642,161.9646
18-03-2021,14557.84961,542200,160.27328,160.2633451,159.7607
19-03-2021,14744,919200,160.36669,160.375044,160.4774
20-03-2021,14799.55599,536980.6452,160.509405,160.6547534,161.87915
21-03-2021,14802.42337,530076.6667,160.5350138,160.3826653,160.7665
22-03-2021,14736.40039,459000,160.41518,160.3522983,161.0842
23-03-2021,14814.75,474200,160.56805,160.1896534,161.7218
24-03-2021,14549.40039,456400,160.77881,159.8491764,159.1074
25-03-2021,14324.90039,606800,161.21981,160.0140156,156.6447
26-03-2021,14507.2998,481000,161.20879,160.7627524,158.4715
27-03-2021,14755.08276,506953.3333,160.9372971,160.5492358,159.8718429
28-03-2021,14749.7919,502996.5517,161.0094629,160.6997676,160.2015
29-03-2021,14722.71289,502320.6897,161.0830317,160.7847866,159.9481167
30-03-2021,14845.09961,594500,161.26245,161.2719196,160.6738
31-03-2021,14690.7002,463900,161.10799,161.4048351,161.3995
01-04-2021,14867.34961,445000,160.92034,161.4060206,163.3918
02-04-2021,14684.24515,494568.9655,160.684352,161.2144468,161.42444
03-04-2021,14674.4661,493143.3333,160.5018567,161.1851379,161.6225167
04-04-2021,14666.92254,485866.6667,160.30921,161.1142251,161.9377857
05-04-2021,14637.7998,509700,160.24188,160.9647363,160.6948
06-04-2021,14683.5,475300,159.8891,161.0247222,160.9623
07-04-2021,14819.0498,493653.3333,159.58938,161.0385938,162.6129
08-04-2021,14873.7998,514800,159.15333,160.6887479,163.8294
09-04-2021,14834.84961,504100,158.79423,159.9908253,163.5174
10-04-2021,14631.12497,493367.7419,159.3701443,160.3879757,161.0227714
11-04-2021,14621.9812,508070.9677,159.3011343,160.24691,160.7991143
12-04-2021,14310.7998,650200,158.61021,159.207142,156.5345
13-04-2021,14504.7998,605100,159.31288,159.8010624,159.0081
14-04-2021,14626.7161,508150,159.319224,159.8284087,159.54244
15-04-2021,14581.4502,568000,159.75881,159.9772763,159.1292
16-04-2021,14617.84961,577200,160.11999,160.1657377,159.523
17-04-2021,14640.15308,514674.1935,159.9373267,160.0984802,157.9948333
18-04-2021,14636.45776,520145.1613,160.5319767,160.5659573,158.2332667
19-04-2021,14359.4502,512300,160.54387,160.3085683,156.6072
20-04-2021,14296.40039,467400,161.2782,161.1310946,157.167
21-04-2021,14655.42826,524172.4138,161.432984,161.3057444,157.90294
22-04-2021,14406.15039,524600,162.17811,162.0120045,157.9651
23-04-2021,14341.34961,498100,163.04475,162.9113166,158.2524
24-04-2021,14677.94055,526816.129,163.0392971,162.9340603,159.3526429
25-04-2021,14683.72339,525996.7742,163.8242814,163.7299308,160.3326714
26-04-2021,14485,452700,163.95286,163.9466315,160.2384
27-04-2021,14653.0498,451800,164.75961,164.7706829,161.6772
28-04-2021,14864.5498,457000,165.51768,165.4581235,163.5612
29-04-2021,14894.90039,517500,166.03876,165.8796621,163.4674
30-04-2021,14631.09961,613900,166.37641,166.4157203,162.741
01-05-2021,14732.44845,530056.25,166.262195,166.3263661,163.19545
02-05-2021,14751.17421,527203.125,166.9211125,167.0221252,163.9945875
03-05-2021,14634.15039,448900,167.03303,167.2323249,163.7618
04-05-2021,14496.5,503400,167.80032,168.0035526,163.9505
05-05-2021,14617.84961,455900,168.61889,168.904231,166.1661
06-05-2021,14724.7998,467800,169.2242,169.5127045,166.6315
07-05-2021,14823.15039,488000,169.95997,170.1529722,167.3335
08-05-2021,14844.89089,516096.875,169.6438963,169.7130037,166.7724
09-05-2021,14877.35757,510581.25,170.0168771,170.0673863,167.2024857
10-05-2021,14942.34961,522000,170.75921,170.7795215,168.3059
11-05-2021,14850.75,647400,171.51039,171.3292152,169.2579
12-05-2021,14696.5,643800,172.24516,171.7895075,168.772
13-05-2021,14942.8515,500556.25,172.370254,172.013282,168.49738
14-05-2021,14677.7998,620700,173.14389,172.4600647,166.8439
15-05-2021,15007.24704,493263.6364,173.2313486,172.8801568,169.4368286
16-05-2021,15046.6279,492975.7576,174.0214643,173.6453409,169.9958714
17-05-2021,14923.15039,546400,174.19262,173.7081013,169.3072
18-05-2021,15108.09961,583900,175.10748,174.6860793,171.4347
19-05-2021,15030.15039,569100,175.66069,175.4086081,172.1362
20-05-2021,14906.0498,480300,176.29002,176.1358099,172.2192
21-05-2021,15175.2998,572900,177.11921,177.0061676,173.9892
22-05-2021,15187.74422,475597.0588,176.7312863,176.4435641,173.3544625
23-05-2021,15219.58708,472314.7059,177.4159475,177.1300311,174.410975
24-05-2021,15197.7002,579800,177.78697,177.6766049,175.3259
25-05-2021,15208.4502,441500,178.48711,178.1989838,175.8177
26-05-2021,15301.4502,384000,179.20619,178.7281579,176.6056
27-05-2021,15337.84961,468748.4848,179.66991,179.1998375,177.7593
28-05-2021,15435.65039,468100,180.17032,179.5199569,177.3312
29-05-2021,15330.1385,461573.5294,179.8740513,179.3479675,177.086475
30-05-2021,15364.15137,455223.5294,180.4249475,179.8505214,177.734625
31-05-2021,15582.7998,436000,180.73086,180.0063473,178.4558
01-06-2021,15574.84961,409600,181.13363,180.3509134,176.9668
02-06-2021,15576.2002,428600,181.80742,181.1029386,178.4295
03-06-2021,15690.34961,410200,182.19414,181.6970361,180.5111
04-06-2021,15670.25,414200,182.23094,181.9605774,180.6668
05-06-2021,15481.45996,435017.6471,181.7042775,181.4567454,180.201075
06-06-2021,15506.33853,423694.1176,181.7984738,181.7357832,180.739525
07-06-2021,15751.65039,394000,182.10357,182.2480835,182.3273
08-06-2021,15740.09961,378200,181.83831,182.2304799,183.0085
09-06-2021,15635.34961,457900,181.59535,182.0575865,181.2428
10-06-2021,15737.75,298300,181.48443,182.2386502,182.7634
11-06-2021,15799.34961,363000,181.19396,182.1220391,182.9366
12-06-2021,15596.6444,390651.4286,181.3953388,182.0075125,182.5954375
13-06-2021,15618.07636,383377.1429,181.2377638,181.8768625,182.4144125
14-06-2021,15811.84961,392900,181.05237,181.9410256,182.4835
15-06-2021,15869.25,323300,181.04545,181.8204757,183.7047
16-06-2021,15767.5498,340200,180.84927,181.4017592,182.2967
17-06-2021,15691.40039,357600,180.84297,181.2028835,180.8791
18-06-2021,15683.34961,640800,181.02854,181.2748354,179.3931
19-06-2021,15690.67217,349434.2857,181.3556675,181.7455305,181.1430375
20-06-2021,15708.60273,346726.4706,181.612,181.8794179,180.8149375
21-06-2021,15746.5,351500,181.49847,181.6929988,179.6747
22-06-2021,15772.75,322200,182.06505,182.1415097,180.5789
23-06-2021,15686.9502,287500,182.46322,182.4887563,180.1336
24-06-2021,15790.4502,316700,183.10303,183.0121243,179.8587
25-06-2021,15860.34961,314600,183.71149,183.7128853,181.5207
26-06-2021,15752.33469,330805.7143,183.389765,183.3845329,181.0196875
27-06-2021,15757.40569,328488.2353,183.9861463,183.9100541,181.4022
28-06-2021,15814.7002,255100,184.13965,184.2000376,182.4143
29-06-2021,15748.4502,360300,184.67133,184.5968681,181.7429
30-06-2021,15721.5,262400,185.46588,185.2310833,182.2337
01-07-2021,15680,224900,186.26952,185.8971684,182.7348
02-07-2021,15722.2002,254800,187.08009,186.599917,184.0924
03-07-2021,15773.47854,313502.9412,186.5315888,186.1838276,183.7063625
04-07-2021,15772.60142,311750,187.1431987,186.7343754,184.1474875
05-07-2021,15834.34961,207000,187.73422,187.157143,185.3405
06-07-2021,15818.25,391400,188.26789,187.5608414,184.5606
07-07-2021,15879.65039,329300,188.62413,188.2275617,186.5317
08-07-2021,15727.90039,307900,189.03253,188.6044199,185.9433
09-07-2021,15689.7998,243200,189.51169,189.1957799,185.8023
10-07-2021,15788.97575,308091.1765,189.2130025,188.9686513,186.9835
11-07-2021,15800.10575,311150,189.53546,189.4097961,187.671
12-07-2021,15692.59961,216300,190.00728,189.9498865,187.7311
13-07-2021,15812.34961,246700,190.24767,190.4429502,189.6884
14-07-2021,15853.9502,302387.8788,190.27861,190.610628,190.2701
15-07-2021,15924.2002,284900,190.31388,190.6863009,190.8405
16-07-2021,15923.40039,276300,190.44558,190.6520344,190.6337
17-07-2021,15862.45859,298700,190.45874,190.5213329,189.7091429
18-07-2021,15877.01574,297397.0588,190.7129243,190.7018196,190.1212286
19-07-2021,15752.40039,242100,190.74989,190.6561087,190.6772
20-07-2021,15632.09961,274300,191.16827,190.6514218,188.123
21-07-2021,15919.15591,296812.1212,191.250024,190.90379,190.1569
22-07-2021,15824.0498,265300,191.78657,191.2132933,190.6157
23-07-2021,15856.0498,294100,192.09981,191.3460918,190.7349
24-07-2021,15960.40717,296797.0588,191.9070929,191.2813364,190.1488286
25-07-2021,15983.84715,293605.8824,192.17162,191.5330048,190.1410571
26-07-2021,15824.4502,267100,192.39188,191.4819122,190.7582
27-07-2021,15746.4502,311000,192.55704,191.6427372,190.135
28-07-2021,15709.40039,318600,192.59619,191.9777899,189.9978
29-07-2021,15778.4502,401600,192.60158,192.4177876,190.6228
30-07-2021,15763.0498,400000,192.73579,192.8166737,192.1575
31-07-2021,16060.23969,301069.697,192.5231513,192.3065264,192.0643875
01-08-2021,16084.25146,297266.6667,192.4306187,192.3603351,192.438125
02-08-2021,15885.15039,244800,192.75841,192.9631568,193.6768
03-08-2021,16130.75,341300,192.48582,192.8045694,194.861
04-08-2021,16258.7998,427300,192.0585,192.3475848,194.306
05-08-2021,16294.59961,418200,191.65162,191.9123815,193.7481
06-08-2021,16238.2002,320100,190.87095,191.504444,193.6556
07-08-2021,16214.11615,300966.6667,191.0757475,191.7549125,192.9044375
08-08-2021,16251.28969,302639.3939,190.6156725,191.4994624,192.69045
09-08-2021,16258.25,240500,190.0061,191.0264093,192.4098
10-08-2021,16280.09961,288000,189.50734,190.7189892,190.5265
11-08-2021,16282.25,277900,189.26724,190.7617646,190.0517
12-08-2021,16364.40039,280200,189.07781,190.9195567,191.9649
13-08-2021,16529.09961,321900,188.85673,190.6872582,192.3837
14-08-2021,16423.1632,298794.1176,189.3296213,190.5833448,191.1390625
15-08-2021,16473.79262,298158.8235,189.2329814,190.5200499,190.9575286
16-08-2021,16563.05078,254000,188.90573,190.3102711,190.9509
17-08-2021,16614.59961,297400,189.28067,190.1679091,190.5878
18-08-2021,16568.84961,251800,189.73535,190.0746001,190.2372
19-08-2021,16539.33635,297560.6061,189.976222,190.3080346,188.54488
20-08-2021,16450.5,350800,190.39977,190.0384667,185.9414
21-08-2021,16609.08677,294820.5882,190.9709529,191.0222824,188.3245857
22-08-2021,16661.2338,297091.1765,191.8725814,191.6217706,187.9255143
23-08-2021,16496.44922,275600,191.55959,190.948926,185.0071
24-08-2021,16624.59961,275400,192.89445,192.2693318,187.4222
25-08-2021,16634.65039,265900,194.02111,193.3464722,188.1255
26-08-2021,16636.90039,253500,195.21713,194.5066883,188.1574
27-08-2021,16705.19922,217400,196.45014,195.9176412,189.7541
28-08-2021,16868.21909,307364.7059,195.7042963,195.2006834,190.1468625
29-08-2021,16909.86322,306008.8235,196.811995,196.3237547,191.63115
30-08-2021,16931.05078,283500,197.56649,197.287317,192.8737
31-08-2021,17132.19922,464400,198.51668,198.2681208,194.7003
01-09-2021,17076.25,301900,199.40878,199.0609699,195.1346
02-09-2021,17234.15039,242400,200.42118,199.9334965,196.8814
03-09-2021,17323.59961,261400,201.15908,200.6117402,197.5396
04-09-2021,17093.09846,305073.5294,200.4686313,200.1344022,196.782475
05-09-2021,17135.19261,313138.2353,201.20756,200.879275,197.7342
06-09-2021,17377.80078,228000,201.66644,201.294438,198.3557
07-09-2021,17362.09961,243400,202.22571,201.9474909,198.6888
08-09-2021,17353.5,252700,202.78469,202.6716445,200.0857
09-09-2021,17369.25,241500,203.47792,203.2462988,200.4875
10-09-2021,17243.00735,316085.2941,203.14422,202.9220547,200.1518167
11-09-2021,17280.04412,321173.5294,203.4057857,203.2172024,200.6474571
12-09-2021,17310.37942,324067.6471,203.9033771,203.7882569,201.6335857
13-09-2021,17355.30078,241100,204.05677,203.8593652,200.9176
14-09-2021,17380,230400,204.65379,204.5130908,202.3756
15-09-2021,17519.44922,388200,204.97518,204.9880887,203.6213
16-09-2021,17629.5,503300,205.14958,205.2918196,205.2586
17-09-2021,17585.15039,508300,205.20016,205.2992017,204.2604
18-09-2021,17447.44425,331871.4286,205.1906575,205.2917001,203.4092125
19-09-2021,17491.36283,338480,205.5027538,205.7100306,204.1717625
20-09-2021,17396.90039,339100,205.36504,205.5300465,202.6132
21-09-2021,17562,363600,205.8388,206.1782346,203.9484
22-09-2021,17546.65039,295200,206.28594,206.6737534,204.2786
23-09-2021,17822.94922,320500,206.55354,207.2060097,207.018
24-09-2021,17853.19922,360100,206.73591,207.2477897,206.276
25-09-2021,17662.47794,358920.5882,206.73494,206.9909972,205.2471
26-09-2021,17695.84266,356182.3529,207.2216463,207.3785299,205.641
27-09-2021,17855.09961,295700,207.11022,207.4637429,206.8878
28-09-2021,17748.59961,398000,207.62507,207.5917302,205.5895
29-09-2021,17711.30078,562200,208.365,208.0366703,205.3653
30-09-2021,17618.15039,378600,209.25869,208.6303081,205.7644
01-10-2021,17532.05078,305800,210.22771,209.2671766,205.9092
02-10-2021,17803.93089,368447.0588,209.79849,209.0873502,206.530175
03-10-2021,17828.89706,371147.0588,210.517695,209.6556114,206.7744125
04-10-2021,17691.25,295800,211.34623,210.0133936,207.3508
05-10-2021,17822.30078,427000,212.05096,210.6050811,208.4198
06-10-2021,17646,395800,212.40404,211.0906991,206.9546
07-10-2021,17790.34961,419900,212.86386,212.0098322,208.8417
08-10-2021,17895.19922,324100,213.01389,212.7138616,210.0191
09-10-2021,17870.05569,376342.8571,212.5639738,212.1341571,210.1141625
10-10-2021,17882.88996,379217.1429,212.6830338,212.5830448,211.1271375
11-10-2021,17945.94922,375800,212.94569,213.3126975,212.0363
12-10-2021,17991.94922,355600,212.98489,213.5963414,212.9888
13-10-2021,18161.75,506700,212.90223,213.7313505,214.3022
14-10-2021,18338.55078,538700,212.29871,213.6044951,215.4546
15-10-2021,17916.24707,360594.1176,212.3120017,213.294118,214.3790667
16-10-2021,17935.28676,358567.6471,212.1534371,213.0901154,214.0321429
17-10-2021,17948.67498,355561.7647,211.9305457,212.8807759,213.9630714
18-10-2021,18477.05078,469900,211.60649,213.1933607,217.0944
19-10-2021,18418.75,368200,211.134,212.3264631,214.3981
20-10-2021,18266.59961,371300,211.20205,211.8660993,211.9506
21-10-2021,18178.09961,365900,211.38545,211.8473214,211.5528
22-10-2021,18114.90039,324700,212.04193,211.9127706,210.342
23-10-2021,17978.29555,348429.4118,212.3296538,212.4173532,212.4081875
24-10-2021,17982.70881,345420.5882,212.7750725,212.41939,211.3047625
25-10-2021,18125.40039,418700,212.92321,212.2618307,209.3371
26-10-2021,18268.40039,341400,213.8969,212.9117709,212.4283
27-10-2021,18210.94922,335200,214.4472,213.0192088,212.1622
28-10-2021,17857.25,374200,215.16984,213.2096552,208.267
29-10-2021,17671.65039,336500,216.21207,214.3080231,208.5324
30-10-2021,17986.1833,337742.4242,215.6302138,214.2737573,211.4949625
31-10-2021,17973.84239,333836.3636,216.0169286,214.5611754,211.8032286
01-11-2021,17929.65039,281200,217.15484,215.5914948,212.3695
02-11-2021,17888.94922,296400,217.6503,216.3074937,215.0786
03-11-2021,17829.19922,331000,217.58735,216.5805812,213.7846
04-11-2021,17916.80078,48500,217.3813925,216.42037,214.837575
05-11-2021,17921.87571,328421.2121,217.210104,216.5359808,215.70102
06-11-2021,17892.70147,332124.2424,217.006375,216.5331888,216.2631833
07-11-2021,17867.69999,330303.0303,216.7521983,216.59319,217.19015
08-11-2021,18068.55078,338900,217.13308,217.2019103,218.1176
09-11-2021,18044.25,270200,216.52495,216.9984237,219.1548
10-11-2021,18017.19922,261400,215.98773,216.519229,219.074
11-11-2021,17873.59961,232100,215.62978,215.9515021,217.9313
12-11-2021,18102.75,249100,214.72917,215.5115471,219.3886
13-11-2021,17745.41314,307144.1176,214.6589825,215.4252804,218.454975
14-11-2021,17717.50138,303897.0588,213.8855987,214.7520149,217.9964125
15-11-2021,18109.44922,280400,213.39719,214.6499797,218.6893
16-11-2021,17999.19922,267400,212.34411,213.752353,217.9601
17-11-2021,17898.65039,295700,211.52585,212.8172981,217.3241
18-11-2021,17764.80078,278400,210.94601,211.8157866,214.4491
19-11-2021,17653.87787,293202.9412,211.6016167,212.6564273,214.9501333
20-11-2021,17630.33375,288858.8235,211.4769543,212.5043241,214.7833429
21-11-2021,17599.53964,285141.1765,211.1170357,211.9978755,214.3269429
22-11-2021,17416.55078,356400,210.69598,211.2306058,209.2419
23-11-2021,17503.34961,308800,210.70056,211.6725405,212.0363
24-11-2021,17415.05078,298100,210.72898,211.591705,213.7826
25-11-2021,17536.25,255900,210.87776,211.1048394,215.4945
26-11-2021,17026.44922,356300,210.89171,210.1293593,208.9252
27-11-2021,17480.39694,279805.8824,211.4274038,211.1943365,210.4356625
28-11-2021,17452.94106,277202.9412,211.806915,211.3629308,210.7211375
29-11-2021,17053.94922,348900,211.61578,210.3969503,206.0688
30-11-2021,16983.19922,498000,212.5932,211.3587614,208.1585
01-12-2021,17166.90039,295500,213.31526,212.0699307,209.7775
02-12-2021,17401.65039,279900,213.73207,212.5793597,211.5257
03-12-2021,17196.69922,292500,213.86617,212.8135063,211.9488
04-12-2021,17370.89414,268768.5714,213.085525,212.5279735,210.5447375
05-12-2021,17347.16127,265668.5714,213.1611588,212.9686926,211.7403875
06-12-2021,16912.25,231700,213.64784,213.0056632,209.2877
07-12-2021,17176.69922,254100,213.21386,213.8318773,212.3205
08-12-2021,17469.75,257800,212.70002,214.1677389,215.2704
09-12-2021,17516.84961,237200,212.22085,213.9227031,215.634
10-12-2021,17511.30078,204500,211.8695,213.5424149,216.1659
11-12-2021,17286.75988,263174.2857,212.06937,213.1733693,214.230775
12-12-2021,17284.64704,262720,211.6848663,212.9383902,214.67815
13-12-2021,17368.25,256600,211.37218,212.9594182,215.843
14-12-2021,17324.90039,271000,210.88798,212.3186223,215.3791
15-12-2021,17221.40039,215000,210.64273,211.6385161,213.9456
16-12-2021,17248.40039,219500,210.57181,211.1258308,212.8667
17-12-2021,16985.19922,354600,210.59994,210.738971,209.7655
18-12-2021,17319.45264,255363.8889,211.40498,211.9315446,211.301075
19-12-2021,17339.14708,253591.6667,211.8089075,212.071649,210.8357625
20-12-2021,16614.19922,330600,211.10857,210.9552979,204.9479
21-12-2021,16770.84961,241000,212.40124,212.2902752,207.1821
22-12-2021,16955.44922,207900,213.65539,213.4254253,210.4787
23-12-2021,17072.59961,197000,214.6036,214.0802531,212.1205
24-12-2021,17003.75,182600,215.24658,214.5157538,211.1927
25-12-2021,17447.5638,247152.7778,214.7227613,214.2059041,210.3857375
26-12-2021,17474.09717,241005.5556,215.6907438,215.0548301,211.41075
27-12-2021,17086.25,144800,215.9799,215.2542102,211.001
28-12-2021,17233.25,176000,216.961,216.199368,212.9266
29-12-2021,17213.59961,161700,217.82581,216.9266498,213.2364
30-12-2021,17203.94922,320800,218.85243,217.7467053,213.148
31-12-2021,17354.05078,167000,219.95066,218.7686398,214.8518
01-01-2022,17505.31104,243405.5556,219.1916413,218.0831578,215.34035
02-01-2022,17514.69994,243100,219.9085525,218.6926706,216.2840125
03-01-2022,17625.69922,200500,220.85497,219.6390486,217.8746
04-01-2022,17805.25,247400,221.45534,220.0311483,219.7236
05-01-2022,17925.25,251500,221.65302,220.0994924,219.9608
06-01-2022,17745.90039,236500,221.71519,220.1303129,218.5503
07-01-2022,17812.69922,239300,221.8549,220.4814268,218.5259
08-01-2022,17493.63276,257468.5714,221.1910613,220.3792957,220.0655625
09-01-2022,17506.6356,257474.2857,220.9002663,220.4490142,220.847525
10-01-2022,18003.30078,232400,221.68855,220.9159884,220.812
11-01-2022,18055.75,220200,220.59105,220.9390969,221.5747
12-01-2022,18212.34961,245000,219.71547,220.7978518,223.5026
13-01-2022,18257.80078,303700,218.52861,220.1967966,224.1303
14-01-2022,18255.75,229500,217.3288,219.3226847,223.8949
15-01-2022,17549.1399,254668.5714,218.19053,219.1983401,222.5094625
16-01-2022,17568.9385,254537.1429,217.406135,218.4625351,222.4013875
17-01-2022,18308.09961,266700,216.41893,218.3066369,223.8783
18-01-2022,18113.05078,227500,215.71519,217.0684895,221.7004
19-01-2022,17938.40039,276700,215.53764,216.0391761,220.5825
20-01-2022,17757,258100,215.41339,215.0295486,219.9474
21-01-2022,17617.15039,277600,215.27965,213.9366927,216.8624
22-01-2022,17599.16138,265925.7143,215.5743843,215.3885969,217.9467
23-01-2022,17601.70279,267882.8571,215.48893,214.8201295,216.1975143
24-01-2022,17149.09961,323800,215.12277,213.2865355,209.837
25-01-2022,17277.94922,326500,215.53312,214.0530989,212.8189
26-01-2022,17613.79113,269061.7647,215.610414,214.1059167,212.6569
27-01-2022,17110.15039,395600,215.82075,214.3273654,211.634
28-01-2022,17101.94922,355300,216.29578,214.925891,212.1322
29-01-2022,17586.91568,270368.5714,215.6801157,214.7594357,213.9977286
30-01-2022,17565.71568,269020,215.5307643,214.9287039,215.3553
31-01-2022,17339.84961,321700,216.41555,215.5467112,214.7962
01-02-2022,17576.84961,386400,215.59139,215.7134915,216.8409
02-02-2022,17780,271200,214.98145,215.4629563,219.9249
03-02-2022,17560.19922,226600,214.07731,214.4714132,219.34
04-02-2022,17516.30078,261400,213.16386,213.389505,218.61
05-02-2022,17441.56322,283764.7059,213.5878462,213.6723536,216.8051625
06-02-2022,17398.92202,292514.7059,212.7644175,212.9761739,217.003675
07-02-2022,17213.59961,265000,212.22126,212.229395,215.2936
08-02-2022,17266.75,268500,211.51379,211.5484606,213.9405
09-02-2022,17463.80078,236400,210.73816,211.0168963,215.6952
10-02-2022,17605.84961,273600,209.82812,209.9772733,216.3843
11-02-2022,17374.75,253100,208.03566,208.5534895,213.3299
12-02-2022,17151.45146,321405.8824,209.0110225,209.4428198,212.8528875
13-02-2022,17099.46025,328308.8235,208.1195575,208.685027,212.216875
14-02-2022,16842.80078,305500,207.04453,207.492065,206.5546
15-02-2022,17352.44922,298700,206.75867,207.7003905,210.7415
16-02-2022,17322.19922,244500,205.94799,207.0245884,210.8835
17-02-2022,17304.59961,232100,205.08954,206.1670525,210.2055
18-02-2022,17276.30078,189600,204.04221,205.2696198,209.184
19-02-2022,16990.5779,339785.2941,204.4082138,205.5713062,208.570875
20-02-2022,16981.67791,337829.4118,203.688175,204.9047354,207.5590125
21-02-2022,17206.65039,215200,202.87512,204.3997575,208.2189
22-02-2022,17092.19922,300100,201.9679,203.5510591,206.1842
23-02-2022,17063.25,200200,201.53975,202.9659167,206.5948
24-02-2022,16247.9502,458000,201.28422,202.1594982,198.4597
25-02-2022,16658.40039,329800,201.93398,202.9816756,203.4186
26-02-2022,16986.625,337814.7059,202.0078829,203.0923935,204.1724143
27-02-2022,16976.88385,335041.1765,201.97933,202.8523889,203.3267143
28-02-2022,16793.90039,404200,202.21792,202.8845813,203.696
01-03-2022,16948.51769,335911.7647,202.2846617,202.7104943,201.7067
02-03-2022,16605.94922,517700,202.23629,202.704266,202.6347
03-03-2022,16498.05078,442100,202.67525,202.7197251,202.299
04-03-2022,16245.34961,456100,203.36031,202.8132196,199.7322
05-03-2022,16943.14712,334791.1765,203.79998,203.6482639,200.9892
06-03-2022,16949.95594,341747.0588,204.49799,204.239167,201.0382714
07-03-2022,15863.15039,585400,204.24532,203.4978906,197.5131
08-03-2022,16013.4502,543600,205.45532,204.8278441,199.1467
09-03-2022,16345.34961,462200,206.40945,206.0903206,201.9027
10-03-2022,16594.90039,486400,207.10399,207.020903,204.0395
11-03-2022,16630.44922,343700,207.5588,207.6834369,204.9573
12-03-2022,17004.62649,345667.6471,207.027165,206.9963892,203.0901625
13-03-2022,17018.01476,346552.9412,207.6985875,207.8644396,204.544725
14-03-2022,16871.30078,314700,207.96912,208.2892452,206.258
15-03-2022,16663,381600,208.35491,208.740633,203.8797
16-03-2022,16975.34961,260000,209.12041,209.8208403,207.0243
17-03-2022,17287.05078,448300,209.6167,210.4422937,209.1496
18-03-2022,17053.18388,351514.7059,209.38032,209.8715498,207.4178333
19-03-2022,17062.70301,353008.8235,209.7510171,210.1128808,207.5992857
20-03-2022,17073.98099,351391.1765,210.4695043,210.6714575,207.9693
21-03-2022,17117.59961,285500,210.16256,210.729559,208.5823
22-03-2022,17315.5,338300,211.05822,211.2067276,209.6131
23-03-2022,17245.65039,292100,211.9752,211.5608671,208.688
24-03-2022,17222.75,290300,212.99853,212.199282,208.8481
25-03-2022,17153,237100,213.99539,212.9439891,208.5876
26-03-2022,17121.37979,354143.75,213.7344738,212.9520107,209.378775
27-03-2022,17121.83952,352081.8182,214.7965338,213.7460631,209.8043875
28-03-2022,17222,253200,215.32047,213.9120756,209.0605
29-03-2022,17325.30078,235100,216.64565,214.9902035,210.1159
30-03-2022,17498.25,505000,217.71977,216.073382,211.5347
31-03-2022,17464.75,281100,218.65904,217.081978,211.9872
01-04-2022,17670.44922,291800,219.34113,218.2141509,214.6082
02-04-2022,17228.10615,324306.0606,218.3730775,217.2623831,214.0687
03-04-2022,17259.16525,315866.6667,218.9521525,217.9720905,215.288225
04-04-2022,18053.40039,345500,219.60976,219.0154733,217.5389
05-04-2022,17957.40039,283500,219.74781,219.3436007,218.7829
06-04-2022,17807.65039,328800,219.94099,219.4682009,218.9213
07-04-2022,17639.55078,308800,219.95307,219.5897344,218.8167
08-04-2022,17784.34961,274400,219.7172,219.7615198,221.8384
09-04-2022,17328.97357,304496.875,219.5026563,219.1556147,219.999375
10-04-2022,17329.42981,302278.125,219.4873557,219.1756349,220.3508714
11-04-2022,17674.94922,251700,219.41069,219.2999909,222.3123
12-04-2022,17530.30078,266000,218.91655,218.6305889,220.8571
13-04-2022,17475.65039,245100,218.72518,218.1358086,220.9274
14-04-2022,17292.91418,297840.625,218.8676625,218.3954608,220.726225
15-04-2022,17262.88192,297554.5455,218.747302,218.1620088,220.03988
16-04-2022,17236.28951,297481.8182,218.612935,218.0039185,219.8531333
17-04-2022,17201.48949,295845.4545,218.2957483,217.5929819,219.5868667
18-04-2022,17173.65039,376100,218.41823,217.515455,218.8081
19-04-2022,16958.65039,401400,218.26586,217.2282005,217.2945
20-04-2022,17136.55078,286100,217.9411,217.2134673,218.9194
21-04-2022,17392.59961,285200,217.50757,216.8343712,220.7147
22-04-2022,17171.94922,262700,216.57967,215.9720759,219.0421
23-04-2022,17045.37888,299621.2121,216.5627225,216.1602687,218.422625
24-04-2022,17012.50006,301296.9697,215.75108,215.6575228,218.4395375
25-04-2022,16953.94922,275700,215.64898,215.2898483,216.458
26-04-2022,17200.80078,261100,214.72731,215.030259,218.7733
27-04-2022,17038.40039,265100,213.41306,214.1984721,217.3709
28-04-2022,17245.05078,312900,211.92509,213.4934881,218.9434
29-04-2022,17102.55078,336200,210.31015,212.2823966,217.8579
30-04-2022,16822.45617,291796.9697,211.8422614,212.9991951,217.2478286
01-05-2022,16763.92282,290578.7879,210.6531714,212.0550544,216.9801286
02-05-2022,17069.09961,278200,208.92477,211.0433959,217.2844
03-05-2022,16675.29856,289087.8788,208.7887717,210.420947,215.6920667
04-05-2022,16677.59961,310600,207.94647,209.656506,214.0469
05-05-2022,16682.65039,265800,207.32535,208.6808629,214.5841
06-05-2022,16411.25,300500,206.3008,207.3690325,211.4357
07-05-2022,16608.22742,300509.0909,206.84968,207.7655134,211.4226286
08-05-2022,16577.69558,300012.1212,206.3715814,206.9528211,209.3093143
09-05-2022,16301.84961,288400,205.97406,206.4653286,209.7352
10-05-2022,16240.0498,283100,205.77893,205.7386905,207.2413
11-05-2022,16167.09961,284300,205.69738,205.4047773,205.6308
12-05-2022,15808,314900,205.57808,205.35455,202.4912
13-05-2022,15782.15039,369100,205.99585,205.99085,202.794
14-05-2022,16531.79584,292231.4286,206.26066,206.2765128,205.9042125
15-05-2022,16514.5844,287720,206.4863413,206.3592462,205.2296375
16-05-2022,15842.2998,217600,206.4811,206.7012611,204.0041
17-05-2022,16259.2998,295700,207.12253,207.3006303,207.5014
18-05-2022,16240.2998,290400,207.45735,207.2560148,207.8357
19-05-2022,15809.40039,313900,207.77951,207.1271959,204.3386
20-05-2022,16266.15039,252400,208.48804,207.7468838,208.1683
21-05-2022,16386.90871,280174.2857,208.0391213,207.4124914,206.31195
22-05-2022,16343.80441,277942.8571,208.44865,207.6570562,206.64505
23-05-2022,16214.7002,293800,208.73366,207.6532358,207.7839
24-05-2022,16125.15039,249800,208.98427,207.6241993,206.4258
25-05-2022,16025.7998,243300,209.26651,207.8905103,204.4378
26-05-2022,16170.15039,314300,209.75733,208.6577792,206.6689
27-05-2022,16352.4502,274100,210.04937,209.0997524,207.6465
28-05-2022,16149.17436,276162.8571,209.38218,208.5480968,208.161025
29-05-2022,16128.7334,274627.7778,209.2885813,208.6341128,208.616025
30-05-2022,16661.40039,251400,210.10865,209.4226974,210.4184
31-05-2022,16584.55078,651600,209.44181,209.2014301,210.8496
01-06-2022,16522.75,249600,208.71584,208.8351701,211.0573
02-06-2022,16628,236000,207.98487,208.3413635,211.4239
03-06-2022,16584.30078,245500,206.87743,207.6563554,210.6245
04-06-2022,16041.64453,268413.8889,207.1369563,207.7900892,210.4072375
05-06-2022,16029.39591,272908.3333,206.2093838,207.2085007,210.3036
06-06-2022,16569.55078,233600,205.75286,206.9967677,210.29
07-06-2022,16416.34961,233800,204.51893,206.2649383,209.2482
08-06-2022,16356.25,243500,203.69526,205.6019912,209.346
09-06-2022,16478.09961,205000,202.68807,204.7699893,209.5893
10-06-2022,16201.7998,189700,201.83578,203.6990314,208.2393
11-06-2022,16017.70006,274094.4444,202.8815113,204.3349489,207.2250375
12-06-2022,16010.21395,273891.6667,202.4068475,203.6927069,205.982475
13-06-2022,15774.40039,225500,201.30599,202.6900828,203.75
14-06-2022,15732.09961,225400,201.47356,202.4545456,203.5899
15-06-2022,15692.15039,183000,201.78164,202.2022446,203.7476
16-06-2022,15360.59961,264700,201.95555,201.8588323,200.3495
17-06-2022,15293.5,342600,202.40263,202.1942395,199.3788
18-06-2022,16012.91531,269994.4444,202.5209663,202.8332535,201.1315125
19-06-2022,16008.51253,269536.1111,203.0438637,203.2114181,200.7960625
20-06-2022,15350.15039,260000,202.96692,202.8198927,197.9507
21-06-2022,15638.7998,262800,203.83615,203.9019355,201.0115
22-06-2022,15413.2998,220900,204.44529,204.5442546,199.2741
23-06-2022,15556.65039,259200,205.48917,205.7154,201.0664
24-06-2022,15699.25,219600,206.57535,206.7485111,202.9414
25-06-2022,15991.7653,264025,206.0291488,205.973741,202.4784
26-06-2022,15989.99582,253825,206.850965,206.7504835,203.3371
27-06-2022,15832.0498,210900,207.57681,207.5945358,205.4257
28-06-2022,15850.2002,251900,208.40295,208.0764993,206.6707
29-06-2022,15799.09961,444900,208.94055,208.3888992,205.4867
30-06-2022,15780.25,306000,209.54145,209.0338324,204.8203
01-07-2022,15752.0498,364100,210.13358,209.9701729,205.0217
02-07-2022,15993.74436,250752.7778,209.943995,209.9176339,206.3604875
03-07-2022,16000.00689,249402.7778,210.656775,210.7081109,207.1733
04-07-2022,15835.34961,304300,210.80834,211.0698335,206.643
05-07-2022,15810.84961,254200,211.61218,212.0535743,207.1029
06-07-2022,15989.7998,288400,212.5361,213.1537241,209.7129
07-07-2022,16132.90039,264600,213.27905,213.9183517,211.9282
08-07-2022,16220.59961,281100,214.0096,214.3606077,212.956
09-07-2022,16110.08466,267841.6667,213.538375,213.7055777,210.6965625
10-07-2022,16156.08607,269508.3333,214.290225,214.3742478,211.2088875
11-07-2022,16216,255900,214.70289,214.6727427,213.6871
12-07-2022,16058.2998,208600,215.34771,214.8917744,212.0467
13-07-2022,15966.65039,233300,216.01113,215.5240132,211.4957
14-07-2022,15938.65039,228600,216.82314,216.4191939,210.7416
15-07-2022,16049.2002,205800,217.84696,217.6808814,211.7693
16-07-2022,16349.35137,273980,217.5607675,217.3614625,213.4882875
17-07-2022,16403.52137,275405.7143,218.4298113,218.222168,214.1816125
18-07-2022,16278.5,227700,218.9428,218.9945662,214.6814
19-07-2022,16340.5498,222600,219.96942,219.9530476,216.3421
20-07-2022,16520.84961,284400,220.84209,220.7554804,217.1424
21-07-2022,16605.25,243600,221.65524,221.5583871,219.2337
22-07-2022,16719.44922,190900,222.32201,222.0749843,219.8889
23-07-2022,16611.89407,283142.4242,221.892415,221.6348465,218.2150625
24-07-2022,16673.48377,283472.7273,222.7116312,222.3947985,219.0023625
25-07-2022,16631,211400,223.03385,222.5607808,220.1353
26-07-2022,16483.84961,208200,223.77335,223.0997765,218.6809
27-07-2022,16641.80078,185200,224.60056,224.0817491,219.6158
28-07-2022,16929.59961,376300,225.49653,225.0741822,220.9798
29-07-2022,17158.25,436100,226.28539,225.9840449,222.7277
30-07-2022,16897.49552,274787.8788,225.7629913,225.2696167,222.178725
31-07-2022,16950.26315,275024.2424,226.4690925,225.9564815,222.8994875
01-08-2022,17340.05078,381500,227.00364,226.7076771,224.9476
02-08-2022,17345.44922,333600,227.64069,227.0988053,225.0688
03-08-2022,17388.15039,285400,228.26992,227.5499176,225.2739
04-08-2022,17382,325000,228.68266,228.0556993,225.9014
05-08-2022,17397.5,355300,228.73564,228.5344325,227.0073
06-08-2022,17114.79995,274309.0909,228.2663886,227.9989539,226.0974714
07-08-2022,17146.8151,276362.5,228.5438829,228.4215055,226.6157429
08-08-2022,17525.09961,257000,228.74953,228.8737953,227.5303
09-08-2022,17243.08629,279578.125,228.8251217,229.0349308,227.47265
10-08-2022,17534.75,312700,228.78264,229.1723498,226.953
11-08-2022,17659,311200,228.9461,229.6655386,228.5755
12-08-2022,17698.15039,303900,229.05416,229.9077695,228.8684
13-08-2022,17333.80448,281078.125,228.9365983,229.6579535,228.85925
14-08-2022,17372.70904,285187.5,229.0116833,229.8354431,229.4977167
15-08-2022,17411.4333,285043.75,229.05234,229.8050444,229.4839429
16-08-2022,17825.25,285878.125,228.92767,230.1387404,229.9102
17-08-2022,17944.25,262800,229.15949,230.1895272,231.3181
18-08-2022,17956.5,263900,229.20004,229.9387333,231.3611
19-08-2022,17758.44922,295600,229.29628,229.6226518,229.4013
20-08-2022,17529.13181,288559.375,229.77975,230.1523923,229.0613571
21-08-2022,17575.18939,293487.5,230.1096225,230.3628315,229.0021375
22-08-2022,17490.69922,287600,229.78487,229.671841,226.4312
23-08-2022,17577.5,285600,230.62778,230.3919835,227.1462
24-08-2022,17604.94922,262000,231.46212,231.1132687,227.8614
25-08-2022,17522.44922,230200,232.41873,231.8359062,228.5876
26-08-2022,17558.90039,266600,233.36907,232.557752,229.6561
27-08-2022,17659.34239,290375,232.5359743,231.8885879,228.5020571
28-08-2022,17670.6424,287621.875,233.5009643,232.6411502,229.2581143
29-08-2022,17312.90039,244900,234.39537,233.2025636,227.6035
30-08-2022,17759.30078,324700,235.69388,234.4467999,232.2284
31-08-2022,17685.02185,287519.3548,235.477382,234.1602754,230.70702
01-09-2022,17542.80078,308500,236.5398,234.9397777,231.7236
02-09-2022,17539.44922,256300,237.38879,235.6544839,232.3235
03-09-2022,17649.06972,297125,236.8571457,235.5442076,232.6451571
04-09-2022,17625.8206,297936.3636,237.4528357,236.188441,234.0485857
05-09-2022,17665.80078,230300,237.73027,236.3947025,234.2872
06-09-2022,17655.59961,251200,237.91812,236.8630364,234.8603
07-09-2022,17624.40039,354100,238.33379,237.3080889,235.4896
08-09-2022,17798.75,279800,238.5652,237.7121976,237.4275
09-09-2022,17833.34961,270300,238.53066,237.7754637,238.091
10-09-2022,17556.00285,297782.3529,237.6688575,237.1794483,237.6688625
11-09-2022,17548.08381,297782.3529,237.2173225,237.0706896,238.40965
12-09-2022,17936.34961,228200,237.99029,237.7053445,239.9191
13-09-2022,18070.05078,259900,236.76415,237.2133989,240.5886
14-09-2022,18003.75,365900,235.51838,236.4633542,240.6876
15-09-2022,17877.40039,289600,234.11799,235.5246329,240.2135
16-09-2022,17530.84961,468500,232.81879,234.4826624,235.7383
17-09-2022,17481.05744,294502.9412,234.0073513,235.2452161,238.7666875
18-09-2022,17467.70743,293632.3529,233.0807488,234.4626669,238.4120625
19-09-2022,17622.25,258300,232.31933,234.2036319,236.1657
20-09-2022,17816.25,263100,231.56546,233.7676167,239.017
21-09-2022,17718.34961,245500,230.96442,232.6010871,237.8037
22-09-2022,17629.80078,284100,230.57747,231.4449509,237.0821
23-09-2022,17327.34961,390800,230.25181,230.1922511,232.6873
24-09-2022,17438.28389,291908.8235,230.937295,231.554452,233.1535125
25-09-2022,17431.01769,288550,230.804215,231.1991052,232.0354875
26-09-2022,17016.30078,492000,230.31213,229.6377958,227.6577
27-09-2022,17007.40039,359900,230.61106,230.0778171,228.1309
28-09-2022,16858.59961,323900,230.89668,230.5104653,226.6837
29-09-2022,16818.09961,340000,231.25469,231.3608576,227.2215
30-09-2022,17094.34961,376100,231.67305,232.2807148,230.7437
01-10-2022,17440.96858,281122.8571,231.3022714,231.4285766,228.8673
02-10-2022,17434.65591,282002.9412,231.6457086,231.9977492,229.7639429
03-10-2022,16887.34961,278400,231.86126,232.6222737,228.627
04-10-2022,17274.30078,226000,232.50703,233.5101123,233.0066
05-10-2022,17425.62275,280560.6061,232.332668,233.1175463,232.0274
06-10-2022,17331.80078,265500,232.71619,233.6220039,233.9342
07-10-2022,17314.65039,216300,232.90581,233.5526269,233.8255
08-10-2022,17449.02355,282570.5882,233.0520057,233.5021003,232.0454143
09-10-2022,17449.39999,282894.1176,233.5564071,233.8258084,232.2792429
10-10-2022,17241,234000,233.11638,233.4919885,233.2905
11-10-2022,16983.55078,282600,233.66535,233.5367637,230.647
12-10-2022,17123.59961,256000,234.59202,234.1789334,230.9871
13-10-2022,17014.34961,266400,235.39207,234.8882297,230.2638
14-10-2022,17185.69922,227000,236.4636,235.9158808,231.4051
15-10-2022,17473.27273,273690.9091,236.059015,235.6617286,232.425275
16-10-2022,17483.59848,275027.2727,236.9095225,236.3809405,232.7427625
17-10-2022,17311.80078,212200,237.54567,236.9182765,232.6258
18-10-2022,17486.94922,239500,238.48132,237.8721602,235.0847
19-10-2022,17512.25,210500,239.21571,238.4915958,235.0982
20-10-2022,17563.94922,249600,239.92044,239.2456838,235.8304
21-10-2022,17576.30078,277700,240.69607,240.0046357,235.9312
22-10-2022,17587.19389,268206.0606,239.5389383,238.9070326,235.5584167
23-10-2022,17629.68632,263945.4545,240.2132233,239.6511695,236.7730667
24-10-2022,17730.75,45000,240.7848217,240.2907479,237.42355
25-10-2022,17656.34961,251400,241.37442,240.9098437,238.7802
26-10-2022,17739.3797,252171.875,241.393195,241.001802,238.403175
27-10-2022,17736.94922,324600,241.59138,241.3830978,239.9137
28-10-2022,17786.80078,250000,241.91091,241.7096307,238.9876
29-10-2022,17793.24089,247957.5758,242.034415,241.9375563,240.4781167
30-10-2022,17823.33026,246527.2727,242.11669,242.0687287,240.7567571
31-10-2022,18012.19922,227200,242.27163,242.3145264,240.9791
01-11-2022,18145.40039,349900,242.48303,242.6112878,242.2258
02-11-2022,18082.84961,270900,242.57512,242.6969517,241.9823
03-11-2022,18052.69922,213000,242.61034,242.8557632,242.4286
04-11-2022,18117.15039,267900,242.60963,242.9506884,242.1455
05-11-2022,17954.70875,242097.0588,242.5097971,242.798126,242.2946714
06-11-2022,18006.90872,243950,242.5435071,242.9100048,242.2904857
07-11-2022,18202.80078,314800,242.57652,243.1296191,243.5867
08-11-2022,18106.0455,245626.4706,242.6126633,243.1061297,242.48905
09-11-2022,18157,307200,242.44231,243.0280456,242.7147
10-11-2022,18028.19922,256500,242.5076,243.0976779,240.9498
11-11-2022,18349.69922,378500,242.92958,243.5749841,243.109
12-11-2022,18189.76023,247597.0588,243.0918586,243.5044586,242.7421143
13-11-2022,18221.33525,246450,243.40049,243.6738685,242.5632286
14-11-2022,18329.15039,301400,243.26944,243.6785361,242.5948
15-11-2022,18403.40039,250900,243.74082,243.9193664,243.0931
16-11-2022,18409.65039,219300,244.17674,244.1029812,243.1467
17-11-2022,18343.90039,200500,244.73694,244.3154881,242.3345
18-11-2022,18307.65039,198800,245.48319,244.7557077,242.4215
19-11-2022,18333.91906,246958.8235,245.3287338,244.8721608,242.62715
20-11-2022,18363.44704,245682.3529,245.9746,245.3710521,242.949
21-11-2022,18159.94922,213800,246.2458,245.2744205,241.8144
22-11-2022,18244.19922,177700,247.11715,246.0433139,242.2446
23-11-2022,18267.25,178800,247.85979,246.8874725,243.3676
24-11-2022,18484.09961,204000,248.43637,247.6696664,245.1696
25-11-2022,18512.75,205900,248.93819,248.2252368,246.5076
26-11-2022,18408.88287,238171.4286,248.3233338,247.6023312,245.326675
27-11-2022,18410.41713,233534.2857,248.7758,248.1080325,246.3245
28-11-2022,18562.75,206500,249.12564,248.6069338,247.3086
29-11-2022,18618.05078,195300,249.28657,248.8954525,247.4523
30-11-2022,18758.34961,345600,249.57716,249.216153,248.7487
01-12-2022,18812.5,325000,249.86553,249.3200314,249.797
02-12-2022,18696.09961,254400,249.85131,249.2140384,250.0476
03-12-2022,18399.71858,226151.4286,249.4790288,248.9320014,249.0858125
04-12-2022,18392.01807,225255.5556,249.4324863,248.8978211,249.4457125
05-12-2022,18701.05078,288400,249.57431,249.0288025,250.5279
06-12-2022,18642.75,217800,249.37066,248.6956698,249.671
07-12-2022,18560.5,200500,249.18105,248.4789297,249.1334
08-12-2022,18609.34961,202800,248.7533,248.3334919,250.1878
09-12-2022,18496.59961,215800,248.02334,247.9214234,248.3821
10-12-2022,18388.19173,216763.8889,247.9091063,248.1010716,249.8513375
11-12-2022,18378.1792,216327.7778,247.2790512,247.7121236,249.7422
12-12-2022,18497.15039,193900,246.87727,247.8190508,248.9179
13-12-2022,18608,187600,246.11282,247.5748621,250.3582
14-12-2022,18660.30078,208000,245.3801,246.9563426,251.6324
15-12-2022,18414.90039,183100,244.53387,245.9172187,249.6548
16-12-2022,18269,277700,243.93567,245.0866451,247.2776
17-12-2022,18340.5625,222333.3333,244.6269738,245.5657548,248.6203875
18-12-2022,18330.88194,224616.6667,244.1611725,244.8869475,247.866675
19-12-2022,18420.44922,154800,243.62245,244.5997662,248.4914
20-12-2022,18385.30078,169000,243.35513,243.7349587,247.7749
21-12-2022,18199.09961,187600,243.19848,242.8371939,244.8559
22-12-2022,18127.34961,195700,243.15086,242.3885926,242.8882
23-12-2022,17806.80078,221500,243.3024,242.2775687,236.9214
24-12-2022,18273.55138,227800,243.6326062,243.4277883,243.5507875
25-12-2022,18260.97635,229480.5556,243.7199438,243.4004552,242.9484625
26-12-2022,18014.59961,176700,243.89027,243.4678284,241.2734
27-12-2022,18132.30078,214300,244.25795,243.9554792,243.031
28-12-2022,18122.5,193900,244.28331,244.160919,243.1701
29-12-2022,18191,281100,244.32115,244.381101,243.6728
30-12-2022,18105.30078,192000,244.24418,244.5385013,244.1454
31-12-2022,18188.875,220619.4444,244.1527613,244.1801141,243.962375
01-01-2023,18168.01942,221713.8889,244.1764213,244.2285006,244.35365
02-01-2023,18197.44922,256100,244.23041,244.6258571,245.8182
03-01-2023,18232.55078,208700,244.07335,244.360892,246.2084
04-01-2023,18042.94922,235200,243.92147,243.9503347,244.3797
05-01-2023,17992.15039,269900,244.07955,243.8549201,244.4036
06-01-2023,17859.44922,238200,244.23122,243.7329913,242.8001
07-01-2023,18080.01568,242162.8571,244.3388938,243.9991115,244.4241625
08-01-2023,18051.68142,251457.1429,244.4216863,243.9046557,244.059775
09-01-2023,18101.19922,257200,244.50985,243.9403005,244.9502
10-01-2023,17914.15039,283300,244.7129,243.7158783,243.2846
11-01-2023,17895.69922,259900,244.9524,243.811718,243.5485
12-01-2023,17858.19922,227800,244.89275,243.8702109,242.9031
13-01-2023,17956.59961,256700,244.49137,244.0851244,244.0077
14-01-2023,17971.27857,272242.8571,244.2382313,243.9409973,244.198975
15-01-2023,17956.60424,275728.5714,243.9456113,243.883669,244.3202375
16-01-2023,17894.84961,206200,243.92117,244.1023298,244.2476
17-01-2023,18053.30078,219100,243.51436,244.0700475,244.6896
18-01-2023,18165.34961,255800,242.91105,243.9323692,245.9605
19-01-2023,18107.84961,237800,242.16889,243.4816735,245.9203
20-01-2023,18027.65039,237200,241.59971,242.9397565,245.5864
21-01-2023,17936.68566,281077.1429,241.9455112,242.819437,245.2520875
22-01-2023,17933.35848,281505.7143,241.6632743,242.6361666,245.3955857
23-01-2023,18118.55078,202500,241.07684,242.3516135,246.9807
24-01-2023,18118.30078,216900,240.39425,241.3229276,245.6796
25-01-2023,17891.94922,257200,239.97782,240.3547782,242.952
26-01-2023,17918.49397,283058.8235,240.295526,240.7563917,242.56146
27-01-2023,17604.34961,476300,239.85177,239.7776178,238.8893
28-01-2023,17905.78984,278305.7143,240.3614557,240.644417,241.6633286
29-01-2023,17886.41127,278171.4286,240.3573371,240.4179922,240.4573571
30-01-2023,17648.94922,432400,240.17695,239.9750217,238.3057
31-01-2023,17662.15039,398300,240.45648,240.3459821,240.1795
01-02-2023,17616.30078,512900,240.59608,240.3829781,238.6565
02-02-2023,17610.40039,490100,241.04801,240.7666399,238.5389
03-02-2023,17854.05078,424100,241.64289,241.2616932,240.2285
04-02-2023,17820.06702,281514.2857,241.3523625,241.0078734,239.7421125
05-02-2023,17806.83131,281217.1429,241.6440988,241.2891535,240.1653375
06-02-2023,17764.59961,282500,241.99573,241.4912917,240.3577
07-02-2023,17721.5,354400,242.30722,241.743201,240.1548
08-02-2023,17871.69922,291000,242.59554,242.096179,241.5153
09-02-2023,17893.44922,260900,242.51084,242.2252632,241.6915
10-02-2023,17856.5,232000,242.49473,242.3438773,242.1411
11-02-2023,17772.39551,291814.7059,242.3689538,242.2354265,241.4640875
12-02-2023,17763.60432,293223.5294,242.3912275,242.4068352,241.9803375
13-02-2023,17770.90039,231300,242.41184,242.3889389,241.101
14-02-2023,17929.84961,244500,242.38071,242.6751475,241.5755
15-02-2023,18015.84961,229300,242.25502,242.9195137,243.1758
16-02-2023,18035.84961,230200,242.17392,242.8625611,244.4877
17-02-2023,17944.19922,208100,241.8887,242.5014192,243.7569
18-02-2023,17668.91906,296473.5294,242.2242188,242.40203,242.659475
19-02-2023,17635.20875,297394.1176,242.3009538,242.34482,242.71315
20-02-2023,17844.59961,174600,241.93765,242.2224234,243.4726
21-02-2023,17826.69922,198200,242.18537,241.9446064,243.038
22-02-2023,17554.30078,204000,242.56054,241.7016301,240.6683
23-02-2023,17511.25,240800,243.02572,241.931259,241.5304
24-02-2023,17465.80078,209400,243.23721,242.0203387,241.3122
25-02-2023,17560.9543,291197.1429,242.7779863,242.1814917,241.686825
26-02-2023,17546.37573,288047.0588,242.8811525,242.2914177,241.4571875
27-02-2023,17392.69922,246400,243.18428,242.1777029,240.7897
28-02-2023,17303.94922,420900,243.07998,242.486148,240.3186
01-03-2023,17450.90039,272900,243.01314,242.9678253,242.3648
02-03-2023,17321.90039,310700,242.76298,243.1018309,241.6355
03-03-2023,17594.34961,356200,242.69605,243.4276823,244.2464
04-03-2023,17463.91853,264364.7059,242.6467729,242.8645398,243.1563571
05-03-2023,17445.60993,264114.7059,242.3329529,242.7996914,243.8035571
06-03-2023,17711.44922,362800,242.19831,243.245745,245.9498
07-03-2023,17417.38086,263390.9091,241.7817767,242.5114077,244.5978
08-03-2023,17754.40039,267000,241.59267,242.6448439,246.7897
09-03-2023,17589.59961,262400,240.98754,241.7237647,245.3201
10-03-2023,17412.90039,235900,240.45311,240.9245791,243.6453
11-03-2023,17392.77575,264337.5,240.5683943,241.3425208,243.1263857
12-03-2023,17381.47881,264456.25,240.1522514,240.9461063,242.2568714
13-03-2023,17154.30078,254900,239.89371,240.3199745,240.7829
14-03-2023,17043.30078,290600,239.57225,240.2171021,239.7467
15-03-2023,16972.15039,248200,239.28117,240.3216359,239.6502
16-03-2023,16985.59961,349800,239.28531,240.4708439,239.8632
17-03-2023,17100.05078,408100,239.50575,240.6058759,240.9662
18-03-2023,17334.1814,271683.871,239.765975,240.5342528,240.11375
19-03-2023,17333.73456,272800,239.9274813,240.6276978,240.0128625
20-03-2023,16988.40039,241800,239.73648,240.5258039,239.269
21-03-2023,17107.5,246700,240.18326,240.8050937,239.8934
22-03-2023,17151.90039,278910.3448,240.66987,241.0076922,240.7384
23-03-2023,17076.90039,219200,241.18576,241.067535,239.9758
24-03-2023,16945.05078,228000,241.91203,241.3101427,238.0513
25-03-2023,17353.24049,281943.3333,241.9621463,241.7724889,239.0029625
26-03-2023,17363.39535,277296.6667,242.2800986,241.9505867,238.9649571
27-03-2023,16985.69922,218400,242.91609,242.03433,237.5683
28-03-2023,16951.69922,238800,243.98621,243.0267811,236.8359
29-03-2023,17080.69922,345900,245.10747,244.4025325,239.6916
30-03-2023,17371.55352,269806.8966,244.892294,244.2227938,239.88738
31-03-2023,17359.75,263900,245.94533,245.4494064,242.0676
01-04-2023,17385.41312,267156.6667,245.2434367,244.6609042,240.52895
02-04-2023,17398.79395,266054.8387,245.99839,245.5791163,241.7274833
03-04-2023,17398.05078,230200,246.50637,246.2009189,243.2735
04-04-2023,17418.67053,266129.0323,246.724165,246.511346,243.45935
05-04-2023,17557.05078,248300,246.99915,246.8514564,243.7368
06-04-2023,17599.15039,242700,247.44581,247.5436023,244.7595
07-04-2023,17418.85667,267136.6667,247.414288,247.4847785,244.98112
08-04-2023,17450.9002,267480,247.601735,247.7344424,245.4995833
09-04-2023,17484.65984,265333.3333,247.98794,248.2310777,246.33225
10-04-2023,17624.05078,254800,247.87654,248.1622917,245.8973
11-04-2023,17722.30078,304300,248.24357,248.6656232,247.2385
12-04-2023,17812.40039,232800,248.53897,248.9827617,248.0919
13-04-2023,17828,285800,248.8236,249.1807309,248.2695
14-04-2023,17598.57598,254953.3333,248.7424533,249.0090778,247.60265
15-04-2023,17639.78724,255073.3333,248.9507514,249.1559994,247.6134143
16-04-2023,17678.74206,254200,249.3783286,249.498796,247.9425571
17-04-2023,17706.84961,357400,249.22289,249.3832267,248.0485
18-04-2023,17660.15039,258900,249.74915,249.6798326,248.0702
19-04-2023,17618.75,281500,250.20054,250.0375287,247.678
20-04-2023,17624.44922,215100,250.86958,250.5618685,248.2013
21-04-2023,17624.05078,230200,251.3193,251.0864392,248.2034
22-04-2023,17844.47108,254406.4516,251.1441213,250.9654834,248.6285375
23-04-2023,17884.15014,254119.3548,251.7113063,251.4848047,248.98975
24-04-2023,17743.40039,255700,252.00992,251.7271146,249.0668
25-04-2023,17769.25,297400,252.59231,252.3182956,249.5676
26-04-2023,17813.59961,233000,253.18928,252.9295613,250.1925
27-04-2023,17915.05078,241400,253.76037,253.5377972,250.9382
28-04-2023,18065,290300,254.19122,254.1154854,252.2624
29-04-2023,17986.43451,253240.625,253.6284229,253.4218688,251.1318143
30-04-2023,17995.49408,252615.1515,254.1104171,253.9307698,251.8891857
01-05-2023,18018.64862,252239.3939,254.52165,254.3844551,252.3364571
02-05-2023,18147.65039,265200,254.65248,254.5272822,253.3111
03-05-2023,18089.84961,226200,255.00338,254.7975449,252.5841
04-05-2023,18255.80078,226600,255.38388,255.2894216,254.3684
05-05-2023,18069,239700,255.47094,255.494093,252.6985
06-05-2023,18091.8839,250729.4118,255.5022186,255.6033072,254.0713857
07-05-2023,18115.76919,262264.7059,255.62166,255.7666777,254.3003875
08-05-2023,18264.40039,228400,255.77967,256.1153359,255.1096
09-05-2023,18265.94922,245400,255.96157,256.3388328,254.8907
10-05-2023,18315.09961,220500,256.26361,256.6606401,255.5373
11-05-2023,18297,248900,256.45775,256.9102712,255.9034
12-05-2023,18314.80078,241700,256.67834,257.1340204,255.2467
13-05-2023,18194.38862,258697.1429,256.6890125,257.0396701,255.8464875
14-05-2023,18224.8529,258731.4286,257.001355,257.3048218,255.8626625
15-05-2023,18398.84961,216100,257.08271,257.5534249,256.875
16-05-2023,18286.5,219500,257.41358,257.704186,256.8201
17-05-2023,18181.75,229900,257.87487,257.9006495,256.3891
18-05-2023,18129.94922,272100,258.27841,258.2365494,255.239
19-05-2023,18203.40039,260900,258.87369,258.9026715,255.7858
20-05-2023,18336.42294,256974.2857,258.7223238,258.8468216,256.678425
21-05-2023,18364.61295,255945.7143,259.2790538,259.3286875,256.8327125
22-05-2023,18314.40039,262600,259.48391,259.5953096,256.9286
23-05-2023,18348,270400,260.10384,260.1879118,257.9111
24-05-2023,18285.40039,232600,260.66758,260.6938699,257.4787
25-05-2023,18321.15039,235900,261.53655,261.4083521,258.1093
26-05-2023,18499.34961,198700,262.21288,262.1414748,259.2904
27-05-2023,18445.94586,254461.1111,261.753965,261.7412462,258.9699125
28-05-2023,18465.64583,253136.1111,262.4138637,262.3570981,259.5028125
29-05-2023,18598.65039,265300,262.75709,262.775047,260.1837
30-05-2023,18633.84961,234400,263.3302,263.3509019,261.433
31-05-2023,18534.40039,696500,263.93967,263.7771023,260.4245
01-06-2023,18487.75,265600,264.7631,264.5221251,261.1918
02-06-2023,18534.09961,270900,265.43674,265.2621973,261.888
03-06-2023,18528.59858,251363.8889,265.0984088,264.9618919,262.245725
04-06-2023,18548.21387,255625,265.7617775,265.5654845,262.8318375
05-06-2023,18593.84961,256100,266.19926,266.0120189,263.1279
06-06-2023,18599,220800,266.81928,266.6529342,263.5485
07-06-2023,18726.40039,260100,267.54193,267.3428085,266.1684
08-06-2023,18634.55078,286500,268.06404,267.6037881,264.8726
09-06-2023,18563.40039,221800,268.52673,268.2107188,264.7325
10-06-2023,18637.44431,256462.8571,268.0309475,268.0765335,265.5689
11-06-2023,18669.21574,256602.8571,268.4441175,268.6337854,266.1689375
12-06-2023,18601.5,179500,268.79032,268.9836564,265.9148
13-06-2023,18716.15039,233200,269.0412,269.6656244,267.5277
14-06-2023,18755.90039,261400,269.26482,270.1407188,268.6588
15-06-2023,18688.09961,263000,269.50462,270.4700341,267.9282
16-06-2023,18826,272800,270.11461,271.0348861,269.5132
17-06-2023,18806.21295,256585.7143,270.1125163,270.6945974,268.8794125
18-06-2023,18835.82154,258228.5714,270.62113,271.0979718,269.3275
19-06-2023,18755.44922,219800,270.72618,271.3730385,269.3281
20-06-2023,18816.69922,211600,271.41015,271.8274693,270.775
21-06-2023,18856.84961,217500,272.04823,272.0613514,271.3895
22-06-2023,18771.25,252700,272.85923,272.2106517,269.4995
23-06-2023,18665.5,210600,273.72601,272.8131298,267.3684
24-06-2023,18971.09007,264634.2857,273.5351588,273.2583128,269.7006
25-06-2023,19005.3558,265357.1429,273.9364414,273.5276377,269.7538143
26-06-2023,18691.19922,171300,274.7789,274.0230698,268.4236
27-06-2023,18817.40039,222500,275.86836,275.2673964,269.7639
28-06-2023,18972.09961,398800,276.86421,276.4903956,271.0568
29-06-2023,19098.68687,254167.6471,276.691346,276.3984174,271.78026
30-06-2023,19189.05078,247900,277.61423,277.6978613,274.0281
01-07-2023,19146.12723,257740,277.4502443,277.2806397,273.1749857
02-07-2023,19179.82154,258422.8571,278.2443043,278.1930072,274.7572571
03-07-2023,19322.55078,226100,278.33103,278.5133638,275.6289
04-07-2023,19389,226900,279.03119,279.1543558,276.1678
05-07-2023,19398.5,224400,279.66379,279.8180349,277.1558
06-07-2023,19497.30078,268300,280.33732,280.4096426,279.4995
07-07-2023,19331.80078,237100,280.89998,280.6118965,278.1673
08-07-2023,19301.74872,265245.7143,280.5694238,280.4987166,277.94465
09-07-2023,19324.90301,266888.5714,281.2137475,281.066287,278.3106625
10-07-2023,19355.90039,268200,281.46536,281.1551402,277.8973
11-07-2023,19439.40039,251300,282.09166,281.8791047,279.3182
12-07-2023,19384.30078,327900,282.73506,282.4481946,279.7224
13-07-2023,19413.75,310400,283.48562,283.0539267,278.557
14-07-2023,19564.5,291200,284.32297,284.0532438,281.1961
15-07-2023,19411.79877,268500,283.9231325,283.5197339,280.7133
16-07-2023,19435.10882,270068.5714,284.58002,284.1433858,281.6169
17-07-2023,19711.44922,268700,284.98831,284.6881646,282.6305
18-07-2023,19749.25,286400,285.77427,285.1454234,282.4938
19-07-2023,19833.15039,259700,286.52181,285.7346731,283.8911
20-07-2023,19979.15039,274700,286.72046,286.144356,285.1261
21-07-2023,19745,312500,286.76808,286.3706351,283.8211
22-07-2023,19519.1165,276232.3529,286.654765,286.316186,284.3878875
23-07-2023,19538.16355,277860.6061,287.0461488,286.7446968,284.9253875
24-07-2023,19672.34961,265600,287.13473,286.9371984,284.1603
25-07-2023,19680.59961,369700,287.51427,287.5542869,285.7522
26-07-2023,19778.30078,244700,287.81619,287.9547507,287.228
27-07-2023,19659.90039,334900,288.11938,288.1162509,286.9305
28-07-2023,19646.05078,258700,288.43065,288.379751,287.8495
29-07-2023,19550.83739,273314.7059,287.9269637,287.890501,287.282175
30-07-2023,19552.40882,273264.7059,288.02155,288.0256845,287.462425
31-07-2023,19753.80078,295100,288.46969,288.4975846,290.4901
01-08-2023,19733.55078,298000,288.11033,288.0548034,289.9692
02-08-2023,19526.55078,290700,287.82047,287.6293819,285.8776
03-08-2023,19381.65039,315700,287.89142,288.0186668,285.6023
04-08-2023,19517,280800,287.90909,288.5556372,287.4876
05-08-2023,19544.34308,281864.7059,287.9956025,288.4441596,288.301725
06-08-2023,19541.7159,281326.4706,287.9400075,288.4758117,288.2458625
07-08-2023,19597.30078,216600,287.84145,288.7929788,287.9557
08-08-2023,19570.84961,260300,287.90418,288.9790408,288.7714
09-08-2023,19632.55078,266500,288.01819,289.0251832,290.2599
10-08-2023,19543.09961,312200,288.02493,288.7508017,290.0432
11-08-2023,19428.30078,235500,287.87313,288.463602,288.2399
12-08-2023,19533.6817,288708.8235,288.03469,288.7710751,288.4624571
13-08-2023,19529.73315,288744.1176,288.1970186,288.8396569,288.2669429
14-08-2023,19434.55078,243900,288.07741,288.5133136,286.8965
15-08-2023,19522.15313,290467.6471,288.4929267,288.9572172,287.43605
16-08-2023,19465,289800,288.50354,288.8726055,287.0706
17-08-2023,19365.25,268700,288.97775,289.2730512,286.5871
18-08-2023,19310.15039,256100,289.5008,289.8699292,285.779
19-08-2023,19538.50167,290432.3529,289.90457,290.1876283,287.3769857
20-08-2023,19549.6274,286952.9412,290.64986,290.8122156,287.8671
21-08-2023,19393.59961,262600,290.39843,290.7790246,286.8112
22-08-2023,19396.44922,208700,291.45331,291.6607634,288.583
23-08-2023,19444,225200,292.42075,292.3447108,289.9115
24-08-2023,19386.69922,268300,293.29444,292.8854244,290.3273
25-08-2023,19265.80078,466500,294.26042,293.4538964,288.5252
26-08-2023,19583.16636,290945.4545,293.9820488,293.4539797,289.676425
27-08-2023,19588.10311,293372.7273,294.9977163,294.2934363,290.302225
28-08-2023,19306.05078,248200,295.55826,294.5491623,290.2827
29-08-2023,19342.65039,307400,296.87883,295.497265,291.1578
30-08-2023,19347.44922,233000,297.59195,296.4615906,291.8127
31-08-2023,19253.80078,562600,298.52377,297.4946774,291.8176
01-09-2023,19435.30078,333000,299.68661,298.7562502,294.7553
02-09-2023,19609.67216,287645.4545,298.9349225,297.8914997,294.2614875
03-09-2023,19613.9545,285927.2727,299.6696563,298.6981691,295.4745375
04-09-2023,19528.80078,296800,300.61327,299.6453502,297.36
05-09-2023,19574.90039,256800,301.16921,300.1532058,298.2574
06-09-2023,19611.05078,287600,301.45748,300.574496,298.6484
07-09-2023,19727.05078,304900,301.43613,301.0025173,299.9871
08-09-2023,19819.94922,288100,301.24306,301.2281656,301.5036
09-09-2023,19622.01675,287359.375,301.0028188,300.6997205,299.8331
10-09-2023,19616.5486,287048.4848,300.9960513,300.8923028,300.59385
11-09-2023,19996.34961,248800,300.9775,301.166958,303.4884
12-09-2023,19993.19922,328100,300.49354,300.651082,298.289
13-09-2023,20070,251400,300.63236,301.1759891,301.1309
14-09-2023,20103.09961,275100,300.55913,301.1860089,303.446
15-09-2023,20192.34961,438200,300.2449,300.6837887,304.0219
16-09-2023,19642.06181,278261.7647,300.2197357,300.5837359,302.0622429
17-09-2023,19654.26476,278408.8235,299.9190443,300.2551788,301.3403143
18-09-2023,20133.30078,264900,299.57139,299.9419861,302.9194
19-09-2023,19675.2751,277802.9412,299.4939283,299.820379,301.33645
20-09-2023,19901.40039,378100,299.05933,299.2803386,301.1401
21-09-2023,19742.34961,275100,298.87266,298.8670583,298.4349
22-09-2023,19674.25,246400,298.65616,298.9630935,298.0564
23-09-2023,19703.84565,267570.5882,299.0613414,299.2595962,299.6749714
24-09-2023,19713.50592,264379.4118,298.9763333,299.1458646,299.1342333
25-09-2023,19674.55078,188400,298.79671,299.1645809,298.848
26-09-2023,19664.69922,204900,299.06999,299.2349322,298.6488
27-09-2023,19716.44922,203600,299.40315,299.3651839,299.6772
28-09-2023,19523.55078,352800,299.210065,299.265136,299.39315
29-09-2023,19638.30078,243500,299.57041,299.2958469,300.3986
30-09-2023,19731.60452,247518.1818,299.466065,299.1472835,299.19385
01-10-2023,19717.88482,246563.6364,299.7709817,299.1369354,299.0189833
02-10-2023,19695.04238,246951.5152,300.086555,299.163147,299.1230833
03-10-2023,19528.75,221700,299.80143,299.0507907,300.3037
04-10-2023,19436.09961,277100,300.1547,298.7723664,297.2868
05-10-2023,19545.75,234900,300.62621,299.1024923,297.7988
06-10-2023,19653.5,159100,300.96343,299.3922017,299.2734
07-10-2023,19626.08481,239360.6061,300.4043029,299.4455643,298.8536143
08-10-2023,19595.65909,235300,300.178145,299.511319,299.2444625
09-10-2023,19512.34961,165100,300.91911,299.418602,296.2699
10-10-2023,19689.84961,216600,300.58011,300.1183136,299.4619
11-10-2023,19811.34961,213700,299.78513,300.2641833,301.5808
12-10-2023,19794,217900,298.59504,299.9716018,301.9804
13-10-2023,19751.05078,255000,297.63538,299.5252022,301.3498
14-10-2023,19495.16057,222721.2121,298.0379775,299.2295733,301.1487375
15-10-2023,19493.64114,221905.8824,297.12306,298.8030923,301.761375
16-10-2023,19731.75,181000,296.72478,299.119736,302.7088
17-10-2023,19811.5,185800,295.66082,298.3221663,303.8364
18-10-2023,19671.09961,198900,294.40345,297.096781,302.0019
19-10-2023,19624.69922,230300,293.59977,296.0067545,301.171
20-10-2023,19542.65039,198300,293.11733,294.8591444,298.8302
21-10-2023,19456.22573,212324.2424,294.3573743,296.2288126,298.9914714
22-10-2023,19456.55149,214948.4848,294.0886471,295.6148884,297.1302
23-10-2023,19281.75,176000,293.1239,293.9766876,292.8799
24-10-2023,19464.33937,213830.303,294.083055,294.9750477,294.4094833
25-10-2023,19122.15039,225300,293.87157,294.2204182,291.5121
26-10-2023,18857.25,300400,294.84369,294.8222667,289.6799
27-10-2023,19047.25,205200,295.94207,295.9650149,292.3838
28-10-2023,19475.36173,211226.4706,295.9995443,296.0771618,291.7187714
29-10-2023,19483.68819,210132.3529,297.1387486,297.045693,291.8738
30-10-2023,19140.90039,180100,296.84992,296.7608404,292.2438
31-10-2023,19079.59961,206000,297.9549,297.7646272,292.0692
01-11-2023,18989.15039,194100,299.41076,299.0302777,291.2627
02-11-2023,19133.25,245600,301.09833,300.756406,293.9651
03-11-2023,19230.59961,189500,302.53465,302.2655852,296.3466
04-11-2023,19508.60902,207690.9091,301.4878938,301.293823,295.79665
05-11-2023,19520.93478,208284.8485,302.6820913,302.5154171,296.8491375
06-11-2023,19411.75,180700,303.70134,303.5809152,298.8959
07-11-2023,19406.69922,198700,304.73955,304.6220297,300.3566
08-11-2023,19443.5,195000,305.6137,305.569903,301.2333
09-11-2023,19395.30078,208400,306.4035,306.5335925,300.6637
10-11-2023,19425.34961,152200,307.26655,307.8380131,301.4623
11-11-2023,19607.44389,229100,306.4786371,306.8541213,301.7904571
12-11-2023,19641.57114,234354.5455,307.4236157,307.9793801,303.1108143
13-11-2023,19443.55078,189300,308.26199,309.2548382,303.2936
14-11-2023,19719.59393,238542.4242,308.8182083,309.6431803,304.75235
15-11-2023,19675.44922,291500,309.36383,310.5795578,306.6278
16-11-2023,19765.19922,282700,310.31619,311.4577262,308.1384
17-11-2023,19731.80078,236800,311.29719,312.1953542,308.3283
18-11-2023,19812.89998,241072.7273,311.7902557,312.2829033,307.5396714
19-11-2023,19845.64849,241638.2353,313.1761057,313.3369548,308.3736286
20-11-2023,19694,173800,312.74266,313.0546996,308.0135
21-11-2023,19783.40039,195000,314.43816,314.1749662,309.278
22-11-2023,19811.84961,184500,316.11177,315.2631809,309.0981
23-11-2023,19802,170000,317.96294,316.6331989,309.1313
24-11-2023,19794.69922,145900,319.6843,318.3002875,309.2942
25-11-2023,20120.45875,254335.2941,317.9296629,317.143435,310.0776857
26-11-2023,20181.35731,258979.4118,319.6088871,318.7136015,311.2402429
27-11-2023,20248.00144,261432.3529,321.2673471,320.3743478,312.4788714
28-11-2023,19889.69922,229600,321.51184,320.3016403,311.4167
29-11-2023,20096.59961,236200,323.05597,322.2760715,314.312
30-11-2023,20133.15039,486600,324.49723,324.0458651,316.1514
01-12-2023,20267.90039,265800,326.04738,325.8001907,317.9484
02-12-2023,20407.49089,265972.7273,325.89143,325.4261502,319.0848714
03-12-2023,20475.61364,267724.2424,326.42337,326.0186128,320.1504875
04-12-2023,20686.80078,381100,327.63815,327.5450331,322.783
05-12-2023,20855.09961,421000,328.79013,328.6032627,324.9685
06-12-2023,20937.69922,359200,329.69931,329.4109877,326.0141
07-12-2023,20901.15039,275000,330.14695,330.1658516,327.6098
08-12-2023,20969.40039,292400,330.66583,330.7338631,326.3449
09-12-2023,20754.70756,277930.303,330.58601,330.5886057,326.3590625
10-12-2023,20777.13821,278929.4118,331.4990988,331.5285042,327.4678
11-12-2023,20997.09961,212900,331.52031,331.7091882,327.5696
12-12-2023,20906.40039,244900,332.47764,332.6290967,326.858
13-12-2023,20926.34961,260300,333.74976,333.9115627,328.7246
14-12-2023,21182.69922,334400,334.94286,335.0642211,331.6529
15-12-2023,21456.65039,508800,335.97047,335.8222924,333.8561
16-12-2023,20999.51471,282570.5882,334.6859343,334.5842243,331.0034714
17-12-2023,21053.49408,283217.6471,335.6630714,335.3799472,331.4207429
18-12-2023,21418.65039,249700,336.7396,336.2592241,334.3028
19-12-2023,21453.09961,249800,337.4009,336.693985,334.0603
20-12-2023,21150.15039,363900,337.651696,336.9685218,333.10166
21-12-2023,21255.05078,277500,338.36027,337.2792483,330.4905
22-12-2023,21349.40039,284700,339.78724,338.787859,332.7986
23-12-2023,21259.47857,293545.7143,339.0820917,338.4033251,333.9474667
24-12-2023,21307.54286,300014.2857,339.9885917,339.3935159,334.8268667
25-12-2023,21346.56144,304331.4286,340.87591,340.4083268,335.9260833
26-12-2023,21441.34961,219500,340.693,340.1188055,334.8897
27-12-2023,21654.75,256500,341.51154,341.2808289,337.1429
28-12-2023,21778.69922,393100,342.1786,342.2003687,339.5792
29-12-2023,21731.40039,270900,342.72481,342.7828506,340.6556
30-12-2023,21438.32353,303261.7647,342.7816557,342.4548949,339.5228
31-12-2023,21455.93675,302864.7059,343.0654138,342.7330133,340.0392
01-01-2024,21741.90039,154000,343.40838,343.255573,341.929
02-01-2024,21665.80078,263700,344.12507,343.550367,341.5474
03-01-2024,21517.34961,311900,344.83019,343.9954707,340.9158
04-01-2024,21658.59961,339200,345.05172,344.679842,343.654
05-01-2024,21710.80078,309300,344.95236,344.9078069,344.7602
06-01-2024,21524.50906,312963.6364,344.6237588,344.6435759,342.6939
07-01-2024,21549.33629,317984.8485,344.7828025,345.0768372,343.0829375
08-01-2024,21513,231500,345.05581,344.9406085,341.8562
09-01-2024,21544.84961,228600,344.77464,345.6260326,343.0751
10-01-2024,21618.69922,217000,344.7919,346.1929065,343.8135
11-01-2024,21647.19922,212500,344.68073,346.7216634,345.0413
12-01-2024,21894.55078,294700,344.9568,347.0950775,347.4913
13-01-2024,21618.06357,325072.7273,344.9971838,346.2765186,345.262875
14-01-2024,21632.53024,327996.9697,345.2261463,346.5017727,345.3634
15-01-2024,22097.44922,345500,344.92753,347.0070281,349.0959
16-01-2024,22032.30078,292400,345.19853,346.5428344,348.5986
17-01-2024,21571.94922,456000,345.59153,346.0859975,343.1311
18-01-2024,21462.25,387300,346.88751,346.7426414,342.6604
19-01-2024,21622.40039,343100,348.38658,347.6498062,345.7947
20-01-2024,21675.84254,335038.2353,347.5972271,347.4509017,344.5104143
21-01-2024,21687.56905,339144.1176,348.8770186,348.1043434,343.5969714
22-01-2024,21695.09846,341758.8235,349.4901,348.3645949,342.7633667
23-01-2024,21238.80078,449700,349.98784,348.062052,339.0445
24-01-2024,21453.94922,407500,352.20107,350.0659525,343.2477
25-01-2024,21352.59961,418100,353.88607,351.5811197,342.7018
26-01-2024,21714.29992,342415.1515,353.46553,351.6192034,343.99892
27-01-2024,21727.68371,346709.0909,353.95014,352.4375085,345.3000833
28-01-2024,21739.13224,349763.6364,354.3610486,353.1719528,346.3327286
29-01-2024,21737.59961,376700,355.43994,353.5543019,347.802
30-01-2024,21522.09961,375100,355.81273,354.8325912,347.1986
31-01-2024,21725.69922,410600,356.37319,356.5290336,351.8059
01-02-2024,21697.44922,332500,356.8265,357.5786189,352.5286
02-02-2024,21853.80078,442800,357.71149,358.7008453,356.0909
03-02-2024,21808.27338,344842.4242,357.3774275,357.4101575,354.50765
04-02-2024,21820.2234,344066.6667,357.8662475,358.0551591,356.0446125
05-02-2024,21771.69922,440800,358.43022,359.2808332,357.6511
06-02-2024,21929.40039,371000,359.10753,359.6429961,361.8073
07-02-2024,21930.5,346300,359.31782,359.1620397,361.1768
08-02-2024,21717.94922,491100,359.3505,358.7143151,360.0977
09-02-2024,21782.5,349200,359.72075,358.4068963,358.2405
10-02-2024,21873.91613,351248.4848,359.984915,359.4008113,357.4556875
11-02-2024,21886.90878,351851.5152,360.500405,359.8330611,357.9216125
12-02-2024,21616.05078,287400,360.26796,358.4438732,351.5299
13-02-2024,21743.25,365800,361.34746,359.9803117,352.8032
14-02-2024,21840.05078,359100,362.33708,361.5752254,356.339
15-02-2024,21910.75,345400,362.55414,362.7388311,361.3785
16-02-2024,22040.69922,343900,362.3646,363.0411269,363.2782
17-02-2024,21960.59409,344900,362.1266875,361.7288563,359.39585
18-02-2024,21982.91464,346221.2121,362.5311925,362.2473021,360.9296375
19-02-2024,22122.25,346803.0303,362.43299,362.988444,364.4242
20-02-2024,22196.94922,295700,362.69084,362.6693871,363.9102
21-02-2024,22055.05078,364500,363.01843,362.3936508,361.5036
22-02-2024,22217.44922,343500,363.504,362.5914399,363.8002
23-02-2024,22212.69922,226000,363.81467,362.3228266,363.7126
24-02-2024,22026.23136,353285.2941,363.2296875,362.3377327,362.6105875
25-02-2024,22035.2885,351441.1765,363.2225713,362.2770983,361.99295
26-02-2024,22122.05078,207800,363.89842,362.013988,362.3249
27-02-2024,22198.34961,252200,363.81423,361.9448965,362.6994
28-02-2024,21951.15039,203000,362.66392,361.777229,358.5096
29-02-2024,21982.80078,360200,362.37606,362.5033688,359.4831
01-03-2024,22338.75,351500,361.75696,363.1745397,363.9621
02-03-2024,22067.64258,345230.303,361.5327888,362.1881719,363.4409
03-03-2024,22073.35581,346384.8485,360.6242675,361.9097879,364.01365
04-03-2024,22405.59961,298800,360.7848,362.9995262,367.0027
05-03-2024,22356.30078,296200,359.26349,362.1099321,367.1861
06-03-2024,22474.05078,312300,357.70443,360.9818948,366.3593
07-03-2024,22493.55078,379900,356.63025,359.7869158,366.9069
08-03-2024,22116.72875,343696.7742,357.5070983,360.1462623,365.58135
09-03-2024,22142.09996,343764.5161,357.1226714,359.5186166,363.5263429
10-03-2024,22163.05149,341951.6129,356.4168457,358.6280108,361.9018143
11-03-2024,22332.65039,277900,355.64632,358.2046971,364.5501
12-03-2024,22335.69922,299200,355.0133,356.7946076,361.483
13-03-2024,21997.69922,493300,354.81611,355.7527426,351.1963
14-03-2024,22146.65039,426700,355.84402,356.7652854,355.631
15-03-2024,22023.34961,661500,356.43006,357.0173488,353.2921
16-03-2024,22236.49544,332978.125,356.9360663,357.6495002,355.4722625
17-03-2024,22253.36973,332387.5,357.8407988,358.1333308,354.3556875
18-03-2024,22055.69922,356300,357.6699,357.8451819,354.2405
19-03-2024,21817.44922,344200,359.09198,358.6462223,351.7896
20-03-2024,21839.09961,312400,360.97684,360.1699162,351.5955
21-03-2024,22011.94922,353200,362.88418,362.075342,355.6175
22-03-2024,22096.75,388700,364.48678,363.510418,357.0676
23-03-2024,22271.67975,339503.2258,362.7817514,361.9464608,355.4345286
24-03-2024,22274.04524,342413.3333,364.5137043,363.3935568,356.4680857
25-03-2024,22275.48715,350876.6667,365.417325,364.1847793,357.2478333
26-03-2024,22004.69922,328400,366.33126,364.9421553,358.2199
27-03-2024,22123.65039,409100,368.03132,366.4359898,359.5111
28-03-2024,22326.90039,410500,369.79357,367.9748542,361.4754
29-03-2024,22280.7081,348546.6667,370.1193567,368.7256797,362.4749333
30-03-2024,22279.49521,346303.3333,370.5670029,369.3757946,363.6411143
31-03-2024,22280.9823,344293.3333,371.20479,369.4191774,361.4914
01-04-2024,22462,349716.6667,372.34235,371.1809057,365.6905
02-04-2024,22453.30078,289500,373.01285,372.4009959,368.4613
03-04-2024,22434.65039,309600,373.25288,373.2764838,370.6382
04-04-2024,22514.65039,401000,373.30267,373.8627691,370.6689
05-04-2024,22513.69922,242200,373.59984,374.5725178,371.6435
06-04-2024,22301.52338,348951.6129,373.5226,373.85273,371.8711125
07-04-2024,22300.42093,350610,373.6912071,374.2344192,372.7540571
08-04-2024,22666.30078,227600,373.97377,375.2234107,375.5124
09-04-2024,22642.75,232400,374.15718,375.1591908,375.2205
10-04-2024,22753.80078,276800,374.53926,375.1455666,377.1336
11-04-2024,22342.31328,338648.2759,374.561584,374.9478653,375.26422
12-04-2024,22519.40039,357200,374.76889,374.7037813,375.5876
13-04-2024,22353.51285,336086.6667,374.83894,374.9352053,374.7861
14-04-2024,22369.15965,333860,375.3961633,374.9683399,374.0109667
15-04-2024,22272.5,355500,375.36882,374.5073772,372.867
16-04-2024,22147.90039,317300,376.22572,374.8719055,372.3955
17-04-2024,22383.62832,329606.8966,376.415126,375.188194,372.56956
18-04-2024,21995.84961,456900,377.31711,375.4222178,370.8616
19-04-2024,22147,362500,378.39509,376.4356884,371.1361
20-04-2024,22369.71094,324741.9355,377.9141657,376.6478372,373.3757286
21-04-2024,22375.8313,321629.0323,378.3973086,377.3749724,374.2577714
22-04-2024,22336.40039,279300,379.23894,377.6133747,373.6406
23-04-2024,22368,231500,379.35101,378.4962136,375.3828
24-04-2024,22402.40039,235900,379.50247,379.1880832,377.3465
25-04-2024,22570.34961,475000,378.75082,379.5973239,379.0413
26-04-2024,22419.94922,329900,378.06464,379.7208848,379.4299
27-04-2024,22391.03284,315940.625,378.4400943,379.1123823,378.2662857
28-04-2024,22395.54846,315965.625,378.0453629,379.3004038,379.6475429
29-04-2024,22643.40039,292000,377.35104,379.7855481,381.5869
30-04-2024,22604.84961,361900,376.82174,379.3852477,381.436
01-05-2024,22423.20325,315800,376.965204,379.155485,381.48072
02-05-2024,22648.19922,445900,376.47582,378.929525,383.3094
03-05-2024,22475.84961,438100,376.11278,377.9562194,381.6414
04-05-2024,22446.04999,313753.125,376.7755371,378.1132571,379.8867143
05-05-2024,22447.9859,314925,376.97274,377.7191555,378.2071571
06-05-2024,22442.69922,320300,376.2393,377.1372904,379.5746
07-05-2024,22302.5,297800,376.72308,376.595666,374.7613
08-05-2024,22302.5,277400,377.705,377.0033029,376.8974
09-05-2024,21957.5,331300,378.73146,377.0268369,369.83
10-05-2024,22055.19922,265800,380.43379,378.626134,372.1795
11-05-2024,22453.26054,351790.9091,379.8573863,378.9045617,374.975925
12-05-2024,22467.57718,361524.2424,380.8318,379.7775921,374.988975
13-05-2024,22104.05078,278200,381.88722,380.0587193,372.2939
14-05-2024,22217.84961,230200,383.19711,381.7842348,376.2939
15-05-2024,22200.55078,231900,383.94213,383.0043091,377.9768
16-05-2024,22403.84961,368900,384.03461,384.1215334,379.679
17-05-2024,22466.09961,242700,384.18271,385.108763,382.9066
18-05-2024,22576.07048,364564.7059,383.6869286,383.6481887,379.7347286
19-05-2024,22604.15723,366450,383.82133,384.5178465,381.8587429
20-05-2024,22633.46605,367402.9412,383.7413886,385.1087585,383.3672286
21-05-2024,22529.05078,347600,385.16223,385.5981326,384.4124
22-05-2024,22597.80078,290300,383.40249,385.8616287,384.5805
23-05-2024,22967.65039,369800,382.82803,386.146324,387.162
24-05-2024,22957.09961,261900,382.63752,385.9206182,386.8533
25-05-2024,22694.77717,360306.0606,383.6533,385.7491369,385.5512714
26-05-2024,22722.38778,359303.0303,383.9648063,385.7687352,384.7200625
27-05-2024,22932.44922,260000,383.08493,385.7133556,386.7138
28-05-2024,22888.15039,217900,383.72201,385.4910347,385.3928
29-05-2024,22704.69922,269900,384.73589,385.5128646,383.7441
30-05-2024,22488.65039,373400,386.14535,385.9059234,378.9016
31-05-2024,22530.69922,572100,388.13307,387.4624397,381.16
01-06-2024,22841.15585,355305.8824,387.703795,387.4598003,381.783125
02-06-2024,22887.22352,355011.7647,389.47016,388.7212837,381.6010125
03-06-2024,23263.90039,569400,390.12484,388.8629819,392.7018
04-06-2024,21884.5,1006100,391.07384,388.0099112,366.815
05-06-2024,22620.34961,638500,394.61043,392.7198914,378.8359
06-06-2024,22821.40039,480400,397.21585,395.8052228,385.2569
07-06-2024,23290.15039,473600,399.03525,398.1492946,391.3274
08-06-2024,23119.62494,368365.625,397.0184763,395.8389279,387.6739875
09-06-2024,23180.4676,372822.5806,398.677795,397.6533591,388.4336125
10-06-2024,23259.19922,304400,400.2447,399.6652711,393.0846
11-06-2024,23264.84961,305200,401.39328,401.1276425,395.5316
12-06-2024,23322.94922,295600,402.44962,402.3712075,397.8387
13-06-2024,23398.90039,268300,403.39939,403.3784314,398.7788
14-06-2024,23465.59961,223100,404.29467,404.4005717,401.0777
15-06-2024,23384.1471,368137.5,403.2121757,403.1251472,398.6691571
16-06-2024,23435.4442,366409.375,404.0866129,404.1153672,400.3556571
17-06-2024,23484.53415,366912.5,404.8910586,404.9508583,401.4869857
18-06-2024,23557.90039,272200,404.9609,405.1389876,402.1918
19-06-2024,23516,328800,405.74267,405.7939182,402.1809
20-06-2024,23567,280300,406.36576,406.5968112,404.8901
21-06-2024,23501.09961,609900,407.0244,406.9760803,403.4509
22-06-2024,23622.95273,367621.875,407.2636243,407.2335484,403.8287143
23-06-2024,23644.56457,372451.6129,407.7128,407.6337794,404.267175
24-06-2024,23537.84961,239400,407.91917,407.7594537,403.4219
25-06-2024,23721.30078,298100,408.96016,408.7233546,404.5704
26-06-2024,23868.80078,287800,409.87231,409.6462334,406.095
27-06-2024,24044.5,515200,410.85703,410.4353963,407.3364
28-06-2024,24010.59961,354800,411.54319,411.1240622,407.7316
29-06-2024,23860.21461,361822.5806,411.5608478,411.1455865,407.4214556
30-06-2024,23934.59697,341193.5484,412.34838,411.8779426,407.74
01-07-2024,24141.94922,333235.4839,413.19518,412.7974855,410.0095
02-07-2024,24123.84961,330119.3548,414.09092,413.4170378,408.4118
03-07-2024,24286.5,325336.6667,415.26129,414.5293128,411.4765
04-07-2024,24302.15039,251200,416.11214,415.2077157,412.3986
05-07-2024,24323.84961,298400,416.19254,415.8319636,413.8318
06-07-2024,24138.8102,328893.5484,415.4702013,415.2454304,412.4950375
07-07-2024,24188.40728,329809.6774,415.9045975,415.8566289,413.2167875
08-07-2024,24320.55078,266300,416.27945,416.2764444,413.6919
09-07-2024,24433.19922,250500,416.30372,416.8507877,415.9422
10-07-2024,24324.44922,292300,416.32637,417.052696,414.198
11-07-2024,24315.94922,306400,416.67035,417.6870729,415.7835
12-07-2024,24502.15039,325800,417.38539,418.1100891,416.208
13-07-2024,24285.57567,344146.875,417.1528786,417.5637385,416.4151429
14-07-2024,24306.70709,345565.625,417.6352143,417.8189819,417.3141571
15-07-2024,24586.69922,305400,418.21772,418.5327756,418.9669
16-07-2024,24613,283200,418.88715,418.4363035,420.1155
17-07-2024,24371.62201,334390.3226,418.908774,418.1556775,417.6956
18-07-2024,24800.84961,350900,419.6558,418.0631487,419.985
19-07-2024,24530.90039,343800,420.39781,417.6360707,413.2026
20-07-2024,24388.09425,332696.875,420.0717543,418.787091,416.7248857
21-07-2024,24400.16423,332859.375,420.4665257,419.2453588,416.5350143
22-07-2024,24509.25,324200,421.41161,418.6212864,414.7009
23-07-2024,24479.05078,436400,421.11084,419.4924833,413.9346
24-07-2024,24413.5,366600,420.82135,420.7275685,416.1687
25-07-2024,24406.09961,391800,420.98112,421.7406504,417.6378
26-07-2024,24834.84961,383800,420.76392,422.6523949,422.9339
27-07-2024,24463.31026,320225,420.5499838,421.1703284,420.4213
28-07-2024,24482.32054,318312.1212,420.0851175,421.3367791,422.009325
29-07-2024,24836.09961,355000,420.36638,422.5898383,424.5313
30-07-2024,24857.30078,385000,419.96326,422.1584023,425.6612
31-07-2024,24951.15039,333600,418.98139,421.3800028,427.802
01-08-2024,25010.90039,431300,417.69268,419.9528923,427.4051
02-08-2024,24717.69922,345000,417.10642,418.2968462,423.3406
03-08-2024,24553.78964,310267.6471,418.7368888,419.9971505,421.1549375
04-08-2024,24571.99994,309382.3529,418.8287863,419.7398646,420.02175
05-08-2024,24055.59961,487000,417.13243,417.176012,411.6932
06-08-2024,23992.55078,312300,418.52815,418.3944147,411.0397
07-08-2024,24297.5,317600,420.1244,420.0287957,417.7664
08-08-2024,24117,311900,421.10156,420.5315503,415.4658
09-08-2024,24367.5,215100,422.1761,421.6572726,418.9585
10-08-2024,24666.62201,315182.3529,421.4423388,420.8565118,415.7726375
11-08-2024,24683.84846,314317.6471,422.05804,421.3822975,416.3554143
12-08-2024,24347,279900,423.0853,422.2569999,420.5001
13-08-2024,24139,239700,424.01198,422.6474221,415.8425
14-08-2024,24143.75,303300,425.37879,424.159627,414.9149
15-08-2024,24703.42199,309588.2353,425.438872,424.5060368,419.28014
16-08-2024,24541.15039,271600,426.85287,426.2140108,421.5425
17-08-2024,24725.27422,305928.5714,426.44465,425.5990777,421.2933286
18-08-2024,24737.82846,301437.1429,427.3879829,426.5559108,422.2987429
19-08-2024,24572.65039,243600,427.86542,427.2521243,423.6007
20-08-2024,24698.84961,238300,428.67262,428.0635519,425.6504
21-08-2024,24770.19922,257100,429.24557,428.5998079,427.0022
22-08-2024,24811.5,220300,429.68863,428.9548319,427.538
23-08-2024,24823.15039,206800,430.06008,429.2696834,426.2112
24-08-2024,24825.17567,287677.1429,429.5932613,429.1207855,427.1663125
25-08-2024,24840.03996,282840,429.8694738,429.5551128,427.9231875
26-08-2024,25010.59961,210300,430.59865,429.9493464,428.0505
27-08-2024,25017.75,223300,430.47889,430.3713122,429.7669
28-08-2024,25052.34961,220400,430.13623,430.505626,429.5106
29-08-2024,25151.94922,354000,430.07512,430.7267429,429.6557
30-08-2024,25235.90039,638200,429.7441,430.9647525,431.668
31-08-2024,24964.35,278382.8571,429.68931,430.8084753,431.6727
01-09-2024,25021.82427,277417.1429,429.9919933,430.5186271,430.8817778
02-09-2024,25278.69922,222800,429.76327,430.6164253,431.3799
03-09-2024,25279.84961,212100,429.92685,430.4467643,431.4328
04-09-2024,25198.69922,253800,430.04517,430.2276452,431.2525
05-09-2024,25145.09961,222200,430.069,429.9998997,431.5969
06-09-2024,24852.15039,311700,429.89809,429.6450108,426.8529
07-09-2024,25218.21713,286765.7143,430.5785813,430.496762,429.2625375
08-09-2024,25249.95881,288150,431.0707738,430.7710342,429.2300625
09-09-2024,24936.40039,254400,430.63883,430.2654798,426.3403
10-09-2024,25041.09961,251300,431.69589,431.137742,428.8995
11-09-2024,24918.44922,279200,432.59155,431.6351291,426.3455
12-09-2024,25388.90039,380100,433.70081,432.8106023,431.1201
13-09-2024,25356.5,250800,434.55946,433.1862695,432.4123
14-09-2024,25294.70424,299554.2857,433.828985,432.4305156,430.280025
15-09-2024,25302.7928,301048.5714,434.5329763,432.9084024,430.7234625
16-09-2024,25383.75,168700,435.36491,433.3582627,433.0157
17-09-2024,25418.55078,216000,435.79096,433.4343877,432.616
18-09-2024,25377.55078,215700,436.28947,433.6162517,431.4908
19-09-2024,25415.80078,314500,436.27076,434.0885743,429.8878
20-09-2024,25790.94922,533100,436.14895,435.0220796,434.2603
21-09-2024,25323.72277,302220,435.1594438,434.2065414,434.1844625
22-09-2024,25322.39565,302320,434.6871025,434.2114478,435.020825
23-09-2024,25939.05078,209200,434.92551,435.191364,436.9109
24-09-2024,25940.40039,384100,433.79343,434.8092449,437.8561
25-09-2024,26004.15039,278500,432.69156,434.132166,437.4381
26-09-2024,26216.05078,370900,431.58618,433.397514,439.7066
27-09-2024,26178.94922,490300,430.33732,431.9954949,440.4668
28-09-2024,25269.2014,291742.8571,431.5712143,432.5942747,438.1794
29-09-2024,25245.07712,293814.2857,430.5223086,431.3531358,437.3783714
30-09-2024,25810.84961,343100,429.24949,430.1129826,437.2762
01-10-2024,25796.90039,247400,428.41501,428.5211566,437.6011
02-10-2024,25204.76327,296620.5882,428.510022,428.5139363,435.0635
03-10-2024,25250.09961,423400,427.58317,426.5033913,431.3037
04-10-2024,25014.59961,374900,426.96512,425.4366561,428.6697
05-10-2024,25166.61574,298322.8571,427.4711814,426.5520813,429.9005857
06-10-2024,25146.60859,299291.4286,426.89886,425.8079692,428.3446
07-10-2024,24795.75,374300,426.82182,424.7182019,422.0259
08-10-2024,25013.15039,333200,427.0512,425.3164912,425.5901
09-10-2024,24981.94922,290600,426.21246,425.2556892,426.8374
10-10-2024,24998.44922,261400,425.24324,424.9041979,426.3843
11-10-2024,24964.25,210500,424.29726,424.5752864,427.218
12-10-2024,25022.91574,294205.7143,424.15022,424.1087145,426.9822875
13-10-2024,24996.21574,298065.7143,423.0588125,423.4701428,427.36945
14-10-2024,25127.94922,206400,422.73742,423.9880167,429.5885
15-10-2024,25057.34961,257200,421.13523,422.7434648,428.9314
16-10-2024,24971.30078,226800,419.70313,421.3683681,429.2827
17-10-2024,24749.84961,252800,418.09056,419.6096277,425.1232
18-10-2024,24854.05078,290900,416.8043,418.3843894,427.2367
19-10-2024,24820.47137,294568.5714,417.7343563,418.9085596,424.8537625
20-10-2024,24752.43281,292297.1429,416.667715,417.5874034,423.2707625
21-10-2024,24781.09961,242000,415.14355,416.4172093,424.3197
22-10-2024,24472.09961,279500,414.04249,414.6611003,417.2027
23-10-2024,24435.5,284600,414.21817,414.0963003,417.1452
24-10-2024,24399.40039,216700,414.20429,413.418767,416.9245
25-10-2024,24180.80078,372600,413.91485,412.6397153,411.6196
26-10-2024,24489.12201,281355.8824,413.9747363,413.6373734,416.0682125
27-10-2024,24449.49237,282384.8485,413.51967,413.0971869,414.560825
28-10-2024,24339.15039,278600,414.10433,412.8664076,413.5666
29-10-2024,24466.84961,332000,413.65856,412.7108092,414.6104
30-10-2024,24340.84961,285200,412.51165,412.288678,413.157
31-10-2024,24205.34961,287000,411.50302,412.0957175,412.2606
01-11-2024,24304.34961,38800,411.9931867,412.3995861,412.92215
02-11-2024,24336.65734,289761.7647,411.5004329,412.3667389,413.7846286
03-11-2024,24314.94411,288638.2353,410.5290543,412.0516523,414.2760286
04-11-2024,23995.34961,285500,410.45858,412.059077,410.6292
05-11-2024,24213.30078,289500,409.72298,412.3768274,413.3091
06-11-2024,24484.05078,351100,408.54391,412.1696557,418.9595
07-11-2024,24199.34961,322200,407.30468,410.6608014,417.0064
08-11-2024,24148.19922,298700,406.79,409.2506684,414.0301
09-11-2024,24218.05744,295691.1765,407.8462175,409.781024,412.4623625
10-11-2024,24200.70743,298361.7647,407.531895,409.185171,411.51755
11-11-2024,24141.30078,273400,406.56412,408.1885725,413.5144
12-11-2024,23883.44922,255800,406.56508,407.0050553,409.1089
13-11-2024,23559.05078,304600,406.82039,406.5375343,403.1413
14-11-2024,23532.69922,257700,407.944,407.292253,403.0707
15-11-2024,24183.94273,300297.0588,407.9197817,407.8182565,405.6541167
16-11-2024,24178.91188,300855.8824,407.9197817,407.8182565,405.6541167
17-11-2024,24183.90309,298144.1176,408.8535983,408.2991765,403.6547833
18-11-2024,23453.80078,263300,409.07544,408.2303759,401.8162
19-11-2024,23518.5,297500,410.54966,409.6557483,403.2732
20-11-2024,24198.60618,298157.5758,411.459815,410.539449,403.29375
21-11-2024,23349.90039,420300,412.16702,411.0740923,401.5184
22-11-2024,23907.25,367600,414.04714,413.1975795,406.5672
23-11-2024,24212.32657,294502.9412,413.6931271,412.6005013,407.1899857
24-11-2024,24204.44422,291658.8235,415.05641,413.8028381,408.5965286
25-11-2024,24221.90039,687200,415.59703,414.6709972,411.8596
26-11-2024,24194.5,230700,416.68744,415.2957521,411.7713
27-11-2024,24274.90039,295000,417.72816,416.0789637,413.524
28-11-2024,23914.15039,366700,418.61842,416.6467334,411.662
29-11-2024,24131.09961,282100,419.75553,417.754452,414.3774
30-11-2024,24150.75011,297094.1176,420.45869,418.5049079,414.3851
01-12-2024,24148.85464,297324.2424,419.90381,418.2347859,416.0123
02-12-2024,24276.05078,220400,421.25762,419.4204208,416.5584
03-12-2024,24457.15039,339500,421.79169,420.0564254,419.4468
04-12-2024,24467.44922,348000,421.65124,420.1918978,420.3196
05-12-2024,24708.40039,361500,421.1855,420.1635195,422.0661
06-12-2024,24677.80078,226700,420.38783,419.7407238,422.7637
07-12-2024,24084.62435,287251.5152,419.8452613,419.3122647,421.0991
08-12-2024,24080.36529,284193.9394,419.0331375,418.9151902,421.705425
09-12-2024,24619,248100,418.81462,419.0689513,422.1785
10-12-2024,24610.05078,261000,417.5028,418.3779405,422.4266
11-12-2024,24641.80078,187300,416.17079,417.4782384,423.0331
12-12-2024,24548.69922,266100,414.76063,416.2438247,421.409
13-12-2024,24768.30078,310100,413.49911,415.096008,422.3744
14-12-2024,24106.58398,284961.7647,414.1441488,415.1910362,420.87815
15-12-2024,24111.5972,284047.0588,413.0005263,413.9272332,419.8670125
16-12-2024,24668.25,187600,411.96143,413.4785876,421.8991
17-12-2024,24336,264900,410.62864,411.6073626,418.0423
18-12-2024,24198.84961,235300,409.81517,410.1773765,415.6622
19-12-2024,23951.69922,271100,409.66564,408.9585268,414.0894
20-12-2024,23587.5,442700,409.55352,407.8183328,407.0316
21-12-2024,24043.8644,266868.5714,410.0361186,409.6841956,413.5559143
22-12-2024,24015.82723,266791.4286,409.6033286,408.8238137,411.7034
23-12-2024,23753.44922,189800,409.41171,407.9931623,409.0603
24-12-2024,23727.65039,177700,409.21672,407.7560206,409.1065
25-12-2024,23963.20008,263711.7647,409.092624,407.6302872,408.58474
26-12-2024,23750.19922,177700,408.9319,407.4559141,408.9315
27-12-2024,23813.40039,176800,408.34927,407.1280061,408.7938
28-12-2024,23909.77578,267434.2857,407.6565986,407.1550309,408.7669286
29-12-2024,23872.58147,265620,406.7650314,406.7968314,409.4964429
30-12-2024,23644.90039,364900,407.36343,406.7578297,406.9976
31-12-2024,23644.80078,193600,405.81062,406.7045474,408.5712
01-01-2025,23742.90039,154900,404.51254,406.2897357,409.9076
02-01-2025,24188.65039,283200,403.17074,405.4857659,414.1669
03-01-2025,24004.75,312300,401.70841,403.556625,412.9682
04-01-2025,23690.04715,264902.8571,402.7102013,403.7358672,408.9492125
05-01-2025,23648.70569,263911.4286,401.5160463,402.577346,408.4626625
06-01-2025,23616.05078,278100,400.32599,401.4651639,405.6135
07-01-2025,23707.90039,262300,399.91356,400.5433114,407.1104
08-01-2025,23688.94922,266400,398.87632,399.0839584,406.2583
09-01-2025,23526.5,269200,397.81019,397.4896602,403.1052
10-01-2025,23431.5,261000,397.30372,396.2417625,398.9354
11-01-2025,23511.61111,276111.1111,397.956355,397.9782735,400.5715375
12-01-2025,23493.84169,276169.4444,397.3654438,397.4019927,399.8128
13-01-2025,23085.94922,316500,396.88555,395.6431764,391.4695
14-01-2025,23176.05078,311200,396.57705,396.57066,395.5904
15-01-2025,23213.19922,228000,395.95846,396.7884956,396.4896
16-01-2025,23311.80078,299400,395.5987,396.8549168,399.5436
17-01-2025,23203.19922,272900,394.87994,396.2574317,399.144
18-01-2025,23441.76394,277236.1111,395.2587388,395.7266122,397.0076625
19-01-2025,23422.80838,280069.4444,394.9209113,395.4419343,397.8290375
20-01-2025,23344.75,301500,394.58575,395.615972,401.4892
21-01-2025,23024.65039,312900,393.73843,394.3108103,396.738
22-01-2025,23155.34961,276000,393.84603,393.7714348,395.597
23-01-2025,23205.34961,275600,394.18293,393.3657536,398.0405
24-01-2025,23092.19922,264300,394.2707,392.3269211,394.7537
25-01-2025,23348.05548,278413.5135,394.4389063,393.3704937,394.662425
26-01-2025,23328.81493,278775.6757,394.4246213,393.0833979,393.520775
27-01-2025,22829.15039,257400,394.6283,391.7876368,388.3845
28-01-2025,22957.25,361900,395.22195,392.5438895,389.4045
29-01-2025,23163.09961,226300,395.03716,393.2415316,392.892
30-01-2025,23249.5,361900,394.47147,393.3192053,392.356
31-01-2025,23508.40039,304900,393.97911,393.5332509,396.2021
01-02-2025,23482.15039,281000,393.5281738,392.7656895,393.6293875
02-02-2025,23186.55143,277002.7778,392.8189288,392.5737566,394.9461
03-02-2025,23361.05078,329700,392.70113,392.9401733,393.016
04-02-2025,23739.25,376700,391.82323,392.9233229,397.814
05-02-2025,23696.30078,267000,390.36304,391.8365058,398.966
06-02-2025,23603.34961,307000,388.95434,390.2521737,398.9182
07-02-2025,23559.94922,368100,387.52129,388.3263901,398.3297
08-02-2025,23051.51817,284311.1111,388.1517588,388.7759849,394.519575
09-02-2025,23028.21956,284163.8889,386.887595,387.4996315,393.821625
10-02-2025,23381.59961,234200,385.91056,386.1034324,394.321
11-02-2025,23071.80078,268000,384.41671,384.2773063,387.5566
12-02-2025,23045.25,279700,383.52377,383.5485743,387.2351
13-02-2025,23031.40039,265700,382.58782,382.7293464,387.4324
14-02-2025,22929.25,254500,381.0097,381.6842233,383.4223
15-02-2025,22944.39876,289772.2222,381.6518625,382.5450137,386.5369375
16-02-2025,22929.0057,291350,380.5431662,381.6579196,385.320275
17-02-2025,22959.5,207400,379.73854,381.2979841,384.237
18-02-2025,22945.30078,210600,378.38757,380.6448694,383.2121
19-02-2025,22932.90039,207000,377.64023,380.0743738,384.879
20-02-2025,22913.15039,240800,377.04099,379.0066791,384.5877
21-02-2025,22795.90039,242800,376.48642,377.7664522,382.2224
22-02-2025,22882.92589,292185.7143,377.2301686,378.8233819,382.4497
23-02-2025,22881.50731,291102.8571,376.5645671,378.0175334,381.5409286
24-02-2025,22553.34961,214300,375.85683,376.7762415,379.3825
25-02-2025,22547.55078,250300,375.4606,376.197073,378.6272
26-02-2025,22866.84725,298535.2941,375.501994,376.3121688,377.95178
27-02-2025,22545.05078,289200,375.07933,375.6570448,377.8756
28-02-2025,22124.69922,551300,374.62679,375.1640325,371.6512
01-03-2025,22881.07663,299694.1176,375.54036,376.4817806,374.9590286
02-03-2025,22873.65309,296808.8235,375.8366157,376.8201699,374.8881857
03-03-2025,22119.30078,282400,374.94329,375.944662,370.7107
04-03-2025,22082.65039,253300,375.82643,377.1077646,370.7273
05-03-2025,22337.30078,305900,376.98925,378.5256456,375.7387
06-03-2025,22544.69922,372100,377.93062,379.1449669,378.8866
07-03-2025,22552.5,289800,378.92793,379.2023817,379.042
08-03-2025,22840.60618,304096.9697,378.8325613,378.7654015,375.1583125
09-03-2025,22848.5016,306309.0909,380.1222188,379.5669768,375.48825
10-03-2025,22460.30078,293900,380.41327,379.2380221,375.9265
11-03-2025,22497.90039,347900,382.0802,379.9739159,375.4202
12-03-2025,22470.5,369700,383.5495,380.9858528,374.8145
13-03-2025,22397.19922,287500,385.26055,382.3572645,373.3502
14-03-2025,22827.60002,324406.0606,384.4677867,382.2322183,375.64495
15-03-2025,22814.76213,332312.1212,385.1760829,383.0591938,376.6036
16-03-2025,22798.21212,337560.6061,386.5825414,384.4937701,377.9215857
17-03-2025,22508.75,251100,386.96746,384.3588344,374.8162
18-03-2025,22834.30078,272600,388.53574,386.4794199,379.5421
19-03-2025,22907.59961,324000,389.42586,388.0210465,382.3555
20-03-2025,23190.65039,313700,390.25848,389.2800569,385.1524
21-03-2025,23350.40039,541000,390.70795,390.1973139,388.8597
22-03-2025,22816.21938,355648.3871,388.7701125,388.4592485,385.9162875
23-03-2025,22844.91772,358812.9032,388.5191825,389.0243509,388.0548875
24-03-2025,23658.34961,311900,390.06733,390.4945615,393.8954
25-03-2025,23668.65039,338200,387.87403,389.7388196,392.5958
26-03-2025,23486.84961,278600,386.32405,389.1039351,390.1132
27-03-2025,23591.94922,510300,384.96002,388.879654,391.925
28-03-2025,23519.34961,295400,383.95781,388.2029104,390.4193
29-03-2025,23017.67257,366212.9032,385.7065325,388.5013813,391.0715875
30-03-2025,23090.13382,371429.0323,385.152725,387.9302244,390.54055
31-03-2025,23151.72732,373135.4839,383.84161,387.7103794,390.499
01-04-2025,23165.69922,314300,383.95055,387.0906859,388.4433
02-04-2025,23332.34961,341000,384.67686,386.790105,390.6817
03-04-2025,23250.09961,283200,385.63687,385.9253061,389.6471
04-04-2025,22904.44922,466800,386.83311,385.0982408,382.4535
05-04-2025,23317.73696,376683.871,387.5032488,387.2948184,383.4069875
06-04-2025,23376.9724,379154.8387,388.02634,387.2354526,382.3938429
07-04-2025,22161.59961,647100,388.91234,385.685961,371.9624
08-04-2025,22535.84961,468300,392.03573,388.7356412,377.096
09-04-2025,22399.15039,383800,394.13892,391.3222281,376.4729
10-04-2025,23472.17148,383923.3333,392.9591325,390.0914772,376.85855
11-04-2025,22828.55078,402200,396.74954,394.6220788,381.9029
12-04-2025,23564.42402,382596.7742,395.141115,392.8472193,381.3799833
13-04-2025,23615.39497,384451.6129,397.1910733,395.3954939,385.3373167
14-04-2025,23659.46598,387270.9677,398.222142,396.7274645,386.98558
15-04-2025,23328.55078,388300,398.84731,397.448563,389.2573
16-04-2025,23437.19922,348400,400.16285,399.2688436,391.5884
17-04-2025,23851.65039,505300,401.21209,400.9756089,395.7064
18-04-2025,23736.61593,382419.3548,400.87702,400.4800983,395.68868
19-04-2025,23766.29335,386003.2258,401.1002733,400.8621421,396.9482
20-04-2025,23798.49496,386238.7097,401.20859,401.1200007,397.8407857
21-04-2025,24125.55078,406100,402.05465,402.1465442,400.2818
22-04-2025,24167.25,440900,402.1082,402.5609317,401.6095
23-04-2025,24328.94922,415000,402.21654,402.772361,403.2458
24-04-2025,24246.69922,358800,401.85849,402.6671524,403.1963
25-04-2025,24039.34961,387700,401.2119,402.549564,398.1279
26-04-2025,23964.57642,390396.875,402.2168625,402.988557,401.7917125
27-04-2025,24016.0686,390971.875,402.2400357,403.1088446,402.0074143
28-04-2025,24328.5,320500,402.33766,403.532156,402.5791
29-04-2025,24335.94922,357600,402.68893,403.7439462,402.8806
30-04-2025,24334.19922,424500,403.25853,403.9358009,402.4127
01-05-2025,24144.84343,390125.8065,403.590052,404.0495752,402.81704
02-05-2025,24346.69922,421100,404.2614,404.2742678,402.0808
03-05-2025,24254.87177,383603.125,404.5359329,404.4226837,402.5136286
04-05-2025,24324.1405,390356.25,405.39777,404.8469182,402.0973714
05-05-2025,24461.15039,291500,405.40374,404.7617051,404.132
06-05-2025,24379.59961,302400,406.39559,404.9016395,400.8173
07-05-2025,24414.40039,330100,407.40568,405.8092705,402.6929
08-05-2025,24273.80078,411400,408.37052,406.5017973,399.6653
09-05-2025,24008,335600,409.38788,408.021019,396.7304
10-05-2025,24470.24098,398973.5294,408.8965263,407.8921315,403.511475
11-05-2025,24508.23064,395814.7059,409.75318,408.8656107,404.55015
12-05-2025,24924.69922,368700,410.92153,410.5300454,409.3855
13-05-2025,24578.34961,423000,411.33446,410.7843888,406.0918
14-05-2025,24666.90039,345500,411.95281,411.8271863,408.5766
15-05-2025,25062.09961,500800,412.25697,412.5495389,412.4414
16-05-2025,25019.80078,432700,412.26964,412.5735697,413.5042
17-05-2025,24623.62405,385954.2857,411.8365513,411.8569307,410.9136875
18-05-2025,24651.45692,381962.8571,411.93736,412.0665403,410.9703625
19-05-2025,24945.44922,255300,412.10917,412.366763,414.0505
20-05-2025,24683.90039,414800,411.89482,411.9925992,410.9182
21-05-2025,24813.44922,332700,411.95301,412.2313546,412.3413
22-05-2025,24609.69922,403300,411.728,412.2069223,409.8389
23-05-2025,24853.15039,270500,411.9014,412.7331494,412.0669
24-05-2025,24721.8341,373768.5714,412.0749638,412.4995203,412.0780125
25-05-2025,24735.437,370340,412.2689938,412.5931886,411.8927125
26-05-2025,25001.15039,302800,411.9606,412.8812049,413.5148
27-05-2025,24826.19922,525700,412.18922,412.7404059,412.2753
28-05-2025,24752.44922,684400,412.86349,412.8437628,411.6182
29-05-2025,24833.59961,345400,413.66141,413.1161101,412.5681
30-05-2025,24750.69922,853900,414.41309,413.2378901,411.8995
31-05-2025,24792.22629,371466.6667,414.76941,413.5353102,411.907
01-06-2025,24816.25825,370305.5556,414.3785511,413.9375062,411.7879111
02-06-2025,24716.59961,311100,414.83622,413.8971569,411.5001
03-06-2025,24542.5,349300,415.28318,414.4298362,410.0912
04-06-2025,24620.19922,280900,415.64439,415.3939775,411.5729
05-06-2025,24750.90039,388400,415.74655,416.2431059,412.6589
06-06-2025,25003.05078,335600,415.5225,417.0395961,415.801
07-06-2025,24944.72358,372494.4444,415.2180788,415.9499861,415.04055
08-06-2025,24969.03054,369350,415.1630025,416.152083,415.535875
09-06-2025,25103.19922,279200,415.36037,417.3148396,419.018
10-06-2025,25104.25,307300,414.84724,416.9363595,419.5974
11-06-2025,25141.40039,301200,414.50418,416.3450172,420.0849
12-06-2025,24888.19922,328300,414.39561,415.5139322,415.4627
13-06-2025,24718.59961,318700,415.10638,415.5253171,412.5751
14-06-2025,25028.91531,351547.2222,415.7389087,416.3541397,416.1257
15-06-2025,25050.92084,346666.6667,416.2564888,416.404904,415.05075
16-06-2025,24946.5,305800,416.31313,416.1809209,415.9697
17-06-2025,24853.40039,242400,417.12716,416.2278588,413.7033
18-06-2025,24812.05078,237600,418.2572,416.7888719,412.5945
19-06-2025,24793.25,274600,419.50101,417.7209546,410.4184
20-06-2025,25112.40039,574700,420.94217,419.3437445,414.1797
21-06-2025,25092.74729,337252.7778,420.2327525,418.9948523,414.4897875
22-06-2025,25103.46539,329005.5556,421.3221788,419.9959778,415.314875
23-06-2025,24971.90039,248500,422.10658,420.4913099,413.8867
24-06-2025,25044.34961,450200,423.29353,421.959001,416.1668
25-06-2025,25244.75,260600,424.32124,423.2461568,418.9992
26-06-2025,25549,428900,425.02854,424.1899249,422.5704
27-06-2025,25637.80078,564000,425.22045,424.5498194,424.6426
28-06-2025,25136.19043,305519.4444,424.3058488,423.5156732,421.3015
29-06-2025,25155.00711,303358.3333,424.6279238,424.0077117,422.6694125
30-06-2025,25517.05078,271000,424.97581,424.5292015,424.11
01-07-2025,25541.80078,260700,424.79765,424.6223573,425.0037
02-07-2025,25453.40039,309800,424.70299,424.5376145,425.0326
03-07-2025,25405.30078,293400,424.68318,424.4276178,424.83
04-07-2025,25461,193500,424.61195,424.3381995,425.8238
05-07-2025,25152.88905,300011.1111,424.4353612,424.134327,425.38405
06-07-2025,25145.96685,298250,424.2148863,423.8566108,425.4314875
07-07-2025,25461.30078,196100,424.28431,424.008066,425.7562
08-07-2025,25522.5,210400,423.96567,423.6195918,426.4439
09-07-2025,25476.09961,239100,423.46133,422.9919678,426.0722
10-07-2025,25355.25,219600,423.21201,422.3074718,424.4895
11-07-2025,25149.84961,250000,422.88276,421.8225766,422.1962
12-07-2025,25118.50298,294550,422.8491238,422.395315,424.52225
13-07-2025,25110.7474,294069.4444,422.3376575,421.9226627,424.3174375
14-07-2025,25082.30078,259500,422.38949,421.7395492,422.3284
15-07-2025,25195.80078,241300,421.63945,421.6086934,424.0571
16-07-2025,25212.05078,228800,420.95797,421.0646031,424.8345
17-07-2025,25111.44922,243400,420.19258,420.2268482,424.1177
18-07-2025,24968.40039,317000,419.20084,419.3622145,422.5474
19-07-2025,25064.7002,296069.4444,419.4055488,419.6776645,423.1793
20-07-2025,25052.89464,290119.4444,418.42257,418.8995233,423.037875
21-07-2025,25090.69922,305200,417.95535,418.6543954,422.5698
22-07-2025,25060.90039,483700,416.97662,417.7843055,421.4005
23-07-2025,25219.90039,271500,415.93209,416.9807068,423.579
24-07-2025,25062.09961,338700,414.52566,415.5144194,421.197
25-07-2025,24837,278100,413.4105,414.2516237,417.2635
26-07-2025,24984.12874,280154.2857,414.1920775,415.3129904,419.4075875
27-07-2025,24970.09302,280908.5714,413.2244113,414.40308,418.3614
28-07-2025,24680.90039,262100,412.29013,413.5823179,414.828
29-07-2025,24821.09961,284700,411.64026,413.3054996,417.2423
30-07-2025,24855.05078,243900,410.80601,412.4306551,417.1806
31-07-2025,24768.34961,346300,410.21402,411.3751118,414.2003
01-08-2025,24565.34961,263400,409.81254,410.7472922,410.0925
02-08-2025,24908.74012,292548.5714,410.8261888,411.6465288,413.3495125
03-08-2025,24890.68836,294964.7059,410.7763288,411.268088,412.7516875
04-08-2025,24722.75,259300,410.19053,410.8928015,412.7825
05-08-2025,24649.55078,251800,410.53123,410.4728686,410.9552
06-08-2025,24574.19922,225100,411.12479,410.3656838,409.5147
07-08-2025,24596.15039,616700,411.89125,410.5547913,410.0454
08-08-2025,24363.30078,312600,412.37368,410.6679894,406.0598
09-08-2025,24804.47955,300400,412.0902888,411.2889166,409.730925
10-08-2025,24790.33984,303311.7647,412.4771138,411.635137,409.4063
11-08-2025,24585.05078,241100,413.3216,411.6920314,408.3293
12-08-2025,24487.40039,237000,413.65625,412.4393051,408.8998
13-08-2025,24619.34961,236000,413.63298,413.2258618,411.2607
14-08-2025,24631.30078,270200,413.28513,413.6625644,410.1855
15-08-2025,24759.65016,301788.2353,413.281655,413.3358884,411.4562
16-08-2025,24753.11782,299485.2941,413.1439914,413.4590875,412.2325714
17-08-2025,24750.53544,292438.2353,412.96512,413.7316467,413.4968571
18-08-2025,24876.94922,363100,413.04588,414.4352454,413.8724
19-08-2025,24980.65039,252300,412.74809,414.5603221,416.1895
20-08-2025,25050.55078,287100,412.31801,414.1982826,416.8908
21-08-2025,25083.75,226500,412.0695,413.5999454,417.1793
22-08-2025,24870.09961,210200,411.7024,412.8045332,414.8697
23-08-2025,24769.00304,284361.7647,412.13547,413.3685572,415.1737857
24-08-2025,24783.97806,283897.0588,411.9580586,412.9673953,414.4301714
25-08-2025,24967.75,213000,411.58729,412.3456073,415.539
26-08-2025,24712.05078,750500,411.47712,411.6359645,411.6758
27-08-2025,24824.76225,283471.875,412.0999167,412.3306001,411.0544667
28-08-2025,24500.90039,326600,411.804,411.6271121,408.6671
29-08-2025,24426.84961,325500,412.54857,412.2848926,407.7822
30-08-2025,24827.95013,284251.6129,413.3235175,413.382789,411.08075
31-08-2025,24833.70495,285333.3333,413.48012,413.285491,407.793
01-09-2025,24625.05078,229300,414.48417,414.5060445,410.8945
02-09-2025,24579.59961,271600,415.18388,415.30861,411.8887
03-09-2025,24715.05078,340300,416.02299,416.0685899,414.4057
04-09-2025,24734.30078,314100,416.70893,416.438121,413.5083
05-09-2025,24741,210100,417.66144,417.0891924,413.7186
06-09-2025,24878.74638,275557.6923,416.012282,416.9059606,413.7388125
07-09-2025,24893.79815,277100,416.39431,417.6097713,414.5142125
08-09-2025,24773.15039,213200,416.7977867,417.8382129,414.4373
09-09-2025,24868.59961,226900,417.185185,418.5939713,414.9446
10-09-2025,24973.09961,244100,417.66144,419.4049428,416.1128
11-09-2025,25005.5,224600,,420.13653,417.0977
12-09-2025,25114,225700,,420.8118256,417.8335
13-09-2025,24917.87619,275372.7273,,420.4050927,417.4828
14-09-2025,24915.02282,276471.4286,,421.0544911,418.5573125
15-09-2025,25069.19922,185400,,421.4736757,417.8916
16-09-2025,25239.09961,240100,,422.2696926,420.2798
17-09-2025,25330.25,268900,,422.7118909,421.2651
18-09-2025,25423.59961,272200,,423.0334,423.0334
19-09-2025,25327.05078,282338.8889,,,
