Date,Close,High,Low,Open,Volume
17-09-2007,4573.549805,4673.25,4562.700195,4645.850098,0
18-09-2007,4576.75,4593.350098,4558.600098,4577.700195,0
19-09-2007,4667.299805,4700.75,4650.25,4674.100098,0
20-09-2007,4566.049805,4666,4558.200195,4666,0
21-09-2007,4603.850098,4632.100098,4476.850098,4559.149902,0
24-09-2007,4560.25,4631.75,4539.950195,4605.700195,0
25-09-2007,4540.600098,4592.700195,4520.950195,4581.600098,0
26-09-2007,4703.399902,4725.049805,4570.75,4608.149902,0
27-09-2007,4816.200195,4841,4745.549805,4754.25,0
28-09-2007,4804.200195,4882.850098,4769.450195,4790.649902,0
01-10-2007,4766.950195,4813.350098,4696,4813.350098,0
03-10-2007,4920.100098,4943.649902,4735.850098,4735.850098,0
04-10-2007,4908,4922.549805,4843.350098,4917.299805,0
05-10-2007,4868.450195,4912.549805,4842.700195,4908.899902,0
08-10-2007,4895.899902,4943.899902,4846.549805,4887.25,0
09-10-2007,5015.399902,5025.350098,4880.600098,4896.850098,0
10-10-2007,5171.600098,5187.350098,5027.049805,5027.049805,0
11-10-2007,4947.299805,5109.75,4899.950195,5109.75,0
12-10-2007,4877.850098,4903.200195,4802.200195,4898.899902,0
15-10-2007,4912.549805,4967,4863,4891.75,0
16-10-2007,4836.450195,4955.350098,4815.100098,4912.700195,0
17-10-2007,4882.899902,4897.649902,4572.200195,4742.549805,0
18-10-2007,4904.299805,5037.5,4846.700195,4939.100098,0
19-10-2007,4894.049805,4979.700195,4818.049805,4959.350098,0
22-10-2007,4807,4858.850098,4779.399902,4824.100098,0
23-10-2007,4807.25,4890.25,4797.25,4839.899902,0
24-10-2007,4756.850098,4884.399902,4739.850098,4860.700195,0
25-10-2007,4766.200195,4789.450195,4719.75,4757.899902,0
26-10-2007,4824.649902,4844.649902,4742.649902,4766.75,0
29-10-2007,4860.799805,4900.899902,4836.450195,4838,0
30-10-2007,4824.450195,4888.350098,4801.600098,4869.850098,0
31-10-2007,4793.649902,4833.25,4759.450195,4828.350098,0
01-11-2007,4751.799805,4836.200195,4738.649902,4811.950195,0
02-11-2007,4745.049805,4758.75,4655.299805,4686.799805,0
05-11-2007,4680.200195,4769,4667.149902,4743.5,0
06-11-2007,4654.700195,4716.950195,4646.700195,4679.200195,0
07-11-2007,4511.600098,4633.75,4489.5,4597.75,0
08-11-2007,4461.350098,4493.450195,4431.399902,4493.450195,0
12-11-2007,4331.350098,4395.600098,4297,4395.600098,0
13-11-2007,4281.200195,4369.5,4270,4320.100098,0
14-11-2007,4466.600098,4473.700195,4375.75,4376.049805,0
15-11-2007,4386,4465.799805,4369.899902,4465.799805,0
16-11-2007,4374.600098,4398.950195,4336.899902,4382.350098,0
19-11-2007,4390.850098,4436.950195,4356.350098,4365.200195,0
20-11-2007,4280.600098,4385.700195,4268.649902,4385.700195,0
21-11-2007,4201.25,4300.700195,4179.950195,4268.200195,0
22-11-2007,4172.75,4232.850098,4141.200195,4232.850098,0
23-11-2007,4238.600098,4271.100098,4177.700195,4177.700195,0
26-11-2007,4332.200195,4353.299805,4255.5,4255.5,0
27-11-2007,4355.950195,4363.350098,4284.899902,4338,0
28-11-2007,4312.399902,4393,4300.649902,4367.25,0
29-11-2007,4284.700195,4400.549805,4258.549805,4342.350098,0
30-11-2007,4431.149902,4452.399902,4303.299805,4303.299805,0
03-12-2007,4539,4562.399902,4434.600098,4434.600098,0
04-12-2007,4530.549805,4558,4505.299805,4538.899902,0
05-12-2007,4527.649902,4550.399902,4499.399902,4530.149902,0
06-12-2007,4555.799805,4594.549805,4529.75,4529.75,0
07-12-2007,4711.450195,4723.450195,4493.149902,4644.299805,0
10-12-2007,4679.149902,4763.350098,4663.899902,4729.25,0
11-12-2007,4690.049805,4714.950195,4650.100098,4695.049805,0
12-12-2007,4657.549805,4667.450195,4569.899902,4652.799805,0
13-12-2007,4580.25,4665.700195,4566.25,4658.899902,0
14-12-2007,4569.700195,4604.600098,4551.100098,4580.549805,0
17-12-2007,4467.350098,4611.350098,4447.450195,4607.5,0
18-12-2007,4452.049805,4488.5,4402.5,4469.600098,0
19-12-2007,4475.75,4512,4447.350098,4468.600098,0
20-12-2007,4593.799805,4614.149902,4450.5,4462.600098,0
24-12-2007,4872.200195,4885.149902,4608.399902,4608.399902,0
26-12-2007,4879.600098,4919.850098,4818.149902,4883.200195,0
27-12-2007,4874.200195,4913.950195,4839.299805,4887.149902,0
28-12-2007,4824.649902,4854.350098,4766.200195,4766.200195,0
31-12-2007,4812.600098,4860.950195,4778.950195,4833.100098,0
01-01-2008,4748.200195,4814.799805,4738.350098,4809.899902,0
02-01-2008,4722.5,4765.149902,4659.399902,4747.399902,0
03-01-2008,4616.850098,4704.600098,4602.450195,4679.899902,0
04-01-2008,4592.5,4654.25,4581.450195,4616.350098,0
07-01-2008,4460.950195,4580.049805,4453.549805,4580.049805,0
08-01-2008,4506.350098,4522.450195,4437.649902,4473.950195,0
09-01-2008,4529.100098,4597.149902,4511.649902,4511.649902,0
10-01-2008,4432.200195,4599.700195,4417.5,4544.950195,0
11-01-2008,4404.350098,4509.950195,4363.200195,4391.649902,0
14-01-2008,4268.149902,4413.850098,4259.149902,4405.5,0
15-01-2008,4195.399902,4307.549805,4185.600098,4278.549805,0
16-01-2008,4173.299805,4206.5,4132.700195,4188.5,0
17-01-2008,4138.149902,4205.100098,4123.850098,4205.100098,0
18-01-2008,4060,4145.549805,4041.899902,4139.5,0
21-01-2008,3786.149902,4042.100098,3712.800049,4031,0
22-01-2008,3626.5,3847.399902,3318.25,3770.100098,0
23-01-2008,3819.800049,3880.350098,3640.449951,3792.699951,0
24-01-2008,3726.050049,3944.449951,3696.300049,3891,0
25-01-2008,3948.149902,3983.899902,3727.100098,3727.100098,0
28-01-2008,3800.75,3895.25,3704.300049,3874.899902,0
29-01-2008,3864.899902,3921.25,3803.199951,3803.199951,0
30-01-2008,3846.649902,3873.050049,3820.5,3864.899902,0
31-01-2008,3838.149902,3914.899902,3776.75,3850.449951,0
01-02-2008,4074.149902,4102.049805,3849.649902,3856,0
04-02-2008,4257.350098,4296.950195,4099.75,4099.75,0
05-02-2008,4192.549805,4257.850098,4103.100098,4257.850098,0
06-02-2008,3976.449951,4191.5,3956.699951,4191.5,0
07-02-2008,3846.25,3992.850098,3829.5,3973.399902,0
08-02-2008,3961.050049,4004.350098,3844,3844,0
11-02-2008,3956.149902,4044.350098,3876.5,3961.350098,0
12-02-2008,3880.149902,4063.899902,3865,3972,0
13-02-2008,3874.800049,3930.199951,3817.100098,3870.100098,0
14-02-2008,3921.600098,3988.399902,3900.800049,3900.800049,0
15-02-2008,3956.600098,3969.5,3857.75,3877.399902,0
18-02-2008,3903.649902,3981.449951,3884.5,3959.149902,0
19-02-2008,3937.850098,3994.199951,3898.600098,3898.600098,0
20-02-2008,3943.949951,4003.649902,3926.050049,3964.050049,0
21-02-2008,4110.25,4139.299805,3966.350098,3966.350098,0
22-02-2008,4017.300049,4109.149902,4000.350098,4109.149902,0
25-02-2008,4082.699951,4088,4005.800049,4044.699951,0
26-02-2008,4138.950195,4147.450195,4090.449951,4124.700195,0
27-02-2008,4058.600098,4192.549805,4048.5,4138.75,0
28-02-2008,4062.350098,4079.199951,4015.649902,4067.899902,0
29-02-2008,3984.5,4060.399902,3932.649902,4055.25,0
03-03-2008,3825.100098,3937.25,3793.899902,3932.050049,0
04-03-2008,3782,3863.649902,3759.899902,3863.649902,0
05-03-2008,3902.75,3917.149902,3777.649902,3812.850098,0
07-03-2008,3762.050049,3880.949951,3703.25,3880.949951,0
10-03-2008,3701.399902,3797.600098,3676.300049,3742.550049,0
11-03-2008,3669.050049,3700.399902,3649.199951,3700.399902,0
12-03-2008,3621.300049,3778.050049,3606.75,3698.850098,0
13-03-2008,3439.5,3583.550049,3406.199951,3583.550049,0
14-03-2008,3530.699951,3546.5,3394.899902,3394.899902,0
17-03-2008,3405.949951,3473,3388.800049,3454.350098,0
18-03-2008,3440.350098,3508,3377.550049,3415.550049,0
19-03-2008,3501.149902,3564.800049,3486.100098,3496.449951,0
24-03-2008,3563.25,3590.149902,3495.300049,3495.300049,0
25-03-2008,3831.550049,3906.800049,3619.25,3619.25,0
26-03-2008,3831.050049,3917.850098,3787.399902,3907.100098,0
27-03-2008,3735.100098,3813.100098,3717.449951,3809.5,0
28-03-2008,3904.699951,3924.25,3731.100098,3739.300049,0
31-03-2008,3704.949951,3855.300049,3650.800049,3808.649902,0
01-04-2008,3674.850098,3756.550049,3627.25,3739.800049,0
02-04-2008,3760.149902,3828.800049,3749.850098,3749.850098,0
03-04-2008,3882.699951,3902,3754.25,3760.25,0
04-04-2008,3801.600098,3898.550049,3765.899902,3848.899902,0
07-04-2008,3892.199951,3945.649902,3809.899902,3837.149902,0
08-04-2008,3830,3895.25,3800.100098,3893.25,0
09-04-2008,3826.649902,3859.699951,3795.449951,3827.850098,0
10-04-2008,3825.899902,3915.050049,3804.100098,3836.300049,0
11-04-2008,3824.649902,3887.699951,3805.300049,3837.5,0
15-04-2008,4033,4073.199951,3798.199951,3824.899902,0
16-04-2008,4160.100098,4207.799805,4063.699951,4063.699951,0
17-04-2008,4304.200195,4320.399902,4209.049805,4225.299805,0
21-04-2008,4277.299805,4435.100098,4263.700195,4317.600098,0
22-04-2008,4053.350098,4207.049805,4035.649902,4206.950195,0
23-04-2008,4097.200195,4114.700195,4044.449951,4051.050049,0
24-04-2008,4137.600098,4156.899902,4079.449951,4098.049805,0
25-04-2008,4165.600098,4189.5,4126.399902,4127.600098,0
28-04-2008,4129.200195,4190.100098,3978.550049,3978.550049,0
29-04-2008,4318.600098,4338.600098,4102.399902,4132.950195,0
30-04-2008,4357.649902,4414.450195,4284.5,4330.350098,0
02-05-2008,4458.5,4480.350098,4388.899902,4388.899902,0
05-05-2008,4392.549805,4472.75,4384.700195,4467.75,0
06-05-2008,4440.350098,4501.850098,4305.649902,4341.899902,0
07-05-2008,4495.049805,4543.899902,4474.399902,4496.25,0
08-05-2008,4407.450195,4467,4325.799805,4467,0
09-05-2008,4334.450195,4433.799805,4317.200195,4410.25,0
12-05-2008,4380.049805,4406.399902,4287.149902,4287.149902,0
13-05-2008,4344.350098,4463.799805,4312.850098,4352.399902,0
14-05-2008,4512.350098,4532.25,4325.899902,4352.799805,0
15-05-2008,4569,4620.100098,4501.700195,4513,0
16-05-2008,4552.649902,4619.200195,4523.299805,4589.600098,0
20-05-2008,4513.799805,4549.799805,4489.549805,4504.049805,0
21-05-2008,4510.200195,4525.549805,4450.600098,4504.850098,0
22-05-2008,4476.700195,4542.450195,4464,4495.649902,0
23-05-2008,4390.350098,4519.799805,4381.149902,4500.350098,0
26-05-2008,4436.100098,4461.899902,4331.100098,4389.200195,0
27-05-2008,4490.200195,4512.700195,4431.950195,4482.799805,0
28-05-2008,4614.950195,4629,4501.950195,4501.950195,0
29-05-2008,4588.25,4671.049805,4567.850098,4629.350098,0
30-05-2008,4688.350098,4704.350098,4543.149902,4592.399902,0
02-06-2008,4574.200195,4773.649902,4532.149902,4699.649902,0
03-06-2008,4524.850098,4540.25,4407.399902,4519.450195,0
04-06-2008,4418.5,4526.100098,4395.649902,4520.049805,0
05-06-2008,4615.700195,4635.950195,4410.899902,4420.200195,0
06-06-2008,4571.299805,4681.100098,4557.899902,4642.25,0
09-06-2008,4359.350098,4495.899902,4320.049805,4495.899902,0
10-06-2008,4249.899902,4358.549805,4165.950195,4348.149902,0
11-06-2008,4303.600098,4330.350098,4264.899902,4268.850098,0
12-06-2008,4300.700195,4317.200195,4186.450195,4260.100098,0
13-06-2008,4322.700195,4377.450195,4287.149902,4319.799805,0
16-06-2008,4380.25,4439.649902,4352.75,4352.75,0
17-06-2008,4425.100098,4433.5,4354.450195,4383.950195,0
18-06-2008,4323.100098,4434.950195,4313.299805,4429.100098,0
19-06-2008,4295.899902,4331.899902,4259.25,4283.100098,0
20-06-2008,4179.700195,4334.700195,4158.899902,4322.899902,0
23-06-2008,4191.549805,4234.950195,4133.600098,4133.600098,0
24-06-2008,4108.950195,4224.100098,4083.850098,4176.950195,0
25-06-2008,4091,4111,4010.300049,4079.899902,0
26-06-2008,4193.75,4214.299805,4105,4116.399902,0
27-06-2008,4002.600098,4131.350098,3988.949951,4131.350098,0
30-06-2008,3999.399902,4067.149902,3977.75,4016.75,0
01-07-2008,3906.449951,4052,3881,4000.850098,0
02-07-2008,4096,4116.850098,3907.899902,3917.850098,0
03-07-2008,3982.949951,4087.300049,3906.5,4087.300049,0
04-07-2008,4000.800049,4057.699951,3971.050049,3999.899902,0
07-07-2008,4091.800049,4128,4015.949951,4015.949951,0
08-07-2008,3967.600098,4036.949951,3953.600098,4031.5,0
09-07-2008,4133.700195,4152.350098,3999.699951,3999.699951,0
10-07-2008,4104.149902,4178.950195,4060.649902,4128.600098,0
11-07-2008,3839.5,4194.799805,3809.5,4183.149902,0
14-07-2008,3659.25,3822.800049,3636,3822.800049,0
15-07-2008,3552.649902,3703.949951,3527.050049,3615.149902,0
16-07-2008,3511.5,3605.5,3475.850098,3576.399902,0
17-07-2008,3637.350098,3652.850098,3585.649902,3585.649902,0
18-07-2008,3571.600098,3668.649902,3476.550049,3658.75,0
21-07-2008,3590.649902,3629.5,3535,3608.75,0
22-07-2008,3690.550049,3705.649902,3584.5,3605.399902,0
23-07-2008,3800.449951,3810.199951,3687.75,3743.199951,0
24-07-2008,3682.800049,3816.149902,3609.550049,3816.149902,0
25-07-2008,3657.050049,3729.399902,3619.5,3666.550049,0
28-07-2008,3664,3696,3644.5,3656.649902,0
29-07-2008,3645,3662.100098,3513.449951,3513.449951,0
30-07-2008,3780.899902,3787.949951,3677.699951,3677.699951,0
31-07-2008,3752.850098,3819.25,3732.449951,3819.25,0
01-08-2008,3851.850098,3878,3694.550049,3723.75,0
04-08-2008,3841.300049,3887.75,3819.800049,3826.399902,0
05-08-2008,3917.75,3934.149902,3796.449951,3811.75,0
06-08-2008,3965.100098,4020.699951,3932.550049,3932.550049,0
07-08-2008,3975.899902,4020.800049,3949.449951,3972.100098,0
08-08-2008,3916.399902,3973.899902,3898.75,3949.75,0
11-08-2008,3917.449951,3980.25,3880.25,3938.800049,0
12-08-2008,3821.100098,3944.800049,3808.649902,3920.5,0
13-08-2008,3854.850098,3866.199951,3787.350098,3788.100098,0
14-08-2008,3907.399902,3942.600098,3854.199951,3862.949951,0
18-08-2008,3919.449951,3985.949951,3909,3919.449951,0
19-08-2008,3898.050049,3931.75,3872.449951,3927.5,0
20-08-2008,3912.649902,3937.149902,3887.949951,3900.949951,0
21-08-2008,3817.350098,3911.550049,3809.399902,3902.100098,0
22-08-2008,3829.399902,3839.449951,3791.149902,3811.800049,0
25-08-2008,3850.850098,3900.550049,3842.449951,3848.25,0
26-08-2008,3897.100098,3910.600098,3827.550049,3827.550049,0
27-08-2008,3877.899902,3918.550049,3869.300049,3906.649902,0
28-08-2008,3806.899902,3895.75,3793.75,3885,0
29-08-2008,3926.800049,3931.600098,3827,3827,0
01-09-2008,3933.899902,3965.649902,3892.25,3925.449951,0
02-09-2008,4047.899902,4064.350098,3934,3934,0
04-09-2008,4054.199951,4071.550049,4006.100098,4047.600098,0
05-09-2008,3927.399902,4005.5,3917.649902,4005.5,0
08-09-2008,4011.850098,4060.800049,3985.350098,3998.699951,0
09-09-2008,4020.850098,4054.699951,3964.050049,4009.25,0
10-09-2008,3997.899902,4056.699951,3989.199951,4021.600098,0
11-09-2008,3952.350098,4018.949951,3933.949951,4018.949951,0
12-09-2008,3806.449951,3969.149902,3794.25,3969.149902,0
15-09-2008,3606.5,3751.25,3515.75,3729,0
16-09-2008,3540.350098,3573.149902,3446.899902,3493.350098,0
17-09-2008,3511.850098,3633,3496.949951,3554.399902,0
18-09-2008,3449.350098,3520.699951,3300.600098,3422.5,0
19-09-2008,3660.100098,3673,3550.899902,3560.699951,0
22-09-2008,3643.399902,3710.100098,3614,3694.149902,0
23-09-2008,3459.75,3604.75,3449.199951,3572.850098,0
24-09-2008,3410,3489.699951,3346,3489.699951,0
25-09-2008,3314.449951,3417.399902,3300.449951,3415.949951,0
26-09-2008,3211.850098,3318.199951,3193.5,3318.199951,0
29-09-2008,3050.949951,3192.449951,3006.050049,3192.449951,0
30-09-2008,3107.050049,3192.25,2902.100098,2974.5,0
01-10-2008,3193.050049,3214.449951,3111.050049,3111.050049,0
03-10-2008,3106.550049,3218.399902,3086.75,3218.399902,0
06-10-2008,2912.699951,3081.350098,2871.25,3081.350098,0
07-10-2008,2806.5,3024,2747.800049,2964,0
08-10-2008,2645.850098,2738.949951,2515.350098,2738.949951,0
10-10-2008,2498.850098,2610.399902,2336.899902,2610.399902,0
13-10-2008,2694.800049,2730.350098,2521.300049,2549.600098,0
14-10-2008,2819.350098,2920.149902,2700.449951,2700.449951,0
15-10-2008,2656,2762.149902,2627.600098,2762.149902,0
16-10-2008,2533.600098,2580.75,2363.850098,2527.949951,0
17-10-2008,2391.5,2625.949951,2375.550049,2565.449951,0
20-10-2008,2577.399902,2613.850098,2436.5,2441,0
21-10-2008,2767.300049,2787.449951,2600.350098,2629.149902,0
22-10-2008,2649.75,2719.399902,2610.899902,2719.399902,0
23-10-2008,2603.949951,2769.649902,2504.75,2553.199951,0
24-10-2008,2415.550049,2573.449951,2307.949951,2541.300049,0
27-10-2008,2380.899902,2427.949951,2125.25,2388,0
29-10-2008,2549.25,2620.699951,2498.399902,2585.350098,0
31-10-2008,2686.949951,2802.25,2585.699951,2585.699951,0
03-11-2008,2709.350098,2806.699951,2645.050049,2776.5,0
04-11-2008,2589.5,2709.25,2510.5,2709.25,0
05-11-2008,2589.850098,2722.949951,2558.75,2592.100098,0
06-11-2008,2489.550049,2597.350098,2458.449951,2534.300049,0
07-11-2008,2550.350098,2584,2435.300049,2451.300049,0
10-11-2008,2672.449951,2688.449951,2544.25,2597.300049,0
11-11-2008,2514.850098,2659.449951,2489.600098,2642.800049,0
12-11-2008,2511.699951,2603.600098,2462.149902,2494.75,0
14-11-2008,2449.600098,2577.399902,2419,2558.350098,0
17-11-2008,2454.199951,2468.25,2366.100098,2452.149902,0
18-11-2008,2321.199951,2430.75,2305.949951,2430.75,0
19-11-2008,2277.800049,2358,2257.949951,2341.550049,0
20-11-2008,2212.350098,2244.5,2161,2227.550049,0
21-11-2008,2328.5,2346.800049,2186.300049,2190.550049,0
24-11-2008,2349.600098,2379.800049,2271.350098,2313,0
25-11-2008,2310.899902,2420.75,2298.300049,2419.300049,0
26-11-2008,2364.5,2373.649902,2281.600098,2316.600098,0
28-11-2008,2449.949951,2466.899902,2322.199951,2322.199951,0
01-12-2008,2420.800049,2543.399902,2406.100098,2457.100098,0
02-12-2008,2356.699951,2368.949951,2293.949951,2333.399902,0
03-12-2008,2300.899902,2389.300049,2264.550049,2368.399902,0
04-12-2008,2368.600098,2374.550049,2299.75,2309.850098,0
05-12-2008,2275.75,2346.949951,2262.149902,2346.949951,0
08-12-2008,2304.199951,2367.25,2282.600098,2282.600098,0
10-12-2008,2391.350098,2402.350098,2339.300049,2341.75,0
11-12-2008,2294.5,2394.25,2273.449951,2394.25,0
12-12-2008,2211.949951,2268.649902,2171.850098,2268.649902,0
15-12-2008,2201.100098,2279.800049,2193.199951,2241.100098,0
16-12-2008,2265.899902,2275.350098,2190.649902,2201.300049,0
17-12-2008,2218.949951,2290.649902,2208.550049,2245.600098,0
18-12-2008,2320.149902,2330.850098,2231.300049,2231.300049,0
19-12-2008,2329.399902,2343.850098,2273.649902,2322.850098,0
22-12-2008,2317.149902,2352.5,2298.399902,2324.800049,0
23-12-2008,2259.649902,2302.649902,2246.199951,2300.449951,0
24-12-2008,2195.5,2289.699951,2185.949951,2289.699951,0
26-12-2008,2126.100098,2213.149902,2115.699951,2191.649902,0
29-12-2008,2146.550049,2155.699951,2066.699951,2121.399902,0
30-12-2008,2197.550049,2207.699951,2138.300049,2147.699951,0
31-12-2008,2187,2222.649902,2170,2215.600098,0
02-01-2009,2262.800049,2304,2255.149902,2287.449951,0
05-01-2009,2318,2329.5,2265.350098,2265.350098,0
06-01-2009,2312.800049,2332.350098,2278.850098,2317.899902,0
07-01-2009,2178.300049,2360.550049,2109.399902,2336.75,0
09-01-2009,2210,2255.550049,2125.649902,2167.050049,0
12-01-2009,2108.399902,2172.550049,2091.25,2172.550049,0
13-01-2009,2181.199951,2207.800049,2046.300049,2072.25,0
14-01-2009,2262.949951,2301.75,2217.5,2226.949951,0
15-01-2009,2173.550049,2184.149902,2118.75,2176.199951,0
16-01-2009,2190.899902,2199.300049,2151.800049,2173.100098,0
19-01-2009,2171.449951,2201.199951,2146.5,2195.300049,0
20-01-2009,2145.449951,2158.550049,2120.199951,2148.300049,0
21-01-2009,2097.75,2142.850098,2083.050049,2138.949951,0
22-01-2009,2106.600098,2124.850098,2066.449951,2124.850098,0
23-01-2009,2065.149902,2102.449951,2047.300049,2091.75,0
27-01-2009,2147.850098,2166.649902,2091.949951,2091.949951,0
28-01-2009,2201.25,2210.899902,2132.75,2132.75,0
29-01-2009,2204.949951,2223.399902,2173.100098,2211.449951,0
30-01-2009,2225.75,2233.800049,2167.800049,2187.350098,0
02-02-2009,2157.350098,2213.850098,2146.25,2213.850098,0
03-02-2009,2178,2211.399902,2147.5,2162.199951,0
04-02-2009,2175.600098,2221.850098,2165.800049,2186.350098,0
05-02-2009,2129.75,2187.350098,2110.699951,2181.649902,0
06-02-2009,2185.100098,2197.550049,2130.149902,2130.149902,0
09-02-2009,2221.149902,2234.699951,2178,2187.199951,0
10-02-2009,2234.5,2249.600098,2208.800049,2225.800049,0
11-02-2009,2209.149902,2218.100098,2192.350098,2208.449951,0
12-02-2009,2178.899902,2199.25,2166.300049,2189.800049,0
13-02-2009,2191.600098,2210.949951,2183.25,2187.25,0
16-02-2009,2138.149902,2195.550049,2131.5,2188.25,0
17-02-2009,2074.600098,2131.800049,2054.350098,2131.800049,0
18-02-2009,2074.100098,2097.350098,2055.350098,2055.350098,0
19-02-2009,2124.949951,2130.399902,2071.949951,2071.949951,0
20-02-2009,2062.899902,2113.149902,2035.849976,2113.149902,0
24-02-2009,2052.399902,2062.399902,2012.25,2059.149902,0
25-02-2009,2102.149902,2106.699951,2062.899902,2062.899902,0
26-02-2009,2110.5,2122.600098,2085.5,2098.800049,0
27-02-2009,2094.100098,2105.600098,2042.25,2104.800049,0
02-03-2009,2041.849976,2077.600098,2023.75,2077.600098,0
03-03-2009,2002,2043.300049,1993.800049,2042.300049,0
04-03-2009,2029,2041.400024,1998.199951,2004.449951,0
05-03-2009,2010.650024,2043.349976,1999.699951,2036.349976,0
06-03-2009,2073.600098,2082,1992.800049,1999.900024,0
09-03-2009,2022.800049,2054.949951,2014.25,2054.949951,0
12-03-2009,2068.399902,2100.75,2047.050049,2047.050049,0
13-03-2009,2184.350098,2188.399902,2085.300049,2085.300049,0
16-03-2009,2211.550049,2217.5,2166.050049,2182.050049,0
17-03-2009,2173.699951,2210,2156.949951,2210,0
18-03-2009,2199.300049,2242.899902,2185.050049,2194.5,0
19-03-2009,2239.199951,2258.850098,2200.699951,2200.699951,0
20-03-2009,2229.350098,2240.850098,2208.25,2225.100098,0
23-03-2009,2286.100098,2292.449951,2228.800049,2228.800049,0
24-03-2009,2283.300049,2342,2261.300049,2286.699951,0
25-03-2009,2300.350098,2321.399902,2274.550049,2284.25,0
26-03-2009,2387.449951,2418.399902,2306.850098,2320.449951,0
27-03-2009,2387.75,2408.399902,2333.600098,2398.399902,0
30-03-2009,2267.350098,2358.5,2249.449951,2358.5,0
31-03-2009,2318.699951,2335.600098,2280.25,2296,0
01-04-2009,2379.800049,2387.199951,2289.399902,2317.350098,0
02-04-2009,2493.949951,2514.050049,2402.100098,2402.100098,0
06-04-2009,2502.699951,2559.199951,2469.100098,2525.350098,0
08-04-2009,2569.449951,2594.399902,2431.550049,2492.949951,0
09-04-2009,2556.199951,2604.050049,2537.949951,2586.199951,0
13-04-2009,2542.149902,2606.550049,2484.149902,2593.350098,0
15-04-2009,2523.75,2531.399902,2397.649902,2437.550049,0
16-04-2009,2492,2557.449951,2477.75,2537.149902,0
17-04-2009,2537.300049,2607.899902,2490.649902,2490.649902,0
20-04-2009,2531.550049,2581.300049,2501.850098,2522.149902,0
21-04-2009,2499.399902,2551.25,2486.199951,2551.25,0
22-04-2009,2495.25,2551.449951,2471.550049,2520.899902,0
23-04-2009,2640.5,2660.949951,2497.600098,2497.600098,0
24-04-2009,2655.25,2661.600098,2588.350098,2640.850098,0
27-04-2009,2682.850098,2698.949951,2619.050049,2629.899902,0
28-04-2009,2647.600098,2692.899902,2638.149902,2685.800049,0
29-04-2009,2770.850098,2781.600098,2650.199951,2650.199951,0
04-05-2009,2988.300049,3006.5,2804.899902,2804.899902,0
05-05-2009,2948.649902,3003.399902,2886.350098,3003.399902,0
06-05-2009,2893.5,2953.5,2875.399902,2931,0
07-05-2009,2920.5,2929.5,2857.100098,2893.300049,0
08-05-2009,2851.550049,2938.050049,2828.050049,2917.949951,0
11-05-2009,2814.75,2877.449951,2795.75,2852.100098,0
12-05-2009,2954.550049,2964.600098,2790.699951,2790.699951,0
13-05-2009,2910.949951,2983.550049,2893.5,2955.350098,0
14-05-2009,2896.550049,2910.899902,2838.449951,2856,0
15-05-2009,2981.149902,3005.949951,2913.699951,2921.949951,0
18-05-2009,3351.850098,3375.199951,3277.199951,3343.600098,0
19-05-2009,3027.100098,3369.699951,3011.25,3369.699951,0
20-05-2009,3073.399902,3119.199951,3005.100098,3005.100098,0
21-05-2009,3004.649902,3107.350098,2991.100098,3062.199951,0
22-05-2009,3020.199951,3025.899902,2960.899902,2973.600098,0
25-05-2009,3021.25,3044.899902,2980.800049,3039.050049,0
26-05-2009,3016.050049,3073.25,3005.449951,3036,0
27-05-2009,3119.699951,3124.800049,3056.449951,3056.449951,0
28-05-2009,3114.75,3165.550049,3100.350098,3119.550049,0
29-05-2009,3191.850098,3217.550049,3121.5,3138.600098,0
01-06-2009,3311.300049,3315.449951,3173.649902,3173.649902,0
02-06-2009,3304.300049,3359.550049,3285.550049,3321.800049,0
03-06-2009,3308.449951,3354.949951,3260.25,3313.850098,0
04-06-2009,3305.949951,3320.050049,3270.600098,3296.449951,0
05-06-2009,3359.050049,3380.899902,3312.899902,3328.600098,0
08-06-2009,3403.399902,3429.75,3372.949951,3382.699951,0
09-06-2009,3583,3590.850098,3371.399902,3377.850098,0
10-06-2009,3642.800049,3720.699951,3596.949951,3616.949951,0
11-06-2009,3561.350098,3649.75,3538.850098,3648.550049,0
12-06-2009,3498.350098,3593.5,3487.699951,3566.199951,0
15-06-2009,3478.100098,3537.850098,3446.050049,3493.050049,0
16-06-2009,3503.149902,3520.050049,3412.800049,3439.75,0
17-06-2009,3410.75,3499.75,3390.050049,3493.600098,0
18-06-2009,3400.949951,3493.350098,3366.25,3366.25,0
19-06-2009,3462.850098,3496.399902,3419.149902,3421.449951,0
22-06-2009,3422.300049,3517.050049,3409.949951,3492.75,0
23-06-2009,3407.699951,3440.75,3350.449951,3367.699951,0
24-06-2009,3476.25,3516.75,3369.25,3427.899902,0
25-06-2009,3462.149902,3545.199951,3443.899902,3482.350098,0
26-06-2009,3577.550049,3599.949951,3462.75,3503.300049,0
29-06-2009,3514.399902,3595,3504.949951,3586.100098,0
30-06-2009,3497.649902,3552.050049,3480.5,3515.050049,0
01-07-2009,3526.699951,3550.449951,3476,3500.699951,0
02-07-2009,3534.199951,3541.899902,3486.949951,3534.050049,0
03-07-2009,3545.300049,3560.75,3481.800049,3528.850098,0
06-07-2009,3430.550049,3581.25,3422.649902,3547,0
07-07-2009,3449,3475.199951,3419.949951,3444.649902,0
08-07-2009,3365.149902,3418.100098,3320.550049,3418.100098,0
09-07-2009,3374.550049,3397.5,3339.399902,3360.399902,0
10-07-2009,3423.600098,3507.199951,3366.949951,3366.949951,0
13-07-2009,3459.5,3471.550049,3407.550049,3437.300049,0
14-07-2009,3561.949951,3585,3481.850098,3483.100098,0
15-07-2009,3628.550049,3644.600098,3555.300049,3555.300049,0
16-07-2009,3634.25,3682,3621.100098,3661.25,0
17-07-2009,3772.949951,3793.600098,3665.199951,3665.199951,0
20-07-2009,4092.5,4170.950195,3842.800049,3842.800049,0
21-07-2009,4010.5,4115.549805,3992.949951,4095.300049,0
22-07-2009,3932.899902,4057.100098,3900.100098,4046.449951,0
23-07-2009,4005,4029,3974.5,3974.5,0
24-07-2009,4076,4090.699951,4028.050049,4041.899902,0
27-07-2009,4088.699951,4135.799805,4071.050049,4073.600098,0
28-07-2009,4089.100098,4101.149902,4038.800049,4087.300049,0
29-07-2009,4129.75,4144.200195,4032.199951,4068,0
30-07-2009,4292.850098,4318.600098,4127.350098,4139.350098,0
31-07-2009,4330.049805,4374.549805,4284.25,4334.700195,0
03-08-2009,4380.149902,4395.25,4309.950195,4339.5,0
04-08-2009,4335.149902,4400.950195,4286.799805,4353.5,0
05-08-2009,4403.350098,4415.200195,4321.049805,4321.049805,0
06-08-2009,4316.399902,4427.149902,4291.549805,4409.049805,0
07-08-2009,4278,4342.850098,4262.100098,4286.350098,0
10-08-2009,4402.299805,4465.649902,4310.950195,4310.950195,0
11-08-2009,4422.100098,4488.850098,4366.149902,4420.549805,0
12-08-2009,4345.5,4410.049805,4232.5,4410.049805,0
13-08-2009,4432.350098,4440.549805,4376.149902,4388.299805,0
14-08-2009,4391.950195,4441.75,4356.700195,4436.049805,0
17-08-2009,4264.149902,4346.649902,4247.049805,4346.649902,0
18-08-2009,4291.5,4324.850098,4241.899902,4251.850098,0
19-08-2009,4236.100098,4320.799805,4202.600098,4301.649902,0
20-08-2009,4284.799805,4320.049805,4269.450195,4269.450195,0
21-08-2009,4368.149902,4377.549805,4247,4287.100098,0
24-08-2009,4482.299805,4494.100098,4411.649902,4411.649902,0
25-08-2009,4591.700195,4600.75,4456.649902,4475.799805,0
26-08-2009,4730.549805,4762.350098,4597.399902,4597.399902,0
27-08-2009,4753,4789.399902,4716.799805,4729.799805,0
28-08-2009,4721.149902,4765.600098,4648,4753.850098,0
31-08-2009,4618.350098,4649.950195,4602.75,4644.049805,0
01-09-2009,4644.5,4707.850098,4595.850098,4625.549805,0
02-09-2009,4680.200195,4721.100098,4601.75,4602.549805,0
03-09-2009,4686.899902,4731.350098,4640.299805,4686.5,0
04-09-2009,4704.649902,4731.75,4655.549805,4709.850098,0
07-09-2009,4775.899902,4782.799805,4731.299805,4734.5,0
08-09-2009,4757.100098,4837.5,4740.799805,4788.350098,0
09-09-2009,4736.399902,4768.75,4686.700195,4763.100098,0
10-09-2009,4744.5,4809.049805,4722.149902,4745.25,0
11-09-2009,4785.649902,4811.649902,4727.450195,4727.450195,0
14-09-2009,4786.049805,4803.25,4726.799805,4726.799805,0
15-09-2009,4846.350098,4861.649902,4798.299805,4806.350098,0
16-09-2009,4880.950195,4887.299805,4844.75,4872.299805,0
17-09-2009,4973.75,5000.100098,4905.200195,4907.149902,0
18-09-2009,4979.049805,5015.850098,4958,4973.200195,0
22-09-2009,5084.5,5097.850098,4970.600098,4978,0
23-09-2009,4992.649902,5101.450195,4972.100098,5078.600098,0
24-09-2009,4997.899902,5016.75,4883.350098,4935.25,0
25-09-2009,4905.600098,4985.200195,4897.950195,4985.200195,0
29-09-2009,5044.200195,5063.100098,4965.25,4988.700195,0
30-09-2009,5122.100098,5141.549805,5043.899902,5043.899902,0
01-10-2009,5174.049805,5215.25,5076.649902,5149.149902,0
05-10-2009,5119.600098,5203.450195,5088.850098,5114.399902,0
06-10-2009,5078.200195,5194.350098,5016.100098,5167.350098,0
07-10-2009,4929.149902,5111.700195,4918.299805,5101.350098,0
08-10-2009,4837.350098,4951,4828.950195,4951,0
09-10-2009,4774.799805,4957.25,4761.450195,4915.450195,0
12-10-2009,4916.950195,4926.299805,4800.450195,4800.450195,0
14-10-2009,4976.049805,5007.549805,4931.049805,4952.450195,0
15-10-2009,4919.350098,5000.200195,4870.549805,4980,0
16-10-2009,4937.350098,4978.299805,4923.600098,4935.350098,0
20-10-2009,5014.100098,5059.049805,4998.600098,5000.450195,0
21-10-2009,5074.450195,5128.649902,5013.350098,5017.549805,0
22-10-2009,5033.600098,5135.5,4993.100098,5059.149902,0
23-10-2009,5126.149902,5163.899902,5054.299805,5054.299805,0
26-10-2009,5162.299805,5215.5,5113.649902,5136,0
27-10-2009,5136.149902,5236.75,5087.350098,5170.549805,0
28-10-2009,5168.5,5187.399902,5122.549805,5131.350098,0
29-10-2009,5088.950195,5169.100098,5075.100098,5155.350098,0
30-10-2009,5048.799805,5192.299805,4978.149902,5112.25,0
03-11-2009,4849.850098,5068.950195,4828.299805,5060.899902,0
04-11-2009,5023.350098,5034.350098,4877.049805,4877.049805,0
05-11-2009,5043.200195,5053.049805,4911.049805,5024.350098,0
06-11-2009,5068.100098,5121.549805,5025.299805,5046.850098,0
09-11-2009,5110,5118.200195,5030.700195,5082.100098,0
10-11-2009,5064.850098,5159.600098,5056.350098,5136.549805,0
11-11-2009,5259,5265.549805,5069,5069,0
12-11-2009,5311.549805,5332.799805,5256.600098,5265.200195,0
13-11-2009,5379.100098,5406.600098,5296.299805,5313.75,0
16-11-2009,5370.200195,5406.799805,5330.299805,5397.450195,0
17-11-2009,5474.5,5483.899902,5375.149902,5387,0
18-11-2009,5484.600098,5573.850098,5470.850098,5475.549805,0
19-11-2009,5417.450195,5483.25,5365.799805,5483.049805,0
20-11-2009,5463.549805,5476.100098,5328.100098,5382.700195,0
23-11-2009,5456.200195,5486.850098,5427.600098,5486.850098,0
24-11-2009,5486.200195,5513.549805,5405.75,5477.049805,0
25-11-2009,5476.799805,5525.700195,5458.100098,5477.950195,0
26-11-2009,5366.5,5496.850098,5344.299805,5478.850098,0
27-11-2009,5262.5,5361.75,5162.450195,5361.75,0
30-11-2009,5364.200195,5397.5,5309.600098,5315.799805,0
01-12-2009,5394.399902,5406.5,5355.100098,5389.100098,0
02-12-2009,5362.75,5420.950195,5340.149902,5412.799805,0
03-12-2009,5413.950195,5447.799805,5363.450195,5386.200195,0
04-12-2009,5429.600098,5497.25,5401.25,5422.450195,0
07-12-2009,5442.5,5493.600098,5419.100098,5442.100098,0
08-12-2009,5499.799805,5506.450195,5417,5444.399902,0
09-12-2009,5543.200195,5556,5476.200195,5491.75,0
10-12-2009,5532.450195,5561.899902,5515.899902,5543.549805,0
11-12-2009,5521.049805,5587.049805,5501.049805,5547.049805,0
14-12-2009,5557.850098,5581.049805,5510.049805,5510.049805,0
15-12-2009,5544.600098,5594.399902,5531,5555.75,0
16-12-2009,5637,5652.649902,5526.399902,5547.049805,0
17-12-2009,5692.049805,5729.700195,5655.049805,5678.75,0
18-12-2009,5682.799805,5735.049805,5674.149902,5710.25,0
21-12-2009,5678.950195,5758.799805,5663.350098,5721.700195,0
22-12-2009,5657.450195,5728.850098,5620.299805,5680.649902,0
23-12-2009,5815,5826.649902,5685.899902,5686.600098,0
24-12-2009,5829.700195,5854.450195,5788.350098,5840.899902,0
29-12-2009,5778.600098,5839.600098,5762.799805,5838.350098,0
30-12-2009,5791.299805,5832.700195,5769.799805,5769.799805,0
31-12-2009,5818.399902,5843.200195,5797.149902,5797.149902,0
04-01-2010,5877.25,5889.200195,5819.5,5819.5,0
05-01-2010,5913.649902,5923.25,5874.899902,5898.950195,0
06-01-2010,5824.899902,5922.149902,5816.549805,5913.899902,0
07-01-2010,5702.850098,5840.049805,5690.799805,5828.200195,0
08-01-2010,5607.899902,5694.799805,5599.299805,5694.799805,0
11-01-2010,5649.649902,5691.799805,5606.149902,5629.700195,0
12-01-2010,5862.399902,5897,5741.649902,5741.649902,0
13-01-2010,6075.799805,6082.5,5846.75,5866.549805,0
14-01-2010,6105.299805,6160,6004.850098,6095.700195,0
15-01-2010,6118.399902,6145.399902,6058.600098,6095.149902,0
18-01-2010,6181.149902,6190.850098,6112.399902,6131.75,0
19-01-2010,6068.700195,6181.600098,6044.549805,6175.25,0
20-01-2010,6052.399902,6123.299805,6024.100098,6108.950195,0
21-01-2010,5951.899902,6098.649902,5927.149902,6028.450195,0
22-01-2010,5874.600098,5951.950195,5814.600098,5951.950195,0
25-01-2010,5799.299805,5850.600098,5745.950195,5850.600098,0
27-01-2010,5599,5767.899902,5577.5,5753.649902,0
28-01-2010,5649.350098,5729.200195,5572.049805,5639.799805,0
29-01-2010,5594.149902,5619.450195,5423.450195,5554.850098,0
01-02-2010,5643.450195,5739.549805,5477.950195,5543.549805,0
02-02-2010,5586.700195,5745,5561.700195,5720.049805,0
03-02-2010,5698.850098,5713.75,5599.549805,5599.549805,0
04-02-2010,5565.950195,5686.75,5541.75,5686.75,0
05-02-2010,5449.75,5510.600098,5401.549805,5460.75,0
08-02-2010,5484.649902,5555.75,5387.950195,5503.100098,0
09-02-2010,5606.299805,5620.799805,5474.600098,5474.600098,0
10-02-2010,5573.450195,5654.049805,5563.649902,5616.700195,0
11-02-2010,5644.200195,5678.049805,5595.200195,5595.200195,0
15-02-2010,5667.049805,5698.850098,5630.049805,5669.899902,0
16-02-2010,5745.100098,5767.799805,5642.25,5665.5,0
17-02-2010,5743.799805,5798.25,5712.049805,5779.700195,0
18-02-2010,5741.100098,5785.5,5722.149902,5745.799805,0
19-02-2010,5712.450195,5758.200195,5686.25,5701.799805,0
22-02-2010,5752.799805,5815.700195,5740.899902,5759.549805,0
23-02-2010,5783.799805,5796.600098,5729.899902,5750.899902,0
24-02-2010,5779.75,5828.299805,5744.25,5744.25,0
25-02-2010,5782.100098,5814.899902,5752.350098,5810.25,0
26-02-2010,5766.700195,5832,5724.799805,5787.299805,0
02-03-2010,5848.700195,5857.700195,5797.950195,5823.549805,0
03-03-2010,5896.700195,5913.149902,5848.899902,5885.149902,0
04-03-2010,5833.600098,5906.299805,5799.450195,5906.299805,0
05-03-2010,5843.200195,5863.049805,5815.549805,5834.049805,0
08-03-2010,5882.700195,5905.799805,5843.450195,5843.450195,0
09-03-2010,5925.100098,5968.100098,5880.450195,5903.850098,0
10-03-2010,5897.850098,5947.700195,5881.950195,5926.299805,0
11-03-2010,5960.049805,5980.049805,5900,5900,0
12-03-2010,5960.649902,5987.899902,5933.149902,5977.149902,0
15-03-2010,6038.450195,6052.049805,5906.5,5980.649902,0
16-03-2010,6102.75,6119.700195,6021.899902,6059.200195,0
17-03-2010,6143,6174.299805,6094,6094,0
18-03-2010,6174.700195,6185,6129.75,6155.75,0
19-03-2010,6145.450195,6189.600098,6132.700195,6189.600098,0
22-03-2010,6128.75,6162.299805,6085.149902,6086.25,0
23-03-2010,6142.700195,6176.399902,6123.149902,6174.549805,0
25-03-2010,6201.200195,6220.049805,6128.049805,6137.549805,0
26-03-2010,6151.899902,6223.5,6135,6223.5,0
29-03-2010,6050.950195,6140.899902,6039.850098,6133.649902,0
30-03-2010,5917.75,6042.850098,5908.149902,6033.149902,0
31-03-2010,5855.950195,5967.549805,5842.299805,5947.600098,0
01-04-2010,5984,5994.25,5861.450195,5861.450195,0
05-04-2010,5993.899902,6017.350098,5933.299805,5992.799805,0
06-04-2010,5934.799805,6003.649902,5924,6001.600098,0
07-04-2010,5920.049805,5947.850098,5871.950195,5947.850098,0
08-04-2010,5950,5994.299805,5892.100098,5892.100098,0
09-04-2010,5950.700195,6013.299805,5943.649902,5959.25,0
12-04-2010,5963.799805,5985.899902,5916.850098,5969.100098,0
13-04-2010,6141.149902,6163.149902,5905.149902,6041.5,0
15-04-2010,6171.75,6230.600098,6126.700195,6141.600098,0
16-04-2010,6142.850098,6194.600098,6117.549805,6141.850098,0
19-04-2010,6064.25,6123.549805,6026.600098,6123.549805,0
20-04-2010,6000,6117.049805,5990.149902,6117.049805,0
21-04-2010,6004.600098,6050.399902,5976.600098,6036.549805,0
22-04-2010,6017.200195,6087.450195,5977.950195,5990.450195,0
23-04-2010,6016.149902,6072.299805,6001.850098,6055.600098,0
26-04-2010,6040,6059.850098,6024.100098,6034.5,0
27-04-2010,6037.75,6045.5,6015.700195,6034.799805,0
28-04-2010,5949.649902,6014.649902,5939.5,6014.649902,0
29-04-2010,5938.549805,5961.649902,5899.350098,5949.799805,0
30-04-2010,5985.799805,6021.75,5914.700195,5947.850098,0
03-05-2010,5930,5958.299805,5901.850098,5946.399902,0
04-05-2010,5871.799805,5958.600098,5855.850098,5955.299805,0
05-05-2010,5932,5956.600098,5771.549805,5811.899902,0
06-05-2010,5867.899902,5925.25,5835.399902,5925.25,0
07-05-2010,5726.600098,5818.25,5712.25,5811.700195,0
10-05-2010,5890.899902,5901.5,5772.899902,5780.799805,0
11-05-2010,5834.350098,5900,5805.350098,5900,0
12-05-2010,5876.25,5911.850098,5820.549805,5838.149902,0
13-05-2010,5922.600098,5951.049805,5887.950195,5900.049805,0
14-05-2010,5839.75,5972.350098,5801.899902,5913.649902,0
17-05-2010,5744.549805,5827.399902,5673,5827.399902,0
18-05-2010,5754.700195,5796.200195,5686.5,5796.200195,0
19-05-2010,5663.100098,5762.299805,5641.299805,5742.399902,0
20-05-2010,5659.899902,5714.25,5642.75,5708.75,0
21-05-2010,5606.450195,5639.649902,5554,5618.100098,0
24-05-2010,5638.5,5702.450195,5622.649902,5622.700195,0
25-05-2010,5488.100098,5592.350098,5446.799805,5592.350098,0
26-05-2010,5674.399902,5702.350098,5528.799805,5528.799805,0
27-05-2010,5713.600098,5740.899902,5623.299805,5671.600098,0
28-05-2010,5783.600098,5792.25,5709.049805,5721.200195,0
31-05-2010,5761.950195,5852.350098,5704.200195,5852.350098,0
01-06-2010,5688.299805,5764.049805,5679.100098,5762.049805,0
02-06-2010,5738.450195,5757.100098,5688.799805,5688.799805,0
03-06-2010,5839.649902,5854.950195,5800.100098,5804.25,0
04-06-2010,5884.299805,5894.350098,5799.850098,5844.299805,0
07-06-2010,5785.850098,5801.149902,5732.25,5783.600098,0
08-06-2010,5740.700195,5821.549805,5727.350098,5786.149902,0
09-06-2010,5670.399902,5765.299805,5658.850098,5744.549805,0
10-06-2010,5735.100098,5747.049805,5668.149902,5668.149902,0
11-06-2010,5739.25,5801.5,5714.700195,5776,0
14-06-2010,5945.25,5965.200195,5778.850098,5778.850098,0
15-06-2010,5916.75,5959.200195,5899.350098,5914.350098,0
16-06-2010,5969.899902,5994.299805,5942.649902,5961.350098,0
17-06-2010,5975.899902,5996.75,5912.799805,5985.149902,0
18-06-2010,6006.950195,6064,5970.549805,5975.049805,0
21-06-2010,6037.25,6071.75,6018.299805,6018.299805,0
22-06-2010,5958.549805,6010.75,5953.399902,6004.799805,0
23-06-2010,6007.649902,6016.350098,5924.700195,5930.450195,0
24-06-2010,6014.600098,6023.100098,5958.450195,6005.200195,0
25-06-2010,5921.75,6001.149902,5908.049805,6001.149902,0
28-06-2010,5979.600098,5990.450195,5929.5,5929.5,0
29-06-2010,5934.149902,5968.5,5892.299805,5968.5,0
30-06-2010,5928.299805,5949.600098,5837,5877.799805,0
01-07-2010,5861.25,5893.649902,5842.649902,5893.649902,0
02-07-2010,5836.299805,5869.200195,5800.399902,5869.200195,0
05-07-2010,5862.600098,5876.75,5832.149902,5837.549805,0
06-07-2010,5959.549805,5975.649902,5859.700195,5860.899902,0
07-07-2010,5954.399902,5964.450195,5921.450195,5957.549805,0
08-07-2010,6041.299805,6069.299805,5980.049805,5980.049805,0
09-07-2010,6108.399902,6123.100098,6064.75,6064.75,0
12-07-2010,6185.649902,6196.399902,6128.649902,6129.299805,0
13-07-2010,6028.049805,6150.200195,5996.5,6150.200195,0
14-07-2010,5952.450195,6063.850098,5936.549805,6058.450195,0
15-07-2010,5985.5,5997.25,5950.5,5953.75,0
16-07-2010,6086.100098,6094.350098,6013.200195,6013.200195,0
19-07-2010,6072.799805,6107.200195,6020.600098,6044,0
20-07-2010,6052.5,6091.75,6042.399902,6089.299805,0
21-07-2010,6097.450195,6102,6060.799805,6060.799805,0
22-07-2010,6076.25,6084.649902,6026.75,6076.200195,0
23-07-2010,6100.399902,6134.700195,6086.200195,6134.700195,0
26-07-2010,6131.350098,6141.899902,6103.899902,6103.899902,0
27-07-2010,6168.649902,6187.299805,6142,6145.600098,0
28-07-2010,6161.399902,6176.700195,6132.649902,6166.049805,0
29-07-2010,6152.350098,6165.399902,6140.850098,6146.049805,0
30-07-2010,6086.850098,6144.25,6045.600098,6139.25,0
02-08-2010,6104.350098,6129.899902,6088.100098,6102.100098,0
03-08-2010,6077,6132.200195,6056.649902,6118.200195,0
04-08-2010,6274.200195,6297.100098,6102.75,6102.75,0
05-08-2010,6288.700195,6344.350098,6280.5,6280.5,0
06-08-2010,6259.899902,6333.100098,6241.799805,6289,0
09-08-2010,6306.850098,6320.200195,6218.649902,6233.799805,0
10-08-2010,6216,6297.600098,6196.149902,6297.600098,0
11-08-2010,6161.299805,6233.399902,6143.75,6213.600098,0
12-08-2010,6091.049805,6111.950195,6057.049805,6111.950195,0
13-08-2010,6116.700195,6162.799805,6080.25,6096.75,0
16-08-2010,6086.850098,6126.399902,6067.399902,6086.799805,0
17-08-2010,6059.5,6119.200195,6035.100098,6068.799805,0
18-08-2010,6184.399902,6207.799805,6082.350098,6082.350098,0
19-08-2010,6183.899902,6216.549805,6159.850098,6208.899902,0
20-08-2010,6128.600098,6163.450195,6104.200195,6163.450195,0
23-08-2010,6178.950195,6190.850098,6123.899902,6131.549805,0
24-08-2010,6117.600098,6161.450195,6107.600098,6161.450195,0
25-08-2010,6109.950195,6151.200195,6098.950195,6116.049805,0
26-08-2010,6116.149902,6131.600098,6088.75,6124.200195,0
27-08-2010,6005.899902,6116.049805,5984.399902,6116.049805,0
30-08-2010,5971.25,6057.899902,5927.200195,6034.700195,0
31-08-2010,5974.899902,5987.799805,5908.700195,5936.5,0
01-09-2010,6086.450195,6093.600098,5974.600098,5975.049805,0
02-09-2010,6055.200195,6140.25,6040.75,6140.25,0
03-09-2010,6076.100098,6133.850098,6063.5,6063.549805,0
06-09-2010,6184.450195,6198.049805,6125.600098,6125.600098,0
07-09-2010,6253.649902,6268.299805,6166.5,6189.950195,0
08-09-2010,6287.700195,6296.299805,6191,6212.399902,0
09-09-2010,6302,6316.200195,6265.149902,6273.450195,0
13-09-2010,6358.149902,6382.450195,6308.600098,6308.600098,0
14-09-2010,6441.75,6474.100098,6397.899902,6404.100098,0
15-09-2010,6602,6617.700195,6447.850098,6447.850098,0
16-09-2010,6447.25,6575.149902,6437.399902,6575.149902,0
17-09-2010,6477.850098,6550.950195,6465.649902,6475.100098,0
20-09-2010,6528.450195,6541.950195,6488.200195,6488.200195,0
21-09-2010,6673.299805,6685.799805,6527.25,6553.75,0
22-09-2010,6594.600098,6679.049805,6553.700195,6678.350098,0
23-09-2010,6596.399902,6608.299805,6528.049805,6572.100098,0
24-09-2010,6634.700195,6647.850098,6553.5,6579.200195,0
27-09-2010,6600.75,6661.649902,6587.25,6654.700195,0
28-09-2010,6560.5,6600.549805,6540.600098,6584.850098,0
29-09-2010,6578.600098,6662.899902,6533.799805,6586.25,0
30-09-2010,6613.399902,6645.549805,6532.149902,6583.75,0
01-10-2010,6759.149902,6768.600098,6585.350098,6616.149902,0
04-10-2010,6733.350098,6866.799805,6710.700195,6780.700195,0
05-10-2010,6732.799805,6788.600098,6720.100098,6720.149902,0
06-10-2010,6776.850098,6814.399902,6738.100098,6759.149902,0
07-10-2010,6681.450195,6769.25,6660.200195,6759.25,0
08-10-2010,6710.649902,6720.799805,6643.399902,6699.200195,0
11-10-2010,6716.25,6757.75,6672.049805,6743.149902,0
12-10-2010,6724.149902,6750.200195,6686.549805,6718.200195,0
13-10-2010,6924.75,6936.149902,6731.25,6753.899902,0
14-10-2010,6952.799805,7053.450195,6932.350098,6946.700195,0
15-10-2010,6730.100098,7036.100098,6704.149902,7031.399902,0
18-10-2010,6814,6834.899902,6650.700195,6760.399902,0
19-10-2010,6663,6807.600098,6649.5,6804,0
20-10-2010,6652.299805,6720.100098,6628.600098,6651.100098,0
21-10-2010,6715.299805,6722.450195,6614.350098,6645.75,0
22-10-2010,6777.100098,6830.149902,6717.649902,6717.649902,0
25-10-2010,6751.799805,6827.100098,6737.5,6785.700195,0
26-10-2010,6736.850098,6770.450195,6709.450195,6742.450195,0
27-10-2010,6663.649902,6731.450195,6648.799805,6720.299805,0
28-10-2010,6632.549805,6739.600098,6592.25,6674.899902,0
29-10-2010,6613.25,6666.450195,6554.399902,6666.450195,0
01-11-2010,6670,6717.200195,6637.700195,6637.700195,0
02-11-2010,6712.700195,6723.75,6637.950195,6674.299805,0
03-11-2010,6721.25,6783.549805,6701.75,6721.850098,0
04-11-2010,6818.649902,6834.850098,6761.5,6762.600098,0
08-11-2010,6723.600098,6847.950195,6711.799805,6847.950195,0
09-11-2010,6811.700195,6837.399902,6744.950195,6759.899902,0
10-11-2010,6851.549805,6891.549805,6780.25,6800.649902,0
11-11-2010,6762.700195,6853.899902,6751.899902,6851.350098,0
12-11-2010,6663.200195,6753.75,6644.700195,6739.100098,0
15-11-2010,6733,6752.350098,6635.950195,6676.600098,0
16-11-2010,6608.299805,6719.149902,6561.399902,6715.600098,0
18-11-2010,6631,6691.600098,6594.049805,6676.450195,0
19-11-2010,6503.5,6632.799805,6482.799805,6615.899902,0
22-11-2010,6666.549805,6696.799805,6519.700195,6519.700195,0
23-11-2010,6619.850098,6687.149902,6532.100098,6639.5,0
24-11-2010,6540.75,6636.649902,6514.700195,6626.649902,0
25-11-2010,6617.899902,6739.600098,6559.200195,6559.200195,0
26-11-2010,6615.399902,6694.25,6590.75,6631.450195,0
29-11-2010,6688.899902,6711.5,6638.899902,6659.549805,0
30-11-2010,6703.600098,6745.649902,6602.950195,6645,0
01-12-2010,6723.299805,6744.299805,6690.200195,6690.200195,0
02-12-2010,6827.600098,6844.149902,6715.5,6751.799805,0
03-12-2010,6856.649902,6906.549805,6833.649902,6833.649902,0
06-12-2010,6890.549805,6951.450195,6865.149902,6870.25,0
07-12-2010,6932.299805,6957.899902,6881,6890.100098,0
08-12-2010,6850.899902,6913.100098,6818.25,6913,0
09-12-2010,6843.75,6928.850098,6834.350098,6873.600098,0
10-12-2010,6869.100098,6882.799805,6799.649902,6827.399902,0
13-12-2010,6886.100098,6896.5,6744.299805,6872.100098,0
14-12-2010,6935.5,6955.950195,6852.299805,6907,0
15-12-2010,7024.649902,7034.450195,6920.450195,6920.450195,0
16-12-2010,7211.799805,7221.649902,7037.899902,7048.899902,0
20-12-2010,7332.049805,7363.950195,7136.950195,7136.950195,0
21-12-2010,7325.700195,7380.100098,7301,7340.5,0
22-12-2010,7302.950195,7342.149902,7270.350098,7323.75,0
23-12-2010,7339.600098,7360.350098,7307.450195,7325.149902,0
24-12-2010,7353.649902,7378.100098,7287,7289.700195,0
27-12-2010,7364.100098,7407.75,7339.75,7339.75,0
28-12-2010,7387.25,7400.899902,7355.850098,7355.850098,0
29-12-2010,7426.600098,7446.5,7374.850098,7388.450195,0
30-12-2010,7503.649902,7512.100098,7429.149902,7429.149902,0
31-12-2010,7491.100098,7511.049805,7436.149902,7484.799805,0
03-01-2011,7492.450195,7524.600098,7463.799805,7503.950195,0
04-01-2011,7512.299805,7560.649902,7499.549805,7500.299805,0
05-01-2011,7508,7547.149902,7479.649902,7489.75,0
06-01-2011,7545.950195,7566.600098,7484.25,7544.700195,0
07-01-2011,7333.799805,7591.899902,7311.299805,7533.700195,0
10-01-2011,7317.450195,7418.200195,7264.75,7343.299805,0
11-01-2011,7194.5,7369.350098,7131.5,7233.549805,0
12-01-2011,7324.049805,7356.25,7195.149902,7247.350098,0
13-01-2011,7063.950195,7202.399902,7044.799805,7198.850098,0
14-01-2011,7068.200195,7219.799805,7043.649902,7043.649902,0
17-01-2011,7178.200195,7197.5,7049.799805,7057.549805,0
18-01-2011,7360.850098,7378.049805,7209.549805,7209.549805,0
19-01-2011,7267.100098,7353.600098,7231.149902,7349.450195,0
20-01-2011,7353.75,7373.600098,7207.799805,7222.899902,0
21-01-2011,7249.799805,7305.299805,7228.799805,7302.700195,0
24-01-2011,7295.100098,7312.75,7207.649902,7232.600098,0
25-01-2011,7242.5,7327.100098,7220.399902,7283.299805,0
27-01-2011,7146.549805,7256.5,7132.899902,7256.5,0
28-01-2011,7065.350098,7220.450195,7005.899902,7159.549805,0
31-01-2011,6971.25,6995.100098,6884.899902,6990.75,0
01-02-2011,6898.649902,6999.75,6824.75,6992,0
02-02-2011,6961.649902,7063.299805,6928.899902,6964.399902,0
03-02-2011,6998.899902,7061.799805,6928.549805,6978.75,0
04-02-2011,6850.649902,7001.399902,6824.200195,6965.649902,0
07-02-2011,6861.25,6920.350098,6839.799805,6916.850098,0
08-02-2011,6847.5,6915.450195,6830.75,6879.549805,0
09-02-2011,6828.899902,6867.149902,6759.049805,6825.149902,0
10-02-2011,6720.450195,6811.850098,6697.299805,6799.5,0
11-02-2011,6719.649902,6742.75,6624.049805,6667.25,0
14-02-2011,6869.049805,6888.100098,6724.399902,6727.450195,0
15-02-2011,6855.049805,6892.100098,6782.149902,6872.799805,0
16-02-2011,6862.100098,6884.850098,6800.399902,6831.149902,0
17-02-2011,6893.299805,6916.549805,6857,6895.600098,0
18-02-2011,6832.049805,6957.25,6805.149902,6911.350098,0
21-02-2011,7014.100098,7026.149902,6784.200195,6831.049805,0
22-02-2011,6966.799805,7029.600098,6900.399902,6958.350098,0
23-02-2011,6856.700195,6923.649902,6846.450195,6906.850098,0
24-02-2011,6706.450195,6827.799805,6683.75,6803.899902,0
25-02-2011,6679.799805,6728.200195,6599.75,6723.799805,0
28-02-2011,6666.299805,6918.700195,6628.049805,6688.549805,0
01-03-2011,6831.450195,6853.75,6671.549805,6714.600098,0
03-03-2011,6786.799805,6814.200195,6706.549805,6779.049805,0
04-03-2011,6810.549805,6894.700195,6793.649902,6859.850098,0
07-03-2011,6747.049805,6794.600098,6703.100098,6754.700195,0
08-03-2011,6871.700195,6898.350098,6722.850098,6730.299805,0
09-03-2011,6861.899902,6914.200195,6809,6879.950195,0
10-03-2011,6827.700195,6851.649902,6775.450195,6851.649902,0
11-03-2011,6722.25,6798.5,6692.700195,6780.399902,0
14-03-2011,6822,6831.049805,6676.899902,6683.049805,0
15-03-2011,6689.049805,6738.5,6630.899902,6686.049805,0
16-03-2011,6733.299805,6776.899902,6689.25,6689.25,0
17-03-2011,6633.850098,6690.799805,6624.399902,6651.649902,0
18-03-2011,6552.649902,6662.399902,6536.299805,6631.950195,0
21-03-2011,6504.850098,6581.200195,6489.649902,6578.899902,0
22-03-2011,6533.950195,6564.149902,6506.200195,6530.75,0
23-03-2011,6595.649902,6601.399902,6505.299805,6525.5,0
24-03-2011,6660.549805,6669.799805,6604,6605.899902,0
25-03-2011,6930.649902,6960.450195,6732.850098,6751.950195,0
28-03-2011,6912.350098,6938.700195,6857.200195,6901.149902,0
29-03-2011,6983.25,7026.149902,6902.649902,6903.950195,0
30-03-2011,7010.049805,7061.799805,6986.299805,6993.200195,0
31-03-2011,7148.100098,7192.350098,7021.450195,7021.450195,0
01-04-2011,7109.850098,7174.899902,7084.5,7136.799805,0
04-04-2011,7267.850098,7281.350098,7130.25,7130.25,0
05-04-2011,7313.799805,7324.100098,7188.350098,7265.5,0
06-04-2011,7270.850098,7344.899902,7242.299805,7305.75,0
07-04-2011,7215.399902,7249.75,7190.299805,7249.75,0
08-04-2011,7168.799805,7249,7136.5,7205.600098,0
11-04-2011,7157.850098,7207.5,7099.200195,7107.5,0
13-04-2011,7306.100098,7328.75,7089.5,7106.200195,0
15-04-2011,6842.149902,7298.25,6824.049805,7297.899902,0
18-04-2011,6651.049805,6852.450195,6638.299805,6764.399902,0
19-04-2011,6668.450195,6703.200195,6619.100098,6650.299805,0
20-04-2011,6818.149902,6825.600098,6745.799805,6745.799805,0
21-04-2011,6780.850098,6899.350098,6762.649902,6859.799805,0
25-04-2011,6834.399902,6856.549805,6773.350098,6778.450195,0
26-04-2011,6825.350098,6853.649902,6775.649902,6825.950195,0
27-04-2011,6809.100098,6832.25,6792.549805,6817.899902,0
28-04-2011,6729.75,6815.450195,6718.600098,6807.75,0
29-04-2011,6718.350098,6752.100098,6680.649902,6722.799805,0
02-05-2011,6715.649902,6772.399902,6697.200195,6740.549805,0
03-05-2011,6644.700195,6755.200195,6620,6711.25,0
04-05-2011,6576.5,6641.299805,6516.899902,6641.299805,0
05-05-2011,6506.549805,6583.649902,6484.850098,6577.799805,0
06-05-2011,6627,6658.600098,6530.649902,6530.649902,0
09-05-2011,6620.299805,6656.350098,6554.850098,6645.149902,0
10-05-2011,6596.75,6686.5,6568.799805,6616.450195,0
11-05-2011,6650.450195,6677.049805,6601.75,6601.75,0
12-05-2011,6569.200195,6644.200195,6559.700195,6618,0
13-05-2011,6609.549805,6668.149902,6565.450195,6569.200195,0
16-05-2011,6564.049805,6615.899902,6558.399902,6601.049805,0
17-05-2011,6562.5,6622.25,6541.200195,6547.75,0
18-05-2011,6582.549805,6640.149902,6527.350098,6572.899902,0
19-05-2011,6594.25,6620.450195,6580,6620.450195,0
20-05-2011,6615.399902,6637.049805,6576.700195,6609.649902,0
23-05-2011,6566.850098,6595.850098,6534.100098,6586.649902,0
24-05-2011,6557.600098,6587.549805,6537.049805,6552.600098,0
25-05-2011,6457.399902,6538.049805,6402.799805,6538.049805,0
26-05-2011,6450.450195,6488.850098,6410.950195,6478.649902,0
27-05-2011,6507.600098,6517.149902,6444.950195,6444.950195,0
30-05-2011,6515.899902,6540.5,6481.200195,6538.5,0
01-06-2011,6604.049805,6619.75,6544.799805,6544.799805,0
02-06-2011,6573.200195,6593,6530,6535.75,0
03-06-2011,6562.049805,6633.149902,6555.5,6574.600098,0
06-06-2011,6610.450195,6624.600098,6519.899902,6549.350098,0
07-06-2011,6696.450195,6711.200195,6592.25,6592.25,0
08-06-2011,6672.600098,6701.850098,6652.200195,6684.100098,0
09-06-2011,6659.350098,6682.350098,6642.049805,6670.950195,0
10-06-2011,6653.450195,6689.75,6633.899902,6664.649902,0
13-06-2011,6650.600098,6661.850098,6592.899902,6631.25,0
14-06-2011,6671.350098,6682.25,6655.850098,6656.700195,0
15-06-2011,6595.200195,6654.399902,6581.950195,6650.299805,0
16-06-2011,6480.75,6582.25,6474,6582.25,0
17-06-2011,6357.100098,6485.5,6336.850098,6481.700195,0
20-06-2011,6166.450195,6367.5,6050,6365.75,0
21-06-2011,6237.149902,6274.75,6160.799805,6193.399902,0
22-06-2011,6240.200195,6297,6223.850098,6281.799805,0
23-06-2011,6298.350098,6311.850098,6199.299805,6228.399902,0
24-06-2011,6499.100098,6520.100098,6318.200195,6318.200195,0
27-06-2011,6530.799805,6585.950195,6428.700195,6437.100098,0
28-06-2011,6525.350098,6561.649902,6465.399902,6543.299805,0
29-06-2011,6570.600098,6596.549805,6531.5,6531.5,0
30-06-2011,6624.700195,6640.5,6558.950195,6579.049805,0
01-07-2011,6674.75,6715.649902,6648,6681.75,0
04-07-2011,6685.850098,6746.649902,6678.149902,6724.75,0
05-07-2011,6708.399902,6732.649902,6660.350098,6711.950195,0
06-07-2011,6704.100098,6748.200195,6672.25,6695.25,0
07-07-2011,6787.350098,6796.799805,6696.950195,6705.75,0
08-07-2011,6723.850098,6835.25,6714,6793,0
11-07-2011,6612.049805,6719.5,6574.899902,6689.299805,0
12-07-2011,6415.450195,6483.049805,6337.799805,6483.049805,0
13-07-2011,6408.549805,6454.799805,6382.700195,6384.899902,0
14-07-2011,6325.899902,6385.950195,6314.600098,6383.350098,0
15-07-2011,6346.049805,6420,6324,6395.299805,0
18-07-2011,6296.75,6360.75,6286.5,6351.100098,0
19-07-2011,6365.950195,6388,6303.350098,6304.299805,0
20-07-2011,6327.700195,6409.25,6306.75,6409.25,0
21-07-2011,6335.899902,6368.549805,6294.600098,6314.049805,0
22-07-2011,6438.5,6461.200195,6361.899902,6366.299805,0
25-07-2011,6434.450195,6451.75,6381.25,6426.299805,0
26-07-2011,6426.850098,6462.149902,6379.100098,6433.649902,0
27-07-2011,6408.450195,6470.5,6398.399902,6431.350098,0
28-07-2011,6307.399902,6346.600098,6273.649902,6344.399902,0
29-07-2011,6335.100098,6356.5,6264.75,6293.649902,0
01-08-2011,6382.100098,6422.799805,6340.950195,6350.399902,0
02-08-2011,6274.950195,6353.350098,6266.299805,6353.350098,0
03-08-2011,6217.350098,6232.25,6170.950195,6232.25,0
04-08-2011,6157.200195,6266.299805,6149.100098,6222.799805,0
05-08-2011,5911.549805,6022.399902,5770.299805,6022.399902,0
08-08-2011,5651.75,5717.75,5570.700195,5709.899902,0
09-08-2011,5452.399902,5572.149902,5394.049805,5415.25,0
10-08-2011,5588.700195,5660.100098,5530.649902,5603.649902,0
11-08-2011,5555.600098,5603.649902,5507.799805,5551.200195,0
12-08-2011,5416.25,5636.450195,5362.25,5636.450195,0
16-08-2011,5469.649902,5532.600098,5435.100098,5514.100098,0
17-08-2011,5571.200195,5608.350098,5459.649902,5459.649902,0
18-08-2011,5348.350098,5601.700195,5332.799805,5599.100098,0
19-08-2011,5113.850098,5208.950195,5011.100098,5208.950195,0
22-08-2011,5087.649902,5138.100098,5035.200195,5095.850098,0
23-08-2011,5289.100098,5329.100098,5084,5103.950195,0
24-08-2011,5222.100098,5286.350098,5188.149902,5286.350098,0
25-08-2011,5096.700195,5247.100098,5069.100098,5233.100098,0
26-08-2011,5088.700195,5188.899902,5051.950195,5097.25,0
29-08-2011,5339.100098,5360.549805,5160.700195,5160.700195,0
30-08-2011,5451.25,5474.850098,5325.450195,5407.649902,0
02-09-2011,5384.149902,5554.899902,5311.799805,5554.899902,0
05-09-2011,5299.649902,5338.700195,5235.450195,5338.700195,0
06-09-2011,5366.200195,5389.100098,5204.149902,5270.700195,0
07-09-2011,5374.950195,5423.5,5337.899902,5366.799805,0
08-09-2011,5456.100098,5509.200195,5390.950195,5390.950195,0
09-09-2011,5339.200195,5456.200195,5313.700195,5450.799805,0
12-09-2011,5157.850098,5219.200195,5139.950195,5219.200195,0
13-09-2011,5204.75,5303.450195,5158.549805,5209.649902,0
14-09-2011,5425.100098,5449.100098,5247.899902,5253.600098,0
15-09-2011,5550.149902,5570.600098,5385.950195,5484.850098,0
16-09-2011,5494.049805,5620.350098,5477.799805,5620.350098,0
19-09-2011,5443.399902,5498.899902,5434.850098,5491.049805,0
20-09-2011,5613.350098,5623.799805,5459.850098,5467.850098,0
21-09-2011,5606.950195,5662.5,5574.549805,5634.149902,0
22-09-2011,5385.299805,5536.950195,5349.649902,5502.799805,0
23-09-2011,5367.75,5465.899902,5333.350098,5340.850098,0
26-09-2011,5387.649902,5415.450195,5278.5,5385.200195,0
27-09-2011,5579.700195,5617.25,5444.100098,5444.100098,0
28-09-2011,5623.899902,5749.600098,5592.100098,5640.950195,0
29-09-2011,5746.149902,5764.450195,5605.5,5630.350098,0
30-09-2011,5678.899902,5771.299805,5658.75,5709,0
03-10-2011,5588.100098,5632.799805,5549.649902,5592.799805,0
04-10-2011,5537.100098,5599.899902,5478.100098,5544.200195,0
05-10-2011,5532.799805,5638.700195,5516.549805,5576.799805,0
07-10-2011,5640.950195,5772.200195,5601.850098,5734.450195,0
10-10-2011,5796.450195,5814,5674.700195,5685.75,0
11-10-2011,5637.950195,5831.049805,5615.5,5822.100098,0
12-10-2011,5934.25,5945.700195,5793.200195,5793.200195,0
13-10-2011,5978.549805,6035.700195,5953.549805,6011.649902,0
14-10-2011,6119.649902,6135.200195,5972.100098,5987.899902,0
17-10-2011,6096.5,6172.149902,6069.799805,6165.950195,0
18-10-2011,5881,5939.600098,5852.100098,5939.600098,0
19-10-2011,5959.899902,5966.600098,5901.399902,5923.850098,0
20-10-2011,5975,5987.299805,5870.450195,5889.950195,0
21-10-2011,5948.450195,5991.149902,5932.350098,5991.149902,0
24-10-2011,6056.5,6090.899902,6002.200195,6002.200195,0
25-10-2011,6217.299805,6267.399902,6099.299805,6128.600098,0
28-10-2011,6273.950195,6432.649902,6246.600098,6346.450195,0
31-10-2011,6278.700195,6333.850098,6261.25,6271.200195,0
01-11-2011,6214.100098,6284.799805,6173.350098,6219.649902,0
02-11-2011,6220.100098,6256.5,6179.600098,6180.149902,0
03-11-2011,6169.799805,6227.700195,6102.100098,6208.850098,0
04-11-2011,6200.200195,6268.75,6135.450195,6250.549805,0
08-11-2011,6216.450195,6227.200195,6154.200195,6176.200195,0
09-11-2011,6233.049805,6303.5,6215.649902,6228.350098,0
11-11-2011,6168.850098,6219.350098,5937.899902,5937.899902,0
14-11-2011,6210.299805,6280.450195,6198.049805,6226.299805,0
15-11-2011,6175.100098,6230,6156.950195,6189.450195,0
16-11-2011,6111.100098,6168.75,6073.950195,6168.75,0
17-11-2011,6065.100098,6121.049805,6034.75,6090.75,0
18-11-2011,6017.799805,6062.549805,5978.799805,6019.700195,0
21-11-2011,5888.299805,5999.450195,5835.600098,5981,0
22-11-2011,5987.200195,6049.350098,5801.25,5801.25,0
23-11-2011,5843.399902,5925.600098,5766.200195,5922,0
25-11-2011,5797.450195,5887.600098,5779.450195,5887.600098,0
28-11-2011,5895.799805,5914.399902,5850.350098,5850.350098,0
29-11-2011,5854.200195,5893.100098,5827.049805,5888.049805,0
30-11-2011,5893.25,5924.149902,5803.450195,5814.899902,0
01-12-2011,5996.399902,6071.049805,5960.850098,6022.799805,0
02-12-2011,6122.899902,6155.850098,5986.5,5989.950195,0
05-12-2011,6129.799805,6154.75,6081.950195,6107.25,0
07-12-2011,6223.049805,6250.299805,6105.049805,6134.450195,0
08-12-2011,6179.299805,6237.600098,6131.450195,6189.149902,0
09-12-2011,6135.25,6194.5,6064.950195,6079.700195,0
12-12-2011,6194.450195,6226.350098,6111.850098,6153.450195,0
13-12-2011,6208.149902,6256.75,6157.600098,6174.149902,0
14-12-2011,6198.5,6240.25,6166.25,6205.200195,0
15-12-2011,6160.649902,6182.799805,6054.600098,6177.75,0
16-12-2011,6112.549805,6223.25,6079.899902,6120.549805,0
19-12-2011,6043.600098,6091.950195,5967.899902,6059.5,0
20-12-2011,5989.950195,6066.450195,5976.350098,6061.799805,0
21-12-2011,6131.25,6154.5,5991.450195,6085.049805,0
22-12-2011,6076.549805,6123.649902,5987.850098,5992.899902,0
23-12-2011,6058.600098,6106.25,6024.75,6105.850098,0
27-12-2011,6168.649902,6240.149902,6124.649902,6189.049805,0
28-12-2011,6167.200195,6210.75,6138.5,6177.950195,0
29-12-2011,6111.700195,6158.399902,6097.450195,6128.350098,0
30-12-2011,6139,6171.549805,6115.850098,6126.549805,0
03-01-2012,6356.149902,6384.25,6248.850098,6248.850098,0
04-01-2012,6325.100098,6379.049805,6307.649902,6346.799805,0
05-01-2012,6301.549805,6373.799805,6286.799805,6302.799805,0
06-01-2012,6281.100098,6347.700195,6239.5,6288.049805,0
09-01-2012,6287.899902,6333.049805,6261.100098,6304.450195,0
10-01-2012,6331.75,6357.899902,6314.049805,6340.100098,0
11-01-2012,6249.299805,6392.149902,6226.350098,6347.649902,0
12-01-2012,5872.75,6093.5,5856.799805,6093.5,0
13-01-2012,5872.600098,5934.200195,5830.450195,5923.600098,0
16-01-2012,5990.299805,5998.200195,5857.399902,5862.950195,0
17-01-2012,6041,6068.100098,6004.600098,6024.25,0
18-01-2012,5912,5981.899902,5869.850098,5981.899902,0
19-01-2012,5893.200195,5951.350098,5858,5935.600098,0
20-01-2012,5897.950195,5947.350098,5882.700195,5916.75,0
23-01-2012,5910.549805,5952.549805,5903.299805,5905.450195,0
24-01-2012,5964.25,5992.899902,5910.549805,5945.450195,0
25-01-2012,6038.100098,6063.100098,5981.899902,5990.100098,0
27-01-2012,6136.299805,6155.75,6087.799805,6094.649902,0
30-01-2012,6103.799805,6134.799805,6080.100098,6090.450195,0
31-01-2012,6193.850098,6203.450195,6107.25,6107.25,0
01-02-2012,6192.399902,6201.450195,6109.75,6182.399902,0
02-02-2012,6280.549805,6288.700195,6196.450195,6201.450195,0
03-02-2012,6339.950195,6350.600098,6256.75,6256.75,0
06-02-2012,6370.899902,6398.950195,6340.299805,6386.700195,0
07-02-2012,6308.549805,6426,6291.450195,6426,0
08-02-2012,6414.649902,6437,6351.600098,6358.549805,0
09-02-2012,6492.549805,6510.399902,6318.950195,6373.899902,0
10-02-2012,6484.350098,6502.200195,6394.350098,6477.299805,0
13-02-2012,6461.149902,6492.649902,6408.5,6447.649902,0
14-02-2012,6465.700195,6477.799805,6426.700195,6443.850098,0
15-02-2012,6575.399902,6594.049805,6494.549805,6494.549805,0
16-02-2012,6621.950195,6631.450195,6556.350098,6569.600098,0
17-02-2012,6703.049805,6768.600098,6620.299805,6651.850098,0
21-02-2012,6703.899902,6718.549805,6626.299805,6670.450195,0
22-02-2012,6718.700195,6811.299805,6661.399902,6661.399902,0
23-02-2012,6704.5,6778.700195,6678.899902,6693.450195,0
24-02-2012,6747.200195,6797.100098,6697.5,6697.5,0
27-02-2012,6608.899902,6783.149902,6588.399902,6783.149902,0
28-02-2012,6572.450195,6654.700195,6545.450195,6617.549805,0
29-02-2012,6606.850098,6643,6550.200195,6623.25,0
01-03-2012,6553.200195,6578.799805,6474.5,6567.350098,0
02-03-2012,6532.399902,6576.549805,6480.549805,6576.549805,0
05-03-2012,6471.399902,6543.649902,6438.700195,6537.350098,0
06-03-2012,6511.700195,6594,6442.600098,6456.200195,0
07-03-2012,6563.25,6592.899902,6475.399902,6484.299805,0
09-03-2012,6558.450195,6633.450195,6540.049805,6626,0
12-03-2012,6492.700195,6645.200195,6450.700195,6645.200195,0
13-03-2012,6546.75,6577.25,6519.899902,6519.899902,0
14-03-2012,6515.200195,6639.399902,6483.850098,6604.700195,0
15-03-2012,6519,6553.149902,6489.049805,6533.850098,0
16-03-2012,6501.25,6585.149902,6475.049805,6560.700195,0
19-03-2012,6404.399902,6535.899902,6351.649902,6531.850098,0
20-03-2012,6423.399902,6454.649902,6367.649902,6395.75,0
21-03-2012,6523.899902,6566.5,6424.5,6424.5,0
22-03-2012,6437.149902,6540.049805,6417.450195,6532.450195,0
23-03-2012,6532.149902,6547.799805,6448.299805,6453.350098,0
26-03-2012,6436.75,6530.600098,6419.350098,6519.25,0
27-03-2012,6507.299805,6544.399902,6446.549805,6490.350098,0
28-03-2012,6450.649902,6495.100098,6403.149902,6492.5,0
29-03-2012,6366.350098,6405.950195,6331.049805,6399.75,0
30-03-2012,6516,6533.299805,6392,6392,0
02-04-2012,6548,6565.549805,6493.25,6511.850098,0
03-04-2012,6550.899902,6600.299805,6526.600098,6581.350098,0
04-04-2012,6539.899902,6589.049805,6513.200195,6522.200195,0
09-04-2012,6466.649902,6535.850098,6456.899902,6504.100098,0
10-04-2012,6396.25,6514.799805,6351.200195,6492.450195,0
11-04-2012,6413.799805,6460.049805,6346.549805,6377.200195,0
12-04-2012,6343.850098,6453.100098,6336.850098,6436.5,0
13-04-2012,5782.850098,6015.100098,5760.100098,5975.649902,0
16-04-2012,5751.100098,5801.350098,5694.950195,5772.149902,0
17-04-2012,5801.700195,5815.700195,5738.75,5813.950195,0
18-04-2012,5815,5867.5,5807.299805,5855.899902,0
19-04-2012,5861.75,5875.600098,5817.5,5833.450195,0
20-04-2012,5849.450195,5899.399902,5774.5,5833.850098,0
23-04-2012,5680.149902,5833.649902,5653.5,5831.399902,0
24-04-2012,5928.399902,5951.149902,5681.600098,5760.200195,0
25-04-2012,5850.700195,5896.850098,5815.899902,5896.850098,0
26-04-2012,5871.899902,5903.200195,5833.100098,5851.600098,0
27-04-2012,5940.350098,5947.450195,5866.700195,5866.700195,0
30-04-2012,6085.399902,6096,5938.899902,5938.899902,0
02-05-2012,6124.899902,6148.950195,6085.25,6085.25,0
03-05-2012,6161.100098,6180.700195,6101.549805,6101.549805,0
04-05-2012,6100.350098,6201.899902,6068.049805,6160.600098,0
07-05-2012,6089.200195,6101.100098,5957.299805,6023.100098,0
08-05-2012,5901.450195,5965.950195,5855.049805,5965.950195,0
09-05-2012,5898.799805,5946.700195,5856.649902,5856.649902,0
10-05-2012,5890,5934.350098,5854.299805,5903.399902,0
11-05-2012,5830.799805,5898.600098,5816.350098,5870.75,0
14-05-2012,5855.850098,5877.049805,5802.299805,5831.549805,0
15-05-2012,5956.299805,5973.649902,5801.850098,5801.850098,0
16-05-2012,5870.25,5927.75,5845.5,5894.200195,0
17-05-2012,5869.100098,5896.649902,5811.450195,5870.700195,0
18-05-2012,5865.450195,5904.600098,5763.700195,5778,0
22-05-2012,5822.450195,5859.5,5789.100098,5833.299805,0
23-05-2012,5832.149902,5865.299805,5766.799805,5854.5,0
24-05-2012,5886.100098,5895.600098,5781.5,5836,0
25-05-2012,5879.850098,5895.049805,5832.75,5853.799805,0
28-05-2012,5916.299805,5934.950195,5868.899902,5910.5,0
29-05-2012,5983.25,6005.850098,5904.899902,5927.899902,0
30-05-2012,6012.350098,6059.549805,5954.299805,5961.799805,0
31-05-2012,6008.799805,6008.799805,5937.850098,5946.299805,0
01-06-2012,5902.75,5995.75,5895,5977.649902,0
04-06-2012,5884,5899.200195,5802.850098,5855.350098,0
05-06-2012,5904.899902,5944.399902,5883.649902,5884.100098,0
06-06-2012,5999.25,6035.899902,5922.149902,5922.149902,0
07-06-2012,6021.799805,6054.350098,6001.399902,6034.799805,0
08-06-2012,5975.5,6052.950195,5930.049805,6052.950195,0
11-06-2012,5965.450195,6027.75,5949.149902,5990.899902,0
12-06-2012,6017.950195,6033.200195,5912.350098,5912.350098,0
13-06-2012,6040.799805,6079.549805,6003.850098,6013,0
14-06-2012,6065.25,6098.899902,6028.600098,6030.350098,0
15-06-2012,6134.450195,6142.299805,6079.399902,6083.899902,0
18-06-2012,6082,6185.600098,6053.450195,6155.200195,0
19-06-2012,6069.149902,6087.299805,6027.049805,6065.799805,0
20-06-2012,6051.450195,6084.100098,6039,6072.299805,0
21-06-2012,6043.350098,6056.649902,5976.350098,6018.100098,0
22-06-2012,6028.549805,6044.450195,5966.200195,5966.200195,0
25-06-2012,5997.049805,6058.899902,5985.25,6033,0
26-06-2012,5988.600098,6003.399902,5965.200195,5976.649902,0
27-06-2012,6042.399902,6060.600098,6006.450195,6008.100098,0
28-06-2012,6055.649902,6079.149902,6021.899902,6037.149902,0
29-06-2012,6144.600098,6167.100098,6083.25,6093.899902,0
02-07-2012,6120.899902,6159.549805,6114.75,6141.700195,0
03-07-2012,6087.5,6152.5,6064.700195,6152.5,0
04-07-2012,6074.75,6111.049805,6035.950195,6103.200195,0
05-07-2012,6077.350098,6084.350098,6046.25,6075.5,0
06-07-2012,6027.25,6071.649902,5993.600098,6069.350098,0
09-07-2012,6018.200195,6073.700195,5973,5987.649902,0
10-07-2012,6056.5,6067.149902,6027.549805,6037.149902,0
11-07-2012,6049.350098,6110.549805,6021.700195,6034.549805,0
12-07-2012,5737.649902,5765.049805,5678.100098,5720.299805,0
13-07-2012,5713.899902,5778.100098,5698.75,5736.299805,0
16-07-2012,5576.75,5740.049805,5562.600098,5713.399902,0
17-07-2012,5555.350098,5615.399902,5531.25,5609.700195,0
18-07-2012,5582.25,5599.700195,5550.450195,5569.799805,0
19-07-2012,5682.25,5693.600098,5624.049805,5624.049805,0
20-07-2012,5674.200195,5691.799805,5642.399902,5681.799805,0
23-07-2012,5609.200195,5651.700195,5601.5,5624.75,0
24-07-2012,5571.299805,5627.049805,5560.549805,5598.600098,0
25-07-2012,5588.649902,5601.75,5543.450195,5586.799805,0
26-07-2012,5489.600098,5587.350098,5460.700195,5587.350098,0
27-07-2012,5562,5577.799805,5497.950195,5562.399902,0
30-07-2012,5646.299805,5660.049805,5569.149902,5589.149902,0
31-07-2012,5695.25,5705.850098,5620.899902,5664.700195,0
01-08-2012,5670.700195,5698.100098,5647.700195,5673.799805,0
02-08-2012,5670.399902,5690,5654.350098,5673.950195,0
03-08-2012,5697.149902,5705.299805,5633.350098,5645.899902,0
06-08-2012,5699.100098,5742.200195,5684.049805,5729.700195,0
07-08-2012,5799.799805,5818.700195,5733.950195,5733.950195,0
08-08-2012,5828.299805,5854.5,5808.149902,5813.399902,0
09-08-2012,5827.600098,5886.049805,5813.5,5838.100098,0
10-08-2012,5905.149902,5921.899902,5815.299805,5815.299805,0
13-08-2012,5912.350098,5919.299805,5877.549805,5885.649902,0
14-08-2012,5936.350098,5943.100098,5876.25,5890.350098,0
16-08-2012,5915.899902,5935.100098,5887.799805,5935.100098,0
17-08-2012,5980.649902,5995.100098,5921.049805,5928.200195,0
21-08-2012,6085.299805,6131.799805,5994.100098,5994.100098,0
22-08-2012,6099.100098,6115.649902,6064.950195,6070.200195,0
23-08-2012,6207.600098,6213.549805,6100.100098,6101.649902,0
24-08-2012,6170.700195,6181.25,6145.100098,6167.149902,0
27-08-2012,6112.950195,6175.799805,6105.200195,6144.850098,0
29-08-2012,6099.149902,6161.799805,6090.200195,6161.200195,0
30-08-2012,6144.549805,6181.149902,6058,6086.799805,0
31-08-2012,6072.350098,6120.899902,6061.799805,6120.899902,0
03-09-2012,6083.200195,6142.200195,6068.799805,6084.200195,0
04-09-2012,6084.049805,6099.549805,6037.350098,6066.5,0
05-09-2012,6083.75,6110.100098,6031.950195,6062.5,0
06-09-2012,6233.350098,6243.549805,6092.450195,6094.549805,0
07-09-2012,6342.700195,6351.399902,6299.549805,6299.549805,0
10-09-2012,6361.899902,6388.700195,6318.5,6355.899902,0
11-09-2012,6424.649902,6431.899902,6311.200195,6340.049805,0
12-09-2012,6485.950195,6501.700195,6422.549805,6434.549805,0
13-09-2012,6514.350098,6527.600098,6460.649902,6483.799805,0
14-09-2012,6599.399902,6643.799805,6541.350098,6579.600098,0
17-09-2012,6398.200195,6630.399902,6382.950195,6630.399902,0
18-09-2012,6370.600098,6444.950195,6361.149902,6420.299805,0
20-09-2012,6422.5,6469.049805,6310,6310,0
21-09-2012,6379.549805,6494.25,6365.5,6428.600098,0
24-09-2012,6364,6395.799805,6320.25,6394.200195,0
25-09-2012,6367.950195,6396.899902,6344.700195,6354.600098,0
26-09-2012,6348.799805,6369.399902,6316.75,6343.200195,0
27-09-2012,6285.200195,6356.25,6262.149902,6343.25,0
28-09-2012,6313.799805,6364.799805,6304.25,6313.950195,0
01-10-2012,6435.399902,6449.25,6327.399902,6327.399902,0
03-10-2012,6422.549805,6477,6395.649902,6431.75,0
04-10-2012,6399.5,6428.950195,6374.75,6418.100098,0
05-10-2012,6292.450195,6411.950195,5660.850098,6403.399902,0
08-10-2012,6207.950195,6324,6192.299805,6298.899902,0
09-10-2012,6274.799805,6290.649902,6205.799805,6237.600098,0
10-10-2012,6225.799805,6263.649902,6216.299805,6226.399902,0
11-10-2012,6268.700195,6336.5,6199.25,6221,0
12-10-2012,6106.149902,6175,5981.200195,6027.549805,0
15-10-2012,6060.450195,6132.049805,6049.600098,6089.350098,0
16-10-2012,6050.850098,6115.75,6035.350098,6083,0
17-10-2012,6045.149902,6102.200195,6019.049805,6093.149902,0
18-10-2012,6088.850098,6098.75,6020.399902,6043.100098,0
19-10-2012,6067,6104.049805,6049.799805,6077,0
22-10-2012,6112.799805,6137,6087.5,6096.649902,0
23-10-2012,6063.149902,6100.700195,6053.200195,6090.25,0
25-10-2012,6051.700195,6073.5,6033.299805,6055,0
29-10-2012,6032.450195,6038.850098,6003.850098,6012.649902,0
30-10-2012,6066.100098,6082.899902,6016.5,6016.5,0
31-10-2012,6087.850098,6095.899902,6053.5,6053.5,0
01-11-2012,6101.850098,6109.5,6076.049805,6085.100098,0
02-11-2012,6163.450195,6197.75,6131.75,6134.850098,0
05-11-2012,6144.200195,6176.350098,6127.700195,6163.950195,0
06-11-2012,6139.5,6187.899902,6128.100098,6144.5,0
07-11-2012,6192.75,6210.399902,6136.950195,6144.649902,0
08-11-2012,6163.049805,6166.799805,6120.799805,6138,0
09-11-2012,6110.450195,6148.100098,6099.850098,6147.600098,0
12-11-2012,6138.649902,6160.850098,6111,6111,0
15-11-2012,6000.5,6093.399902,5989.299805,6093.399902,0
16-11-2012,6030.5,6117,5993.399902,6002.5,0
19-11-2012,6013.850098,6087.799805,5992.649902,6035.25,0
20-11-2012,5990.850098,6055.549805,5959.200195,6055.549805,0
21-11-2012,6043.600098,6050.799805,6001.399902,6004.049805,0
22-11-2012,6087.950195,6101.350098,6027.149902,6041.899902,0
23-11-2012,6099.100098,6124.950195,6055.950195,6097.5,0
26-11-2012,6174.450195,6180.350098,6117.700195,6117.700195,0
27-11-2012,6252.299805,6265.299805,6186.350098,6189.25,0
29-11-2012,6226.600098,6248,6205.549805,6243.649902,0
30-11-2012,6263.25,6282.350098,6209.799805,6217.75,0
03-12-2012,6269.850098,6299.700195,6243.450195,6263.450195,0
04-12-2012,6233.850098,6257.350098,6215.600098,6256.600098,0
05-12-2012,6149.450195,6226.350098,6140.5,6226.350098,0
06-12-2012,6063.700195,6162.299805,6013.299805,6162.299805,0
07-12-2012,6006.25,6068.200195,5994.600098,6041.350098,0
10-12-2012,5969.450195,6046.450195,5951.5,6013.799805,0
11-12-2012,5917.600098,6009.299805,5887.450195,5970.600098,0
12-12-2012,5935.950195,5996.299805,5918.549805,5946.049805,0
13-12-2012,5909.5,5970.049805,5897.450195,5953.549805,0
14-12-2012,5947.75,5953.149902,5888.899902,5888.899902,0
17-12-2012,5877.200195,5970.649902,5864.049805,5928.149902,0
18-12-2012,5902.200195,5907.850098,5845.549805,5882.850098,0
19-12-2012,5976.25,5980.950195,5915.649902,5915.649902,0
20-12-2012,5994.950195,6012.299805,5951.25,5985,0
21-12-2012,5981.299805,6025.149902,5953.799805,5986.200195,0
24-12-2012,6037.25,6046.149902,6013.899902,6016.850098,0
26-12-2012,6023.600098,6048.25,6007.399902,6037.100098,0
27-12-2012,5967.649902,6047.049805,5952.75,6047.049805,0
28-12-2012,6044.25,6052.25,5990.5,5990.5,0
31-12-2012,6024.950195,6042.649902,6009.100098,6028.200195,0
02-01-2013,6031,6063.850098,6018.299805,6049.899902,0
03-01-2013,6097.600098,6111.350098,6034.950195,6045.350098,0
04-01-2013,6153.200195,6159.799805,6108,6118.5,0
07-01-2013,6175.450195,6190.549805,6141.200195,6159.350098,0
08-01-2013,6147.899902,6173.75,6115.149902,6160.75,0
09-01-2013,6101.049805,6177.299805,6091.200195,6143.950195,0
10-01-2013,6073.100098,6131.149902,6057.450195,6109.149902,0
11-01-2013,6639.850098,6654.649902,6370.399902,6370.399902,0
14-01-2013,6809.5,6846.149902,6716.850098,6719.75,0
15-01-2013,6791.5,6898.700195,6780.399902,6884.350098,0
16-01-2013,6777.950195,6792.299805,6738.649902,6785.200195,0
17-01-2013,6869.450195,6896.049805,6822.700195,6833.049805,0
18-01-2013,6798.700195,6890.100098,6786.950195,6885.899902,0
21-01-2013,6789.399902,6823.399902,6756.399902,6772.049805,0
22-01-2013,6739.649902,6788.700195,6731,6782.450195,0
23-01-2013,6725.799805,6767.850098,6707.299805,6734,0
24-01-2013,6742.399902,6799.200195,6732.700195,6742,0
25-01-2013,6800.75,6817.850098,6736.850098,6752.649902,0
28-01-2013,6822.700195,6848.5,6785.399902,6796.299805,0
29-01-2013,6792.299805,6849.450195,6783.149902,6808.049805,0
30-01-2013,6787.850098,6806.350098,6776.899902,6794.950195,0
31-01-2013,6778,6807.75,6733,6789.799805,0
01-02-2013,6752.649902,6802.899902,6732.049805,6779,0
04-02-2013,6750.25,6794.5,6728.799805,6766.649902,0
05-02-2013,6728.700195,6771,6720.049805,6724.399902,0
06-02-2013,6766.799805,6775.899902,6738.25,6760.600098,0
07-02-2013,6799,6813.149902,6762.299805,6762.299805,0
08-02-2013,6852.700195,6909.549805,6793.75,6793.75,0
11-02-2013,6832.049805,6890.75,6826.299805,6872.899902,0
12-02-2013,6791.899902,6809.25,6766.75,6799.899902,0
13-02-2013,6884.149902,6897.75,6779.649902,6796.450195,0
14-02-2013,6900.350098,6939.75,6878.25,6878.25,0
15-02-2013,6864.149902,6876.350098,6826.5,6866.700195,0
18-02-2013,6834.700195,6858.850098,6808,6853.350098,0
19-02-2013,6936.25,6944,6813.549805,6832,0
20-02-2013,6972.049805,6977.700195,6937.399902,6937.399902,0
21-02-2013,6939.850098,6985.299805,6924.799805,6929.5,0
22-02-2013,6992.850098,7018.549805,6924.450195,6924.450195,0
25-02-2013,7095.200195,7126.950195,7026.200195,7026.200195,0
26-02-2013,7156.75,7172.049805,7082.850098,7082.850098,0
27-02-2013,7072.5,7155.899902,7064.299805,7144.850098,0
28-02-2013,7106.649902,7160.75,7069.649902,7084.799805,0
01-03-2013,7117.700195,7171.950195,7090.950195,7116.299805,0
04-03-2013,7101.649902,7163.700195,7062.600098,7112.5,0
05-03-2013,7200.200195,7205.799805,7117.600098,7131.799805,0
06-03-2013,7305.899902,7314.899902,7226.75,7227.700195,0
07-03-2013,7410.25,7420.450195,7319.899902,7319.899902,0
08-03-2013,7357,7402.549805,7344.149902,7391.549805,0
11-03-2013,7304.600098,7380.100098,7290.25,7355.75,0
12-03-2013,7253.200195,7295.549805,7232.25,7286.649902,0
13-03-2013,7170.399902,7211.25,7159.350098,7211.25,0
14-03-2013,7212.399902,7242,7131.950195,7180.950195,0
15-03-2013,7224.350098,7277.200195,7212.299805,7221.850098,0
18-03-2013,7198.649902,7227.450195,7166.850098,7190.850098,0
19-03-2013,7152.549805,7229.200195,7140,7213.25,0
20-03-2013,7158.25,7179.75,7115.649902,7153.850098,0
21-03-2013,7168.049805,7220.049805,7157.100098,7186.350098,0
22-03-2013,7119.799805,7149.700195,7085.149902,7140.450195,0
25-03-2013,7105.950195,7131.899902,7072.75,7119.799805,0
26-03-2013,7137.049805,7163,7072.100098,7105.950195,0
28-03-2013,7219.049805,7232.100098,7137.049805,7137.049805,0
01-04-2013,7264.350098,7298.950195,7219.049805,7219.049805,0
02-04-2013,7325.25,7337.450195,7232.100098,7264.350098,0
03-04-2013,7271.899902,7354.299805,7248.399902,7325.25,0
04-04-2013,7072.700195,7271.899902,7060.649902,7271.899902,0
05-04-2013,7047.350098,7098.649902,7018.450195,7072.700195,0
08-04-2013,6977.100098,7057,6968.350098,7047.350098,0
09-04-2013,6905.700195,7023.899902,6892.25,6977.100098,0
10-04-2013,7042.950195,7058.25,6905.700195,6905.700195,0
11-04-2013,7200.350098,7221.700195,7042.950195,7042.950195,0
12-04-2013,6354.899902,7200.350098,6321.649902,7200.350098,0
15-04-2013,6342.700195,6370.799805,6177.450195,6354.899902,0
16-04-2013,6301.100098,6342.700195,6266.149902,6342.700195,0
17-04-2013,6235.850098,6370.950195,6190.100098,6301.100098,0
18-04-2013,6232.600098,6294.100098,6199.25,6235.850098,0
22-04-2013,6118.25,6233.299805,6106.899902,6232.600098,0
23-04-2013,6156.899902,6181.100098,6118.25,6118.25,0
25-04-2013,6059.799805,6156.899902,6053.75,6156.899902,0
26-04-2013,5972.700195,6059.799805,5964.450195,6059.799805,0
29-04-2013,6015.450195,6052.25,5936.399902,5972.700195,0
30-04-2013,6047.700195,6055.5,6001.700195,6015.450195,0
02-05-2013,6205.899902,6211.600098,6035.399902,6047.700195,0
03-05-2013,6224.700195,6267.450195,6205.899902,6205.899902,0
06-05-2013,6343.25,6351.149902,6224.700195,6224.700195,0
07-05-2013,6372.75,6379.899902,6313.850098,6343.25,0
08-05-2013,6380.149902,6412.850098,6365.799805,6372.75,0
09-05-2013,6426.450195,6449.5,6380.149902,6380.149902,0
10-05-2013,6439.850098,6476.549805,6416.600098,6426.450195,0
13-05-2013,6316,6419,6309.75,6419,0
14-05-2013,6328.049805,6371.450195,6298.399902,6316,0
15-05-2013,6359.700195,6375.950195,6316.549805,6328.049805,0
16-05-2013,6292.149902,6359.700195,6264.850098,6359.700195,0
17-05-2013,6331.049805,6372.700195,6292.149902,6292.149902,0
20-05-2013,6358.75,6382.100098,6323.899902,6331.049805,0
21-05-2013,6421,6458.700195,6348.25,6358.75,0
22-05-2013,6420.200195,6500.399902,6411.5,6421,0
23-05-2013,6378.450195,6497.899902,6372.299805,6420.200195,0
24-05-2013,6330.799805,6431.950195,6314.149902,6378.450195,0
27-05-2013,6410.950195,6427.299805,6298.649902,6330.799805,0
28-05-2013,6431.600098,6441.600098,6385.700195,6410.950195,0
29-05-2013,6396.25,6492.799805,6355.649902,6431.600098,0
30-05-2013,6390.399902,6419.950195,6344.5,6396.25,0
31-05-2013,6472.049805,6483.899902,6381.450195,6390.399902,0
03-06-2013,6551.649902,6758.799805,6472.049805,6472.049805,0
04-06-2013,6516.649902,6554.899902,6469.950195,6551.649902,0
05-06-2013,6474,6516.649902,6465.399902,6516.649902,0
06-06-2013,6451.549805,6484.549805,6417.950195,6474,0
07-06-2013,6540.049805,6588.149902,6440.899902,6451.549805,0
10-06-2013,6604.700195,6633.100098,6540.049805,6540.049805,0
11-06-2013,6550.950195,6661.700195,6523.950195,6604.700195,0
12-06-2013,6438.600098,6562.950195,6424.450195,6550.950195,0
13-06-2013,6334.600098,6438.600098,6316.350098,6438.600098,0
14-06-2013,6370.399902,6395.850098,6323.5,6334.600098,0
17-06-2013,6423.200195,6438.049805,6358.549805,6370.399902,0
18-06-2013,6451.950195,6471.350098,6418.850098,6423.200195,0
19-06-2013,6435.100098,6468.850098,6387.549805,6451.950195,0
20-06-2013,6290.149902,6435.100098,6259.5,6435.100098,0
21-06-2013,6381.850098,6398.700195,6290.149902,6290.149902,0
24-06-2013,6309.450195,6381.850098,6284.100098,6381.850098,0
25-06-2013,6268.850098,6335.399902,6246.399902,6309.450195,0
26-06-2013,6378.350098,6400.5,6268.850098,6268.850098,0
27-06-2013,6587.149902,6607.149902,6378.350098,6378.350098,0
28-06-2013,6634.149902,6648.600098,6489.149902,6587.149902,0
01-07-2013,6526.450195,6634.149902,6515.299805,6634.149902,0
02-07-2013,6474.25,6564.700195,6463.25,6526.450195,0
03-07-2013,6451.299805,6547,6404.649902,6474.25,0
04-07-2013,6633.200195,6640.700195,6451.299805,6451.299805,0
05-07-2013,6604.700195,6674.350098,6591.350098,6633.200195,0
08-07-2013,6607.950195,6653.350098,6594.899902,6604.700195,0
09-07-2013,6653.899902,6681.75,6607.950195,6607.950195,0
10-07-2013,6690.950195,6710.399902,6653.899902,6653.899902,0
11-07-2013,6799.5,6823.5,6690.950195,6690.950195,0
12-07-2013,7249.399902,7361,6799.5,6799.5,0
15-07-2013,7225.399902,7261.350098,7164,7249.399902,0
16-07-2013,7208.799805,7278.299805,7122.350098,7225.399902,0
17-07-2013,7272,7300,7203.600098,7208.799805,0
18-07-2013,7306.350098,7362.200195,7245.649902,7272,0
19-07-2013,7503.700195,7545.100098,7306.350098,7306.350098,0
22-07-2013,7556.549805,7590.299805,7468.25,7503.700195,0
23-07-2013,7604,7650.600098,7556.549805,7556.549805,0
24-07-2013,7669.25,7687.25,7569.049805,7604,0
25-07-2013,7678.149902,7720.600098,7629.850098,7669.25,0
26-07-2013,7663,7747.049805,7650.100098,7678.149902,0
29-07-2013,7673.299805,7708.950195,7633.899902,7663,0
30-07-2013,7718.850098,7762.200195,7673.299805,7673.299805,0
31-07-2013,7787.350098,7808.5,7708.649902,7718.850098,0
01-08-2013,7777.100098,7822.600098,7727.950195,7787.350098,0
02-08-2013,7858.350098,7895.5,7777.100098,7777.100098,0
05-08-2013,7916.5,7951.549805,7838.649902,7858.350098,0
06-08-2013,7877.149902,7933.600098,7839.350098,7916.5,0
07-08-2013,7767.75,7934.75,7738.149902,7876.350098,21500
08-08-2013,7801.450195,7816.399902,7687,7710.399902,14600
12-08-2013,7841.450195,7874.950195,7781.950195,7820.100098,14100
13-08-2013,7976.25,7989.25,7860.100098,7860.100098,12500
14-08-2013,7956.100098,8032.25,7874.100098,7971.899902,21400
16-08-2013,7774.200195,7910.399902,7724.950195,7879.450195,24900
19-08-2013,7793.200195,7870.399902,7708.75,7811.850098,17400
20-08-2013,7693.5,7828.200195,7677.850098,7828.200195,18200
21-08-2013,7594.049805,7679.200195,7549.100098,7679.200195,18200
22-08-2013,7777.5,7796.100098,7563.25,7614.850098,14100
23-08-2013,7893.200195,7902.5,7761.350098,7786.350098,16600
26-08-2013,7958.649902,8047.399902,7893.850098,7908.600098,21800
27-08-2013,7975.799805,8073.899902,7952.549805,7952.549805,13700
28-08-2013,8175.299805,8222.650391,7948.649902,7948.649902,14800
29-08-2013,8246.900391,8286.900391,8083.899902,8110.049805,19600
30-08-2013,8382.400391,8406.650391,8196,8225.650391,34100
02-09-2013,8396.900391,8423.799805,8325.849609,8325.849609,0
03-09-2013,8259.400391,8410.950195,8226.25,8380.650391,15700
04-09-2013,8454.099609,8499.549805,8293,8293,0
05-09-2013,8203.400391,8437.950195,8185.399902,8437.950195,21300
06-09-2013,8216.5,8310.799805,8172,8224.650391,18400
10-09-2013,8411.049805,8443.75,8211.900391,8211.900391,18100
11-09-2013,8373.25,8465.099609,8360.900391,8421.299805,27400
12-09-2013,8270.150391,8381.450195,8222.400391,8367.049805,29200
13-09-2013,8172.649902,8290,8152.899902,8257.849609,25900
16-09-2013,8017.200195,8212.599609,8005.100098,8172.299805,18100
17-09-2013,8154.25,8166.600098,8030.350098,8048.100098,16700
18-09-2013,8159.100098,8183.100098,8119.549805,8160.399902,18500
19-09-2013,8156.950195,8218,8093.799805,8130.600098,13300
20-09-2013,8132.799805,8225.799805,8119.25,8119.25,16900
23-09-2013,8200.700195,8256.900391,8133.399902,8137.950195,11400
24-09-2013,8169.100098,8250.849609,8132.649902,8217.650391,15700
25-09-2013,8187.549805,8218,8116.450195,8192.950195,22200
26-09-2013,8157.799805,8225.349609,8139.899902,8212.099609,20200
27-09-2013,8166.549805,8249,8147.75,8176.399902,12900
30-09-2013,8167.799805,8263.849609,8136.850098,8196.400391,19100
01-10-2013,8181.649902,8208.5,8133.399902,8195.049805,8600
03-10-2013,8360.849609,8374.200195,8234.150391,8244.700195,22100
04-10-2013,8352.349609,8429.900391,8329.450195,8353.299805,13800
07-10-2013,8461.549805,8487.950195,8359.150391,8359.150391,13000
08-10-2013,8435,8500.75,8424.099609,8483.299805,15300
09-10-2013,8564.450195,8584.599609,8385.549805,8408.5,14400
10-10-2013,8603.799805,8643.450195,8549.150391,8585.75,15700
11-10-2013,8870.150391,8932.549805,8690.400391,8899.650391,21500
14-10-2013,9061.75,9078.25,8868.849609,8868.849609,16900
15-10-2013,9120.299805,9167,9064.450195,9109.75,16700
17-10-2013,8797.849609,9111.849609,8775.099609,9111.849609,19200
18-10-2013,8893.849609,8907.5,8733,8821.299805,14600
21-10-2013,8854.900391,8928.450195,8712.700195,8928.450195,15300
22-10-2013,8915.150391,8951.849609,8891.200195,8901.349609,15300
23-10-2013,8829.549805,8891.299805,8739.900391,8891.299805,15800
24-10-2013,8681.650391,8921,8653.849609,8774.150391,9500
25-10-2013,8812.549805,8823.099609,8647.950195,8670.400391,15300
28-10-2013,8783.200195,8851.849609,8760.799805,8796.549805,9224500
29-10-2013,8822.099609,8844.200195,8771.400391,8784.849609,11500
30-10-2013,8835.150391,8853.299805,8784.900391,8803.25,17900
31-10-2013,8852.799805,8881.299805,8814.200195,8814.200195,15300
01-11-2013,8799.549805,8909,8787.700195,8840.599609,9200
05-11-2013,8724.099609,8791.099609,8705.950195,8780.599609,11300
06-11-2013,8843.049805,8865.5,8766.900391,8766.900391,10600
07-11-2013,8956.549805,9058.049805,8875.049805,8882.849609,14300
08-11-2013,8956.900391,9045.549805,8933.900391,8969.700195,12200
11-11-2013,8962.849609,9095.75,8915,8943.099609,11700
12-11-2013,8914.400391,9019.299805,8899.049805,8971.650391,14100
13-11-2013,8859.150391,8954.25,8845.349609,8897.5,9300
14-11-2013,8862,8940.549805,8855.549805,8912.900391,8800
18-11-2013,8978.349609,9010.599609,8919.400391,8919.400391,15300
19-11-2013,9003.900391,9019.400391,8964.700195,8993.400391,16900
20-11-2013,8915.349609,9023.650391,8902.650391,8987.200195,10600
21-11-2013,8767.099609,8925.849609,8745.299805,8912.549805,10800
22-11-2013,8785.450195,8848.5,8755.200195,8784.5,8400
25-11-2013,8783.799805,8875.349609,8738.75,8793.450195,8100
26-11-2013,8758.299805,8795.650391,8712.849609,8755.049805,22000
27-11-2013,8702.400391,8791.950195,8680.950195,8775.799805,10200
28-11-2013,8748.349609,8767,8679.099609,8729.25,13400
29-11-2013,8820.75,8839.75,8744,8769.25,13800
02-12-2013,8854,8881.950195,8804.900391,8804.900391,9000
03-12-2013,8867.799805,8906.950195,8837.049805,8837.049805,8900
04-12-2013,8876.599609,8950.700195,8864.450195,8868.25,10600
05-12-2013,8834.549805,8970.950195,8817.049805,8932.950195,8300
06-12-2013,8827.799805,8856.450195,8810.099609,8813.799805,7400
09-12-2013,8877.099609,8930.450195,8837.549805,8926.25,8800
10-12-2013,9045.900391,9070.299805,8867,8867,15300
11-12-2013,9028.200195,9045.450195,8982.900391,9031.400391,10800
12-12-2013,8964.950195,9006.099609,8950.849609,8991.450195,8200
13-12-2013,8957.599609,9025.900391,8938.650391,8948.25,9900
16-12-2013,9110.25,9134.150391,8961.849609,8975.200195,11000
17-12-2013,9119.349609,9197.349609,9109.049805,9126.099609,13700
18-12-2013,9167.900391,9178.150391,9110.299805,9110.799805,9500
19-12-2013,9329,9401.299805,9192.200195,9207.049805,12400
20-12-2013,9488.25,9521.650391,9368.400391,9368.400391,22400
23-12-2013,9385.450195,9531.950195,9372.299805,9448.849609,9600
24-12-2013,9391.5,9455.25,9372.799805,9418.349609,8100
26-12-2013,9430.099609,9451.400391,9391,9405.200195,9800
27-12-2013,9579.099609,9598.099609,9460.150391,9460.150391,13000
30-12-2013,9499.599609,9632.150391,9451.299805,9609.650391,10500
31-12-2013,9517.849609,9546.700195,9467.5,9514.549805,7700
02-01-2014,9478.349609,9546.299805,9445.549805,9475.299805,12600
03-01-2014,9673.200195,9684,9431.700195,9456.450195,15800
06-01-2014,9640.75,9709.450195,9569.650391,9707.349609,27500
07-01-2014,9522.75,9648.700195,9507.849609,9648.700195,17500
08-01-2014,9531.549805,9608.900391,9519.25,9539.150391,15400
09-01-2014,9575.849609,9606,9518.400391,9546.900391,20200
10-01-2014,9782.700195,9848.349609,9602.599609,9664.400391,23500
13-01-2014,10060.15039,10080.9502,9831.549805,9831.549805,17300
14-01-2014,9996.799805,10067.25,9964.25,10042.65039,15700
15-01-2014,10065.9502,10105.5,10000.25,10040.2998,15100
16-01-2014,10127.75,10153.75,10043.65039,10089.25,16100
17-01-2014,9884.349609,10078.9502,9867.799805,10072.84961,19100
20-01-2014,10154,10165.90039,9872.200195,9872.200195,19100
21-01-2014,10095.5498,10158.4502,10062.40039,10155.15039,14800
22-01-2014,10112.7998,10140.40039,10051.59961,10078.2002,12100
23-01-2014,10086.34961,10123.9502,10008.5498,10116.59961,14900
24-01-2014,10010.5,10143,9997.349609,10036.59961,10900
27-01-2014,9938.650391,10012.7998,9905.549805,9926.75,10200
28-01-2014,9837.950195,9929.75,9807.700195,9906.5,12800
29-01-2014,9896.700195,9945.599609,9825.400391,9861.349609,9900
30-01-2014,9878.75,9903.049805,9771.549805,9860.25,9600
31-01-2014,9957.450195,10021.09961,9880.549805,9895.049805,8300
03-02-2014,9792.099609,9923.099609,9783.5,9897.25,6700
04-02-2014,9611.650391,9686.799805,9522.450195,9686.799805,10200
05-02-2014,9718.450195,9729.75,9585.25,9677.900391,12400
06-02-2014,9696.049805,9732.299805,9599.450195,9700.400391,9900
07-02-2014,9648.400391,9778.599609,9595.450195,9754.299805,12700
10-02-2014,9619.25,9677.450195,9605.799805,9668.400391,8800
11-02-2014,9710.25,9769.049805,9639.400391,9639.400391,10500
12-02-2014,9739.799805,9786,9725.150391,9747.75,10200
13-02-2014,9721.349609,9767,9697.25,9752.25,8400
14-02-2014,9855.450195,9870.5,9751.5,9770.049805,8800
18-02-2014,9884.849609,9920.849609,9859.650391,9859.650391,16300
19-02-2014,10033.0498,10065.75,9912,9912,14600
20-02-2014,9971.700195,10051.7998,9962.200195,10028.34961,15000
21-02-2014,10101.0498,10109.84961,10010.5,10010.5,14500
24-02-2014,10067.65039,10101,10041.65039,10101,14200
25-02-2014,10162.90039,10173.75,10099.90039,10099.90039,12300
26-02-2014,10200.84961,10212.59961,10155.2998,10167.09961,35200
28-02-2014,10338.5498,10353.25,10107.7002,10107.7002,22000
03-03-2014,10209.09961,10398.15039,10190.75,10339.7998,14800
04-03-2014,10196.5498,10251.2998,10165.34961,10172.7998,12300
05-03-2014,10237.25,10301.7002,10215.75,10260.2002,13700
06-03-2014,10254.59961,10300.25,10237.90039,10272.40039,14300
07-03-2014,10054.90039,10272.5,9966,10266.0498,19000
10-03-2014,9809.549805,10033.0498,9792,10033.0498,14500
11-03-2014,9828.599609,9922.650391,9746,9803.799805,13200
12-03-2014,9877.599609,9921.950195,9823.799805,9823.799805,10800
13-03-2014,9462.700195,9637.849609,9433.150391,9539.299805,15400
14-03-2014,9439.049805,9509.400391,9395.900391,9422.849609,11500
18-03-2014,9364.349609,9480.200195,9342.549805,9451.099609,14500
19-03-2014,9158.950195,9305.25,9051.200195,9305.25,29900
20-03-2014,9313.5,9387,9147.049805,9147.049805,31200
21-03-2014,9370.75,9451.299805,9257.900391,9376.950195,20600
24-03-2014,9365.049805,9435.700195,9339,9365.299805,13000
25-03-2014,9300.599609,9366.400391,9280.349609,9308.5,14700
26-03-2014,9222.900391,9321.799805,9209.900391,9318.950195,12600
27-03-2014,9217.099609,9244.900391,9159.950195,9234.299805,15400
28-03-2014,9275.349609,9323.200195,9223.200195,9245.700195,10600
31-03-2014,9298,9325.049805,9184.349609,9297.950195,12000
01-04-2014,9439.75,9458.400391,9324.650391,9331.5,16600
02-04-2014,9479.900391,9542.650391,9463.599609,9515.049805,16900
03-04-2014,9472,9517,9428.549805,9505.450195,11100
04-04-2014,9389.400391,9542.049805,9373.400391,9511.799805,9100
07-04-2014,9374.450195,9400.049805,9296.099609,9355.049805,7800
09-04-2014,9276.900391,9397.599609,9208.75,9360.150391,13000
10-04-2014,9179.200195,9280.650391,9159.900391,9277.75,13800
11-04-2014,9312,9350.950195,9081.200195,9156.450195,15900
15-04-2014,9491.599609,9554.75,9387.049805,9452.599609,16900
16-04-2014,9273.150391,9506.799805,9248.650391,9506.799805,19800
17-04-2014,9390.200195,9407,9240.5,9363.049805,17900
21-04-2014,9330.25,9417.599609,9317.849609,9395.549805,14400
22-04-2014,9279.200195,9388.450195,9267.150391,9333.549805,12100
23-04-2014,9272.049805,9348.900391,9260.450195,9318.650391,15500
25-04-2014,9275,9334.349609,9236.299805,9311.5,11500
28-04-2014,9261.299805,9321.5,9251.849609,9271.5,10500
29-04-2014,9251.599609,9312.5,9241.650391,9264.5,15800
30-04-2014,9227.950195,9294.25,9198.599609,9242.900391,18400
02-05-2014,9319.549805,9347.799805,9219.299805,9219.299805,12100
05-05-2014,9223.549805,9358.25,9208.200195,9288.700195,8100
06-05-2014,9179.700195,9236.25,9154.450195,9219.950195,8100
07-05-2014,8946.549805,9186.299805,8905.349609,9153.150391,14500
08-05-2014,8963.599609,9010.299805,8922.799805,8959,9600
09-05-2014,9048.5,9091.650391,8945.75,8945.75,9500
12-05-2014,9132.349609,9157.700195,8986.799805,9049.849609,11100
13-05-2014,9364.799805,9404.75,9159.25,9159.25,10600
14-05-2014,9349.650391,9384.799805,9306.599609,9356.200195,8200
15-05-2014,9314.400391,9362.900391,9234.049805,9347.849609,8700
16-05-2014,9111.400391,9493,8946.549805,9372.75,17900
19-05-2014,8675.099609,9135.549805,8609.950195,9135.549805,21700
20-05-2014,8878.900391,8906.799805,8704.5,8704.5,16400
21-05-2014,8952.849609,8962.049805,8858.950195,8871.75,13800
22-05-2014,8929.599609,8980.5,8876.349609,8978.849609,14000
23-05-2014,8941.299805,9072.400391,8841.900391,8954.099609,15700
26-05-2014,9061,9091.799805,8962.5,8986.5,20100
27-05-2014,9101.849609,9206.150391,9048.5,9082.299805,20300
28-05-2014,9237.25,9253.650391,9103.799805,9106.150391,14200
29-05-2014,8927.400391,9075.799805,8909.450195,9075.799805,17000
30-05-2014,8970.299805,8992.25,8877.75,8941,15400
02-06-2014,8981.950195,9022.599609,8963.200195,9004,7900
03-06-2014,8976.400391,9039,8913.950195,9007.799805,10400
04-06-2014,8863.900391,8990.900391,8820.799805,8974.950195,12300
05-06-2014,8984.599609,9032.5,8841.799805,8877.5,14500
06-06-2014,8945.099609,8957.700195,8849.049805,8943.299805,17400
09-06-2014,9017.700195,9029.049805,8926.299805,8948.75,13400
10-06-2014,9234.599609,9254.049805,9043.299805,9043.299805,19900
11-06-2014,9436.400391,9510,9276.299805,9290.5,19700
12-06-2014,9447.849609,9605.549805,9310.599609,9589.200195,13000
13-06-2014,9448.650391,9474.150391,9339.299805,9462,11000
16-06-2014,9579.849609,9600.150391,9449,9449,11300
17-06-2014,9620.049805,9678.200195,9589.150391,9618.75,11600
18-06-2014,9521.349609,9660.5,9494.200195,9630.849609,11400
19-06-2014,9698.900391,9712.650391,9503.700195,9522.200195,12100
20-06-2014,9700.200195,9736.599609,9663.299805,9714.5,11500
23-06-2014,9548.200195,9695.299805,9518.349609,9671.549805,7300
24-06-2014,9570.75,9588.5,9497.200195,9548.650391,8600
25-06-2014,9587.900391,9643.5,9570.950195,9623.400391,8600
26-06-2014,9579.400391,9648.099609,9553.150391,9585.75,12400
27-06-2014,9819.950195,9828.950195,9607.599609,9619.450195,16100
30-06-2014,9912.299805,9921.150391,9822.700195,9834.150391,12500
01-07-2014,9802.849609,9897.299805,9786.450195,9896.799805,9300
02-07-2014,9807.599609,9849.5,9769.150391,9817.650391,9100
03-07-2014,9831.349609,9903.549805,9805,9806,10700
04-07-2014,9866.950195,9883.849609,9827.25,9829.950195,26100
07-07-2014,10126.25,10139.40039,9918.5,9922.950195,18400
08-07-2014,10019.7002,10146.75,9973.150391,10146.75,18100
09-07-2014,9903.299805,10082.7002,9867.349609,10041.34961,16500
10-07-2014,9816.200195,10002.65039,9753.099609,9906.650391,13300
11-07-2014,9933.549805,10050.59961,9889.650391,9992.150391,13100
14-07-2014,9799.650391,9944.099609,9744.299805,9944.099609,9200
15-07-2014,9785.75,9856.150391,9768.549805,9815.650391,9600
16-07-2014,9809,9846.099609,9761.650391,9824.200195,8800
17-07-2014,9819.75,9982.349609,9807.349609,9855.950195,10700
18-07-2014,9946.950195,10019.2002,9929.900391,9944.849609,16000
21-07-2014,9912.400391,10018.2002,9892.400391,9998.650391,11200
22-07-2014,10086.65039,10103.25,9918.799805,9918.799805,14100
23-07-2014,10306.84961,10325.5,10120,10120,19100
24-07-2014,10400.15039,10422.2002,10289.59961,10323.7998,13200
25-07-2014,10339.7002,10355.59961,10211.90039,10343,15300
28-07-2014,10383.4502,10405.7002,10286.9502,10293.7002,9600
30-07-2014,10361.0498,10408.2998,10311.7002,10395.5498,9800
31-07-2014,10304.7002,10351.7998,10279.5498,10348.0498,16000
01-08-2014,10155.2998,10307,10141.15039,10227.5498,12500
04-08-2014,10370.15039,10383.59961,10160.2002,10192.34961,11000
05-08-2014,10422.7002,10450.5498,10322,10403.59961,8400
06-08-2014,10484.59961,10544.65039,10423.84961,10423.84961,10800
07-08-2014,10342.9502,10414.2002,10324.25,10362.5498,12000
08-08-2014,10318.25,10384.7002,10293.15039,10327.2002,8800
11-08-2014,10382.5498,10405.5498,10338,10391.90039,8200
12-08-2014,10394.84961,10448.59961,10311.2002,10448.59961,6700
13-08-2014,10480.40039,10529.7002,10376.84961,10381.0498,10000
14-08-2014,10468.25,10547.15039,10440.7002,10513.75,7500
18-08-2014,10418.7002,10465.65039,10395.9502,10459.7002,8000
19-08-2014,10365.15039,10441.40039,10346.25,10441.40039,8200
20-08-2014,10399.09961,10434.90039,10383.65039,10397,10200
21-08-2014,10392.84961,10456.9502,10373.9502,10432.75,11300
22-08-2014,10543.40039,10565.25,10403.4502,10403.4502,9700
25-08-2014,10645.84961,10666.5,10514.5,10553.7998,9600
26-08-2014,10671,10714.84961,10581.84961,10653.59961,8900
27-08-2014,10743.7998,10775.4502,10635.2998,10675.0498,10000
28-08-2014,10679.65039,10757.65039,10658.2002,10749.25,11700
01-09-2014,10705.2998,10753.2998,10695.0498,10712.5,9100
02-09-2014,10746.5498,10783.2998,10636.7002,10723.4502,9900
03-09-2014,11005.09961,11030.15039,10749,10749,15900
04-09-2014,10960.4502,11025.84961,10921.65039,11025.84961,9200
05-09-2014,11025.5498,11122.4502,10974.2002,11018.7998,12600
08-09-2014,11167.75,11182.5,11056.34961,11062.7998,12300
09-09-2014,11069.90039,11156.15039,11048.40039,11144,8900
10-09-2014,10942.4502,11041.84961,10929.59961,11041.84961,8500
11-09-2014,10965.9502,11030.5498,10885,10975.7002,11100
12-09-2014,10958.5,11017.7002,10918.7002,10987,11700
15-09-2014,10868.15039,10960.7002,10856.59961,10959.84961,9100
16-09-2014,10811.5,10934.2998,10796.4502,10876.7998,15400
17-09-2014,10991.40039,11001.5,10866.2002,10866.2002,9600
18-09-2014,11055.2002,11091.25,10880.9502,10916.34961,28100
19-09-2014,11224.15039,11316.59961,11071.40039,11074,28600
22-09-2014,11173.15039,11187.59961,11090.84961,11187.59961,13300
23-09-2014,11088.0498,11309.34961,11066,11172.25,20300
24-09-2014,11074.2002,11156.0498,11034.4502,11135.0498,12300
25-09-2014,11185.9502,11237.2998,11102.5,11102.5,16100
26-09-2014,11138,11236.4502,11093.59961,11188.09961,14100
29-09-2014,11326.59961,11352.09961,11129.84961,11178.5498,12000
30-09-2014,11302.7002,11360.34961,11231.7998,11341.40039,16700
01-10-2014,11519.4502,11543.75,11287.2002,11287.2002,16700
07-10-2014,11428.59961,11633.65039,11371.90039,11371.90039,16700
08-10-2014,11043.40039,11380.84961,10985.75,11380.84961,17200
09-10-2014,11065.15039,11189.65039,11023.7002,11138.40039,11800
10-10-2014,11311.25,11365.2002,11001.65039,11065,19300
13-10-2014,11437,11483.7998,11318.5498,11318.5498,12300
14-10-2014,11350.2998,11474.7998,11336.65039,11474.7998,12600
16-10-2014,11174.84961,11438.5498,11135.25,11379.0498,14300
17-10-2014,10746.2002,10920.25,10716.7002,10889.5,21300
20-10-2014,10673.09961,10845.7002,10658.4502,10845.7002,12600
21-10-2014,10692.34961,10748.7998,10605.09961,10723.15039,13200
22-10-2014,10767.40039,10835.40039,10749.09961,10835.40039,9800
27-10-2014,10714.2998,10890.59961,10684.59961,10890.59961,11200
28-10-2014,10737.25,10771.5498,10696.2998,10696.2998,10500
29-10-2014,10912.2998,10929.15039,10767.40039,10767.40039,11700
30-10-2014,11124.59961,11190.90039,10973.34961,10973.34961,20000
31-10-2014,11341.0498,11372.25,11192.7998,11192.7998,11100
03-11-2014,11359.90039,11462.84961,11306.2002,11433,12500
05-11-2014,11440.5,11493.5,11336.34961,11419.9502,19100
07-11-2014,11476.15039,11523.5498,11405.5,11438.2998,15400
10-11-2014,11470.9502,11508.90039,11388.7998,11491.9502,9700
11-11-2014,11439.7002,11501.40039,11398.25,11477.25,9200
12-11-2014,11421.2998,11508.75,11406.75,11428.40039,11000
13-11-2014,11539.59961,11575.5,11398.7002,11458.2998,15600
14-11-2014,11571.75,11614.65039,11549.59961,11551.40039,12700
17-11-2014,11608.15039,11623.5498,11496.59961,11553.90039,9100
18-11-2014,11512.90039,11633.40039,11495.0498,11628.15039,10400
19-11-2014,11524.2998,11556.34961,11444.65039,11532,10800
20-11-2014,11677.4502,11692.40039,11538.2002,11583.4502,11000
21-11-2014,11596.9502,11643.7002,11544.34961,11637.7002,10900
24-11-2014,11809.84961,11825.84961,11659.7002,11659.7002,9800
25-11-2014,11790,11908.09961,11679.09961,11847.40039,14600
26-11-2014,11770.40039,11804.75,11714.84961,11769.2002,7900
27-11-2014,11900.84961,11925.90039,11799.7998,11800.84961,11500
28-11-2014,11898.0498,11979.5,11874.7998,11925.84961,10900
01-12-2014,11981,12013.90039,11884.9502,11942.25,11800
02-12-2014,11812.75,11952.7002,11794.4502,11952.7002,8200
03-12-2014,11807.90039,11819.7002,11707.25,11787.59961,10600
04-12-2014,11748.75,11895.15039,11732.25,11809.5498,21000
05-12-2014,11536.25,11789.84961,11506.5498,11788.5498,13400
08-12-2014,11176.4502,11427.90039,11136.25,11417.09961,50700
09-12-2014,11138.90039,11271.5,11127.75,11207.59961,11400
10-12-2014,11111.7002,11195.75,11102.75,11137.5498,0
11-12-2014,10986.25,11088.2998,10971.5,11059.7002,0
12-12-2014,10929.90039,11121.09961,10869.25,11030.15039,15700
15-12-2014,10727.75,10830.75,10690.84961,10748.5,0
16-12-2014,10891.59961,10972.65039,10694.25,10694.25,0
17-12-2014,10860.09961,10951.25,10706,10894.2998,0
18-12-2014,10987.4502,10997.4502,10872.15039,10920.65039,0
19-12-2014,11176.2002,11220.34961,11101.59961,11101.59961,17200
22-12-2014,11202.09961,11223.75,11088.9502,11223.75,0
23-12-2014,11094.59961,11260.09961,11065.15039,11184.9502,0
24-12-2014,10928,11119.5498,10889,11104.0498,0
26-12-2014,11036.7002,11046.65039,10916.9502,10974.84961,0
29-12-2014,11104.7002,11154.4502,11056.2002,11056.2002,0
30-12-2014,11149.7002,11186.84961,11113.0498,11113.34961,0
31-12-2014,11216.2998,11237.65039,11106.9502,11129.5498,0
02-01-2015,11372.09961,11399.09961,11214.65039,11214.65039,0
05-01-2015,11248.5498,11433.75,11186.9502,11369.34961,0
06-01-2015,10959.90039,11186.09961,10909,11186.09961,0
07-01-2015,10916,11042.34961,10889.5498,11013.2002,0
08-01-2015,11018.15039,11058.15039,10915.0498,11031.15039,0
12-01-2015,11543.65039,11565.84961,11378.7998,11456,0
13-01-2015,11502.7998,11546.59961,11437.9502,11545.25,0
14-01-2015,11614.2998,11631.5498,11521,11561.9502,0
15-01-2015,11669.84961,11774.5,11575.09961,11672.2998,0
16-01-2015,11659.59961,11708.84961,11582.84961,11708.84961,0
19-01-2015,11642.75,11797.59961,11629.0498,11732.5,0
20-01-2015,11695,11721.90039,11635.7002,11681.7998,0
21-01-2015,11813.7002,11838.2998,11659.7002,11732.4502,0
22-01-2015,11850.84961,11884.5,11782.9502,11832.5498,0
27-01-2015,11693.4502,11917.25,11679.5498,11915.59961,0
28-01-2015,11809.5498,11821.7998,11693.7998,11712.5498,0
29-01-2015,11824.15039,11861.5,11728.75,11812.34961,0
02-02-2015,11943.9502,11972.59961,11847.7998,11871.34961,0
03-02-2015,11963.90039,12000.65039,11849,11963.75,0
04-02-2015,11938.90039,12027.09961,11902.34961,12027.09961,0
05-02-2015,12165.15039,12295.34961,11963.7998,11967.75,0
06-02-2015,12267.9502,12380.4502,12186.9502,12190.7002,11100
09-02-2015,12249.2998,12285.4502,12160.90039,12160.90039,0
10-02-2015,12162.84961,12297.75,12129.65039,12215.2002,0
11-02-2015,12243.40039,12265.7002,12149.34961,12198.4502,0
12-02-2015,12372,12397,12253.0498,12277.2002,0
13-02-2015,12464.9502,12506.7002,12353.25,12369.59961,0
18-02-2015,12632.75,12647.7002,12442.7002,12511.0498,0
19-02-2015,12723.7998,12737.09961,12628.75,12629.0498,0
20-02-2015,12571.9502,12750,12550.75,12750,11100
23-02-2015,12531.2998,12709.90039,12475.90039,12607.34961,0
24-02-2015,12566.2002,12644.09961,12514.65039,12572.25,0
25-02-2015,12633.34961,12719.90039,12600.0498,12621.5498,0
26-02-2015,12458.5,12633.15039,12429.5,12623.7998,0
27-02-2015,12554.9502,12578.09961,12434.65039,12511.25,0
02-03-2015,12663.7002,12719.0498,12586.15039,12700.59961,0
03-03-2015,12855.90039,12871.15039,12635.5,12687.25,0
04-03-2015,12730.59961,12908.09961,12630.5498,12885.75,0
05-03-2015,12665.5,12832.2998,12615.4502,12719.09961,11000
09-03-2015,12422.25,12599.7998,12372.4502,12599.7998,0
10-03-2015,12405.0498,12462.7998,12307.09961,12404.34961,0
11-03-2015,12352.34961,12585.5498,12298.5,12414.7002,0
12-03-2015,12423.65039,12442.40039,12329.25,12377.2002,0
13-03-2015,12312.15039,12478.5498,12248.4502,12478.5498,17800
16-03-2015,12419.0498,12477.4502,12297.2002,12308.9502,0
17-03-2015,12383.15039,12498.84961,12300.84961,12459.59961,0
18-03-2015,12276.09961,12448.4502,12256.5498,12434.25,0
19-03-2015,12275.2002,12356.65039,12253.09961,12298.25,0
20-03-2015,12363.5,12392.84961,12274.34961,12306.59961,0
23-03-2015,12244.4502,12443.25,12217.75,12364.2998,0
24-03-2015,12180,12345.0498,12154.4502,12266.2002,0
25-03-2015,12225.59961,12256.40039,12135.5,12214.5498,0
26-03-2015,11902.09961,12204.4502,11865.84961,12168.2998,0
30-03-2015,12100.84961,12127.59961,11971.40039,12010.65039,0
31-03-2015,12083,12206.7998,12005.2002,12159.0498,0
06-04-2015,11969.25,11997.2998,11872.65039,11970.2002,0
07-04-2015,11989.34961,12062.25,11881.5,11999.25,0
08-04-2015,12214.2998,12249.09961,12060.25,12072.2002,0
09-04-2015,12279.40039,12323.7002,12171.15039,12296.75,0
15-04-2015,12154.5498,12369.40039,12121.5498,12335.15039,0
16-04-2015,12059,12198.0498,11947.0498,12187.5498,0
20-04-2015,11562.2002,11815.7002,11538.84961,11805.5,0
21-04-2015,11558.40039,11602.7998,11415,11472.59961,0
22-04-2015,11492,11552.5,11345.09961,11552.5,0
23-04-2015,11451.5498,11572.0498,11410.40039,11571.0498,0
27-04-2015,11097.90039,11170.5,10941.75,11166.40039,0
28-04-2015,11052.9502,11097.2002,10979.2002,11097.2002,0
29-04-2015,11094.40039,11150.5498,10954,11039,0
04-05-2015,11191.4502,11217.2002,11044.25,11087.5,0
05-05-2015,11170.25,11264.34961,11115.5,11252.2998,0
06-05-2015,10938.84961,11191.7002,10921.75,11186.34961,0
07-05-2015,11127.75,11172.15039,10900.90039,10934.7998,0
11-05-2015,11324.5498,11351.0498,11184.65039,11225.15039,0
12-05-2015,11118.4502,11337.7002,11101.25,11337.7002,0
13-05-2015,11170.5,11225.5498,11040.5498,11168.7002,0
14-05-2015,11093.59961,11185.59961,11021.84961,11185.59961,0
18-05-2015,11279.4502,11294.4502,11147.15039,11200.40039,0
19-05-2015,11372.2002,11425.15039,11260.2002,11264.7998,0
20-05-2015,11571.7002,11583.0498,11438.7002,11438.7002,0
21-05-2015,11618.59961,11638.09961,11572.59961,11589,0
25-05-2015,11623.34961,11784.34961,11602.09961,11740.75,0
26-05-2015,11581.90039,11649.7002,11562.0498,11608.75,0
27-05-2015,11367.5,11481.4502,11338.0498,11481.4502,0
28-05-2015,11450.84961,11483.75,11321.65039,11368,0
29-05-2015,11575.0498,11647.0498,11411.15039,11443.09961,0
01-06-2015,11525.65039,11629.5498,11496.0498,11561.90039,0
02-06-2015,11347.90039,11563.9502,11326.7002,11523.84961,0
03-06-2015,11361.09961,11421.5498,11299.75,11383.09961,0
04-06-2015,11379.2002,11455.90039,11331.84961,11375.84961,0
05-06-2015,11291.5498,11444,11282.2998,11376.4502,0
08-06-2015,11238.59961,11303.59961,11196.5,11302.75,0
09-06-2015,11142.9502,11254.4502,11114.2998,11235.2998,0
10-06-2015,11401.7002,11423.75,11136.40039,11145.40039,0
11-06-2015,11227.15039,11444.75,11213.40039,11420,0
12-06-2015,11049.34961,11267,10930.4502,11222.7998,0
15-06-2015,11093.84961,11170.0498,10933.40039,11022.7002,0
16-06-2015,11119.2002,11135.25,11046,11111.7998,0
17-06-2015,11143.5,11221.15039,11114.34961,11181.90039,0
18-06-2015,11215.34961,11259.15039,11164.09961,11191.75,0
19-06-2015,11243.65039,11353.25,11222.25,11260.90039,13900
22-06-2015,11429.7998,11446.7998,11260.9502,11266.90039,0
23-06-2015,11341.15039,11479.59961,11327.2002,11473,0
24-06-2015,11353.75,11409.75,11324.34961,11400.34961,0
25-06-2015,11210.40039,11332.7002,11188.5498,11332.4502,0
26-06-2015,11362.5498,11388.4502,11238.7998,11238.7998,0
29-06-2015,11133.65039,11230.2002,10998.2002,11181.25,0
30-06-2015,11037.40039,11144.2002,11016.75,11101.59961,0
01-07-2015,11213.59961,11239.75,11053.65039,11053.65039,0
02-07-2015,11187.25,11247.5,11161.2998,11246.5,0
06-07-2015,11209.59961,11239,11072.5498,11079.2002,0
07-07-2015,11143.84961,11264.5498,11126.2002,11216.5498,0
08-07-2015,11021.7998,11143.90039,10980.0498,11079.9502,0
09-07-2015,10828.7002,11065.40039,10808.34961,11043.65039,0
10-07-2015,10798.25,10950.25,10759.84961,10950.25,0
13-07-2015,10998.84961,11011.65039,10840.65039,10840.65039,0
14-07-2015,11043.84961,11067.5498,10945.0498,11024.40039,0
15-07-2015,11150.25,11165.5,11050.5,11050.5,0
16-07-2015,11191.59961,11218.75,11123.15039,11191.15039,0
17-07-2015,11269.2002,11306.40039,11227.40039,11239.7002,0
20-07-2015,11266.9502,11307.90039,11197.84961,11270.40039,0
21-07-2015,11655.4502,11798.2002,11366.59961,11366.59961,0
22-07-2015,11643.75,11687.2002,11509.15039,11647.5,0
23-07-2015,11558.7002,11719.0498,11537.7002,11640.65039,0
24-07-2015,11464.15039,11588.90039,11452.25,11568.84961,0
27-07-2015,11362.4502,11438,11342.5,11437.5498,0
28-07-2015,11306.25,11432.4502,11283.7002,11378.7998,0
29-07-2015,11470.7002,11494.84961,11330.65039,11369.4502,0
30-07-2015,11394.5498,11539.4502,11365.0498,11530.2998,0
31-07-2015,11594.15039,11622.2002,11434.90039,11434.90039,0
03-08-2015,11466.40039,11572.59961,11441.5,11490.59961,0
04-08-2015,11415.5498,11489.15039,11379.15039,11480.7002,0
05-08-2015,11618,11632.2002,11460,11470.2002,0
06-08-2015,11616.5,11739.09961,11576.25,11698.90039,0
07-08-2015,11597.0498,11663.59961,11580.34961,11604.4502,0
10-08-2015,11573.90039,11696.84961,11500.40039,11623.09961,0
11-08-2015,11711.15039,11740.84961,11605.90039,11637.25,0
12-08-2015,12006.7998,12026.0498,11731.7002,11731.7002,0
13-08-2015,11956.09961,12092.0498,11916.2998,12029.5,0
14-08-2015,12048.4502,12129,11961.09961,11968.2998,0
17-08-2015,12001.75,12058.0498,11920.25,12057.65039,0
18-08-2015,12159.40039,12250.09961,12060.15039,12068.34961,0
19-08-2015,12249.09961,12314.40039,12165.40039,12215.5498,0
20-08-2015,11985.25,12269.5,11969.2998,12269.5,0
21-08-2015,12032.2998,12102.7998,11825.0498,12009.7998,0
24-08-2015,11455.15039,11797.9502,11393,11750.4502,0
25-08-2015,11376.75,11615.5,11140.7998,11524.84961,0
26-08-2015,11284.09961,11548.84961,11172.2002,11395.5,0
27-08-2015,11396.90039,11476.7998,11351.0498,11438.7002,0
28-08-2015,11588.25,11645.0498,11534.84961,11545.2998,0
31-08-2015,11605.7002,11691.65039,11537.65039,11691.65039,0
01-09-2015,11476.4502,11712.5,11391.7002,11563.5498,0
02-09-2015,11604.7002,11752.09961,11510.90039,11563.9502,0
03-09-2015,11672.84961,11722.7998,11565.09961,11679.5,0
04-09-2015,11413.59961,11695.7998,11392.9502,11689.7998,9800
07-09-2015,11318.2998,11451.09961,11264.7002,11445.34961,0
08-09-2015,11390.09961,11452.9502,11279.2002,11331.65039,0
09-09-2015,11504.90039,11604.15039,11446.34961,11554.4502,0
10-09-2015,11396.9502,11468.9502,11292.2002,11439.4502,0
11-09-2015,11432.25,11519.75,11381.34961,11445.65039,0
14-09-2015,11520.2998,11527.75,11405.34961,11482.40039,0
15-09-2015,11536.34961,11545.2998,11475.25,11524.40039,0
18-09-2015,11726.7002,11801.90039,11666.84961,11694.9502,0
21-09-2015,11724.0498,11752.84961,11643.25,11659.84961,0
22-09-2015,11705.5498,11941.7998,11615.7002,11790.5,0
23-09-2015,11694,11753.59961,11586.90039,11659.90039,0
28-09-2015,11841.0498,12008,11819.2002,11989.2998,0
29-09-2015,11863.9502,11963.2002,11749.25,11768.65039,0
30-09-2015,12032.09961,12055.7998,11904.0498,12010.75,0
05-10-2015,12002.09961,12057.09961,11867.4502,11867.4502,0
06-10-2015,11889.90039,12077.9502,11865.25,12057.4502,0
07-10-2015,11683.4502,11904.5,11660.7002,11878.34961,0
08-10-2015,11669.7002,11802.15039,11625.65039,11753.84961,0
09-10-2015,11807.5498,11827.5,11676.15039,11734.2998,0
12-10-2015,11630.65039,12019.0498,11571.75,11972.09961,0
13-10-2015,11522.59961,11603.90039,11452.2998,11595.84961,0
14-10-2015,11362.90039,11479.40039,11347.65039,11435.2998,0
15-10-2015,11338.34961,11411.40039,11310.4502,11407.5498,0
16-10-2015,11337.7998,11402.5,11301.09961,11392.5498,0
19-10-2015,11432.15039,11469.2002,11305.84961,11360.40039,0
20-10-2015,11529.59961,11539.25,11436.65039,11465.0498,0
21-10-2015,11549.0498,11583.4502,11501.0498,11552.59961,0
23-10-2015,11552,11588.2002,11494.15039,11588,0
26-10-2015,11576.34961,11612.7002,11537.09961,11597.90039,0
27-10-2015,11583.5498,11601.25,11533.0498,11570.2998,0
28-10-2015,11643.2998,11664.9502,11537.2998,11546.0498,0
29-10-2015,11548.15039,11644.0498,11523.9502,11644.0498,0
30-10-2015,11486.90039,11559.34961,11467.90039,11549.75,0
02-11-2015,11546.25,11560.59961,11428.09961,11497.9502,0
03-11-2015,11618.40039,11627.84961,11565,11576,0
04-11-2015,11551.59961,11688.65039,11535.9502,11680.15039,0
05-11-2015,11414.4502,11573.09961,11397.5,11573.09961,0
04-03-2016,830,840,807,820,16200
16-05-2016,1050,1050,1050,1050,0
18-05-2016,1088,1088,1088,1088,0
12-12-2016,9953.900391,9971.25,9846.200195,9960.299805,0
13-12-2016,10058.65039,10082.15039,9929.849609,9983.700195,0
14-12-2016,10128.9502,10150.9502,10044.15039,10091.5498,0
15-12-2016,10195.75,10299.7998,10091.59961,10099.0498,0
16-12-2016,10222.9502,10268.7002,10188.25,10265.65039,0
19-12-2016,10223.65039,10234.0498,10153.7998,10213.4502,0
20-12-2016,10322.84961,10352.65039,10224.4502,10239.84961,0
21-12-2016,10228.25,10357.2998,10207.25,10357.2998,0
22-12-2016,10163,10251.2002,10084.25,10210.25,0
23-12-2016,10071.0498,10187.25,10048.84961,10162.40039,0
27-12-2016,10170.7002,10188.65039,9994.950195,9997,0
28-12-2016,10198.59961,10301.09961,10177.40039,10203.84961,0
29-12-2016,10291.84961,10314.34961,10183.40039,10194.15039,0
30-12-2016,10399.25,10416.59961,10304.65039,10325.34961,0
03-01-2017,10362.25,10390.90039,10291.25,10386.59961,0
04-01-2017,10496.90039,10517.5498,10364,10368.15039,0
05-01-2017,10400.0498,10590.0498,10379.2998,10539.75,0
06-01-2017,10110.4502,10372.90039,10063.34961,10352.7998,0
09-01-2017,10198.4502,10214.2002,10023.65039,10070.65039,0
10-01-2017,10221.5,10255.84961,10184.34961,10232.5498,0
11-01-2017,10220.5498,10282.2002,10154.5,10238.0498,0
12-01-2017,10398.7998,10410.7998,10236,10237.4502,0
13-01-2017,10263.5498,10551.40039,10217.4502,10504.0498,0
16-01-2017,10173.09961,10223.0498,10137,10223.0498,0
17-01-2017,10206.7998,10275,10166.40039,10166.84961,0
18-01-2017,10231.59961,10270.5,10208.84961,10217.5,0
19-01-2017,10222.15039,10251.7998,10174.5,10223.0498,0
20-01-2017,10132.65039,10192.7002,10113.2002,10165.5,0
23-01-2017,10219.40039,10234.65039,10029.2998,10060.65039,0
24-01-2017,10201.59961,10213.7002,10133.15039,10186.5,0
25-01-2017,10164.4502,10239.5,10154.75,10221.65039,0
27-01-2017,10181.84961,10212.5498,10100.84961,10144.2002,0
30-01-2017,10170.65039,10195.7002,10065.0498,10114.34961,0
31-01-2017,9848.5,10158.2002,9620.450195,10158.2002,0
01-02-2017,9750,9831.049805,9592.25,9811.099609,0
02-02-2017,9926,9989.200195,9681.75,9753.549805,0
03-02-2017,10025.7998,10058.7998,9863.650391,9927.349609,0
06-02-2017,10029.0498,10093.15039,9954.549805,10076.5498,0
07-02-2017,9997.950195,10042.15039,9967.849609,10034.9502,0
08-02-2017,10007.0498,10071.65039,9973.599609,9988.599609,0
09-02-2017,10167.90039,10186.09961,10005,10026.40039,0
10-02-2017,10387.84961,10432.9502,10180.4502,10185.4502,0
13-02-2017,10452.90039,10469.2002,10340.40039,10402.15039,0
14-02-2017,10474.09961,10489.4502,10423.75,10462.34961,0
15-02-2017,10427.65039,10550.5,10318.9502,10464.0498,0
16-02-2017,10628.0498,10640.5,10488.9502,10488.9502,0
17-02-2017,10527.2002,10676,10483.90039,10674.2002,0
20-02-2017,10671.25,10740.2998,10516.9502,10544.4502,0
21-02-2017,10680.75,10801.59961,10643.90039,10716.7002,0
22-02-2017,10514.7998,10692.9502,10497,10685.5498,0
23-02-2017,10689.65039,10737.34961,10531.7002,10545.4502,0
27-02-2017,10706.7002,10776.65039,10658.2998,10663.25,0
28-02-2017,10680.9502,10759.40039,10645.2998,10732.7998,0
01-03-2017,10748.0498,10777.59961,10658.40039,10674.84961,0
02-03-2017,10741.59961,10806.9502,10717,10779.65039,0
03-03-2017,10806.25,10819.2998,10657.7002,10701.34961,0
06-03-2017,10779.0498,10812.65039,10706.75,10736.7998,0
07-03-2017,10799.09961,10820.09961,10750.90039,10794.2998,0
08-03-2017,10739.4502,10793.5,10687.4502,10791.4502,0
09-03-2017,10724.75,10757.7002,10694.4502,10753.7002,0
10-03-2017,10749.84961,10821.84961,10718.34961,10758.2002,0
14-03-2017,10879.25,10927.2998,10821.40039,10850,0
15-03-2017,10696.5498,10905.9502,10677.75,10899.9502,0
16-03-2017,10822.09961,10838.15039,10752.2002,10765.65039,0
17-03-2017,10900.75,10920.34961,10787.2002,10893.84961,0
20-03-2017,10776.75,10879.4502,10750.59961,10877.15039,0
21-03-2017,10787.2002,10823.7002,10751.2998,10769.09961,0
22-03-2017,10783.2998,10831.75,10710.7998,10717.09961,0
23-03-2017,10850.7998,10863.84961,10785.7002,10794.25,0
24-03-2017,10768.9502,10851.4502,10753.4502,10843.25,0
27-03-2017,10648.5,10787.2002,10630.84961,10735.5,0
28-03-2017,10681.0498,10749.09961,10658.5498,10675.0498,0
29-03-2017,10741.25,10761.0498,10661.0498,10712,0
30-03-2017,10730.75,10767.7998,10692.90039,10734.9502,0
31-03-2017,10703.25,10752.34961,10634.90039,10735.59961,0
03-04-2017,10592,10732.84961,10571.5,10728.65039,0
05-04-2017,10510.2998,10597.2002,10493,10596.25,0
06-04-2017,10538.15039,10545.59961,10475.84961,10499.75,0
07-04-2017,10485.75,10568.7998,10470.5498,10532.4502,0
10-04-2017,10338.15039,10542.7002,10304.9502,10511.59961,0
11-04-2017,10398.84961,10422.2998,10332.4502,10341.5498,0
12-04-2017,10323.4502,10420.34961,10290.5,10408.15039,0
13-04-2017,10064.2002,10407.15039,10034.59961,10339.84961,0
17-04-2017,10000.90039,10056.5498,9975.450195,10045.40039,0
18-04-2017,9981.549805,10075.7998,9964.650391,10021.15039,0
19-04-2017,9944.799805,10059.4502,9901.650391,9925.25,0
20-04-2017,10039.0498,10056.25,9948.950195,9965.799805,0
21-04-2017,10008.15039,10103.7998,9978.5,10083.5,0
24-04-2017,10058.34961,10070.9502,9938.599609,9979.799805,0
25-04-2017,10091.25,10113,10038.15039,10081.5498,0
26-04-2017,9966.75,10162.65039,9944.400391,10157.59961,0
27-04-2017,10012.34961,10045.5,9965.049805,9965.049805,0
28-04-2017,9943.700195,10023.7002,9920.700195,10020.4502,0
02-05-2017,10006.34961,10042.84961,9960.200195,10000.7998,0
03-05-2017,10131.0498,10151.34961,9995.25,10043,0
04-05-2017,10106.5,10170,10055,10155.0498,0
05-05-2017,10086.34961,10101.9502,10031.09961,10084.5,0
08-05-2017,10209.15039,10222.15039,10085.59961,10113.7998,0
09-05-2017,10279.59961,10294.25,10211.40039,10246,0
10-05-2017,10219.5498,10296.4502,10183.7998,10283.34961,0
11-05-2017,10256.09961,10300.5,10216.2998,10293.2998,0
12-05-2017,10367.2998,10378.7998,10264.40039,10275.59961,0
15-05-2017,10339.75,10400.4502,10293.40039,10399.7002,0
16-05-2017,10461.2998,10474.4502,10356.5498,10364.40039,0
17-05-2017,10437.2998,10485.7002,10371.5498,10461,0
18-05-2017,10545.59961,10705.90039,10371.7002,10382.40039,0
19-05-2017,10456.34961,10574.59961,10410.2998,10565.75,0
22-05-2017,10504.84961,10538.65039,10454.9502,10486.7998,0
23-05-2017,10510.2002,10583.2002,10480.75,10535.90039,0
24-05-2017,10509.2002,10536.15039,10444.2002,10510.9502,0
25-05-2017,10738.34961,10761.0498,10546.90039,10568.15039,0
26-05-2017,10735.40039,10792.75,10683.75,10741.75,0
29-05-2017,10568.34961,10633.2998,10467.34961,10611.4502,0
30-05-2017,10609,10627.25,10496.2998,10535.34961,0
31-05-2017,10549.09961,10617.4502,10522.65039,10589.7998,0
01-06-2017,10574.7002,10625.34961,10478.40039,10508.7002,0
02-06-2017,10608.9502,10647,10564.09961,10598.5,0
05-06-2017,10660.09961,10677.65039,10585.7002,10608.84961,0
06-06-2017,10907.25,11016.09961,10733.65039,10749.40039,0
07-06-2017,10701.25,10941.15039,10533.15039,10930.40039,0
08-06-2017,10550,10696.84961,10520.9502,10684.7998,0
09-06-2017,10442.65039,10500.09961,10373.09961,10484.2998,0
12-06-2017,10470.75,10512.25,10314.40039,10412.5,0
13-06-2017,10339,10458.5498,10318.9502,10389.2998,0
14-06-2017,10366.09961,10375.59961,10291.5,10370.25,0
15-06-2017,10278.0498,10385.09961,10262.0498,10383.90039,0
16-06-2017,10189.5,10326.9502,10161.5,10262.7002,0
19-06-2017,10197.90039,10247.4502,10162,10214.15039,0
20-06-2017,10289.9502,10300.7002,10177.2998,10220.09961,0
21-06-2017,10223.40039,10289.2002,10191.7002,10289.2002,0
22-06-2017,10199.5498,10354.65039,10167.09961,10255.75,0
23-06-2017,10170.59961,10253.40039,10155.84961,10226.25,0
27-06-2017,10068.84961,10203,10045.09961,10160,0
28-06-2017,10133.5498,10148.9502,10060.65039,10100.65039,0
29-06-2017,10124.40039,10238.9502,10105.90039,10183.2998,0
30-06-2017,10155.0498,10173.84961,10071.5498,10098.5498,0
03-07-2017,10189.84961,10209.9502,10075.7998,10174.2998,0
04-07-2017,10213.40039,10256.5498,10150,10215.25,0
05-07-2017,10160.65039,10196.0498,10137,10196.0498,0
06-07-2017,10148.90039,10198.2002,10127.0498,10151.5498,0
07-07-2017,10087.7998,10151.5,10073.9502,10125.65039,0
10-07-2017,10360.09961,10377.09961,9946.349609,10214.2998,0
11-07-2017,10430,10611.9502,10333.2998,10333.2998,0
12-07-2017,10401.5,10467.90039,10385.65039,10440.7002,0
13-07-2017,10440.5498,10495.5,10394.9502,10428.09961,0
14-07-2017,10330.65039,10463.2998,10306.7998,10442.5498,0
17-07-2017,10445.84961,10512.7998,10356.9502,10371.7002,0
18-07-2017,10493.2002,10608.90039,10454.9502,10455.15039,0
19-07-2017,10583.7998,10606.5498,10494.0498,10506.75,0
20-07-2017,10491.15039,10593.9502,10474.84961,10587.4502,0
21-07-2017,10711.5498,10726.09961,10561.9502,10573,0
24-07-2017,10823.5498,10846.5498,10734.0498,10734.15039,0
25-07-2017,10810.34961,10827.4502,10738.5,10813.59961,0
26-07-2017,10782.9502,10839.34961,10752.2998,10810.7002,0
27-07-2017,10612.2998,10905.2002,10577.9502,10795.09961,0
28-07-2017,10699.4502,10722.7002,10511.09961,10627.5,0
31-07-2017,10755.75,10802.40039,10637.7998,10665.2998,0
01-08-2017,10801.84961,10887.7998,10767.40039,10808.09961,0
02-08-2017,10727.34961,10836.65039,10702.2998,10806.7998,0
03-08-2017,10682.5,10762.5,10672.75,10736.5,0
04-08-2017,10757.9502,10771.84961,10681.65039,10695.15039,0
07-08-2017,10678.7998,10757.90039,10659.4502,10749.7002,0
08-08-2017,10623.7002,10708.2998,10581.84961,10700.7998,0
09-08-2017,10613.5498,10655.34961,10594.4502,10607.40039,0
10-08-2017,10662.34961,10700.90039,10586.15039,10590.34961,0
11-08-2017,10647.0498,10718.15039,10587.7002,10623.65039,0
14-08-2017,10587.2998,10692.4502,10569.09961,10669.15039,0
16-08-2017,10659.7002,10683.7998,10575.0498,10621.09961,0
17-08-2017,10797.7998,10839.9502,10688.84961,10784.59961,0
18-08-2017,10570,10768,10474.7002,10768,0
21-08-2017,10440.0498,10618.0498,10408.4502,10574.2998,0
22-08-2017,10446.25,10541.84961,10422,10533.40039,0
23-08-2017,10478.25,10509.59961,10401.0498,10479.65039,0
24-08-2017,10503.90039,10566.84961,10486.0498,10550.2002,0
28-08-2017,10592.2998,10638.40039,10574.5,10603.4502,0
29-08-2017,10506,10596.15039,10475.5,10593,0
30-08-2017,10493.25,10580,10474.15039,10565.2002,0
31-08-2017,10558.25,10578.7002,10453.09961,10528.0498,0
01-09-2017,10514.40039,10563.7998,10455.65039,10537.59961,0
05-09-2017,10498,10506.5,10427.5,10455.5498,0
06-09-2017,10421.65039,10484.65039,10407.90039,10472.09961,0
07-09-2017,10460.9502,10477.2998,10423.25,10466.0498,0
08-09-2017,10456.65039,10499.2998,10444.2998,10488.9502,0
11-09-2017,10459.5,10520.75,10447.25,10496.7002,0
12-09-2017,10501.09961,10517.5,10443.2002,10514.15039,0
13-09-2017,10505.2998,10593,10475.90039,10520.75,0
14-09-2017,10496.0498,10505.25,10428.4502,10438.2002,0
15-09-2017,10599.75,10621.65039,10479.9502,10519.65039,0
18-09-2017,10649.5,10675.0498,10601.34961,10601.40039,0
19-09-2017,10654.84961,10668.65039,10611.90039,10658.34961,0
20-09-2017,10651.34961,10694,10588.15039,10694,0
21-09-2017,10653.84961,10670.75,10599.9502,10652.5498,0
22-09-2017,10632.09961,10672.9502,10593.25,10628.5,0
25-09-2017,10569.15039,10653.5498,10513.2998,10604.2998,0
26-09-2017,10548.5,10604.15039,10481.9502,10575.2002,0
27-09-2017,10544.2002,10587.0498,10516.40039,10576.25,0
28-09-2017,10521.90039,10613.25,10470.5498,10544.15039,0
29-09-2017,10475.34961,10576.9502,10454.0498,10543.40039,0
03-10-2017,10546.09961,10568.5,10507.5498,10534.4502,0
04-10-2017,10539.84961,10578.34961,10502.15039,10551.75,0
05-10-2017,10524.65039,10581.2998,10514.25,10546.4502,0
06-10-2017,10655.34961,10665.59961,10527.5498,10532.2002,0
09-10-2017,10680.2002,10694.25,10622.7998,10637.34961,0
10-10-2017,10726.2002,10771.9502,10712.0498,10734.5498,0
11-10-2017,10785.25,10811.0498,10720.4502,10722.09961,0
12-10-2017,10881.2998,10891.25,10782.7002,10801.2998,0
13-10-2017,10924.2002,10997.09961,10880,10915.0498,0
16-10-2017,10961.59961,10978,10921.90039,10936.84961,0
17-10-2017,10942.7002,11006.65039,10910.40039,10946.84961,0
18-10-2017,10910.15039,11014.0498,10898.65039,10943.2998,0
19-10-2017,10890.7998,10934.84961,10872.7998,10911.5,0
23-10-2017,10997.84961,11013.40039,10863.15039,10901.25,0
24-10-2017,10884.7998,11057.2998,10860.34961,11056.34961,0
25-10-2017,10925.4502,10986.5,10799.34961,10829.7998,0
26-10-2017,10883.0498,10945.4502,10836,10915.65039,0
27-10-2017,10862.0498,10911.65039,10831.25,10901.2998,0
30-10-2017,10854.2998,10913.90039,10842.9502,10892.5498,0
31-10-2017,10837.90039,10870.5498,10781,10793.09961,0
01-11-2017,10817.2998,10887.7998,10772.25,10877.84961,0
02-11-2017,10845.84961,10884.5,10788,10802.5,0
03-11-2017,10839.0498,10873.9502,10824.9502,10840.2998,0
06-11-2017,10929.90039,10952.34961,10820.0498,10834,0
07-11-2017,11172.09961,11243.2002,10934.5,10942.40039,0
08-11-2017,11245.90039,11306.4502,11197.59961,11227.7002,0
09-11-2017,11248.4502,11301.25,11201.65039,11275.4502,0
10-11-2017,11222.5498,11272,11151.09961,11270,0
13-11-2017,11236.2002,11341.5,11188.5,11188.5,0
14-11-2017,11168.75,11275.65039,11139.7998,11240.5498,0
15-11-2017,11122.90039,11211.7002,11110.7998,11158,0
16-11-2017,11317.25,11343.59961,11059,11145.5498,0
17-11-2017,11150,11311.9502,11127,11311.9502,0
20-11-2017,11100.09961,11173.65039,11072.9502,11161.7002,0
21-11-2017,11119.4502,11166.34961,11087.15039,11120.7998,0
22-11-2017,11117.5,11167.65039,11098.65039,11133.7998,0
24-11-2017,11306.40039,11352.5498,11235.75,11240.40039,0
27-11-2017,11314.25,11326,11239.40039,11290.84961,0
28-11-2017,11270.59961,11324.90039,11242.84961,11303.34961,0
29-11-2017,11232.9502,11299.34961,11211.15039,11266.9502,0
30-11-2017,11115.34961,11241.7998,11060.09961,11233.5,0
01-12-2017,10948.5,11180.40039,10930.9502,11123.59961,0
04-12-2017,11081.65039,11138.09961,10901.09961,11007.9502,0
05-12-2017,11025.40039,11121.84961,11005.90039,11079.34961,0
06-12-2017,11074.90039,11099.0498,11006.2002,11024.5498,0
07-12-2017,11163.5,11178.7998,11057.4502,11075.5498,0
08-12-2017,11173.40039,11249.2998,11159.75,11189.7998,0
11-12-2017,11324,11343.15039,11170.4502,11178.90039,0
12-12-2017,11272.4502,11341.75,11251.7002,11327.7002,0
13-12-2017,11251.7002,11328.75,11210.7002,11257.0498,0
14-12-2017,11275.40039,11307.90039,11174.65039,11257.9502,0
15-12-2017,11288.2998,11337,11245.5498,11299.59961,0
18-12-2017,11315.2002,11345.40039,11096.59961,11211.7998,0
19-12-2017,11240.65039,11334.0498,11214.59961,11324.5498,0
20-12-2017,11304.2002,11322.2002,11198.59961,11267.40039,0
21-12-2017,11374.2998,11406.40039,11288.75,11317.5,0
22-12-2017,11501.90039,11532.75,11345.25,11368.2002,0
26-12-2017,11507.40039,11531.25,11454.90039,11503,0
27-12-2017,11509.25,11538.7002,11465.59961,11490.2998,0
28-12-2017,11496.40039,11549.7998,11460.7998,11481.7998,0
29-12-2017,11665.75,11689.75,11430.65039,11479.5,0
02-01-2018,11602.34961,11655.5,11558.4502,11587.84961,0
03-01-2018,11586.7002,11693.34961,11573.25,11617.34961,0
04-01-2018,11590.7998,11607.75,11510.40039,11599.0498,0
05-01-2018,11633.5498,11691.4502,11541.7998,11575.4502,0
08-01-2018,11776.84961,11793.84961,11661.5,11674.34961,0
09-01-2018,11790.84961,11819.34961,11685.75,11805.34961,0
10-01-2018,12054.7002,12076.25,11762.5,11803.84961,0
11-01-2018,12103.09961,12178.7998,12045.4502,12060.7998,0
12-01-2018,12099.2002,12146.75,12004.40039,12144.7998,0
15-01-2018,11992.7998,12214.65039,11971.9502,12103.5,0
16-01-2018,12430.9502,12487.25,12027.2998,12036.5498,0
17-01-2018,12531.40039,12653.25,12432.75,12473.0498,0
18-01-2018,12570.7002,12605.15039,12431.7998,12565.84961,0
19-01-2018,12633.84961,12668.5498,12485.2998,12577.25,0
22-01-2018,12894.9502,12924.59961,12521.15039,12544.59961,0
23-01-2018,13048.90039,13084.2002,12898.25,12919.2998,0
24-01-2018,13249.5498,13553.9502,13005.9502,13020.2998,0
25-01-2018,13117.84961,13259.15039,12996.75,13257.90039,0
29-01-2018,13242.5,13328.0498,13096.4502,13113.2002,0
30-01-2018,13107.9502,13238.5,13071.84961,13193,0
31-01-2018,12986.40039,13142.84961,12943.34961,13050.84961,0
01-02-2018,12964.59961,13141.75,12812.9502,12965.59961,0
02-02-2018,12983.59961,13130.25,12846.2002,12872.5,0
05-02-2018,12936.90039,13104.7998,12845,12878.7002,0
06-02-2018,12562.34961,12750.7002,12490.75,12516.2002,0
07-02-2018,12450.0498,12680.2998,12419.40039,12667.59961,0
08-02-2018,12588.34961,12764.75,12468.5,12556.7998,0
09-02-2018,12492.7002,12556.2002,12350.40039,12449.7002,0
12-02-2018,12422.65039,12591.9502,12390.90039,12544.7002,0
14-02-2018,12420,12546,12346,12438.2002,0
15-02-2018,12456.5,12584.25,12439.0498,12497.5,0
16-02-2018,12437.9502,12687.4502,12412.09961,12512.75,0
19-02-2018,12331.40039,12479.40039,12228.7998,12474.15039,0
20-02-2018,12372,12491.59961,12268.5498,12272.9502,0
21-02-2018,12660.0498,12703.84961,12452.34961,12490.5,0
22-02-2018,12730.25,12794,12631.84961,12663.65039,0
23-02-2018,12871.15039,12888,12701.09961,12784.09961,0
26-02-2018,12713.15039,12903.90039,12692.34961,12864.59961,0
27-02-2018,12746.7998,12797.34961,12688,12777.25,0
28-02-2018,12809,12904.2002,12696.34961,12744.40039,0
01-03-2018,12769.4502,12842.65039,12736.40039,12823.90039,0
05-03-2018,12857.65039,12890.9502,12684.2998,12768.5498,0
06-03-2018,12706.09961,12930.5498,12667.4502,12924.4502,0
07-03-2018,12677.15039,12856.5498,12650.25,12767.4502,0
08-03-2018,12682.40039,12802.15039,12645.75,12757,0
09-03-2018,12747.25,12805.34961,12656.65039,12710.34961,0
12-03-2018,12923.40039,13012.34961,12813.25,12825.25,0
13-03-2018,12734.2002,12842.2002,12663.2998,12778.34961,0
14-03-2018,12786.9502,12840.4502,12711.25,12725.2002,0
15-03-2018,12762.2998,12860,12727.7998,12815.59961,0
16-03-2018,12698.40039,12778.59961,12606.59961,12776.25,0
19-03-2018,12421.2998,12725.34961,12392.7002,12660.90039,0
20-03-2018,12609.09961,12644.59961,12375.40039,12385,0
21-03-2018,12608.84961,12698.34961,12554.15039,12665.75,0
22-03-2018,12489.59961,12638.9502,12454.5,12607.65039,0
23-03-2018,12541.09961,12564.75,12281.2002,12292.65039,0
26-03-2018,12462.40039,12542.5498,12392.25,12536.59961,0
27-03-2018,12518.2002,12566.5,12444.7002,12539.5,0
28-03-2018,12511.5498,12573.09961,12424.5498,12468.7002,0
02-04-2018,12707.09961,12723.40039,12541.34961,12542.2998,0
03-04-2018,12615.4502,12708.15039,12557.0498,12637.7998,0
04-04-2018,12490.84961,12689.90039,12442.15039,12689.90039,0
05-04-2018,12682.5498,12695.7998,12578.9502,12617.4502,0
06-04-2018,12603.34961,12687.40039,12569.25,12685.2998,0
09-04-2018,12531.2002,12640.2998,12506.40039,12605.34961,0
10-04-2018,12576.5498,12618.7998,12519.4502,12532.25,0
11-04-2018,12759.09961,12785.2998,12608.84961,12629.40039,0
12-04-2018,13168.2002,13219.5498,12766.65039,12782.0498,0
13-04-2018,13260.4502,13380.40039,13085.0498,13240.65039,0
16-04-2018,13203.09961,13242.0498,12935.25,12936.2998,0
17-04-2018,13162.2998,13194.40039,13094,13177.09961,0
18-04-2018,13124,13218.4502,13106.2998,13185.2002,0
19-04-2018,13273.4502,13295.7002,13157.84961,13192.9502,0
20-04-2018,13910.34961,13964.2998,13371.84961,13379.34961,0
23-04-2018,14013.9502,14294.15039,13836.5,13897.65039,0
24-04-2018,13734.7998,14071.5498,13704.84961,13976.7002,0
25-04-2018,13892.40039,13972.65039,13665.7002,13737.5,0
26-04-2018,14026.65039,14056.15039,13827.09961,13836.9502,0
27-04-2018,13794.90039,14070.34961,13766.75,14015.7002,0
30-04-2018,13986.25,14094.09961,13810.5498,13818.84961,0
02-05-2018,13754.2998,13985.5498,13723.65039,13985.5498,0
03-05-2018,13473.9502,13759.4502,13430.75,13759.4502,0
04-05-2018,13453.2998,13488.7998,13302.90039,13488.75,0
07-05-2018,13424.90039,13563.84961,13395.84961,13533.5498,0
08-05-2018,13379.65039,13474.25,13297.2002,13453.9502,0
09-05-2018,13453.40039,13538.40039,13390.90039,13397.84961,0
10-05-2018,13427.2998,13566.0498,13403.2998,13505.25,0
11-05-2018,13478.59961,13519.15039,13393.2998,13457.90039,0
14-05-2018,13446.15039,13495.5,13358.2002,13480.09961,0
15-05-2018,13504.9502,13614.65039,13419.7002,13441.5498,0
16-05-2018,13525.59961,13585.15039,13466.59961,13474.0498,0
17-05-2018,13504.75,13625.5,13461.0498,13606.65039,0
18-05-2018,13459.15039,13526.9502,13412.84961,13487.34961,0
21-05-2018,13483.84961,13572.15039,13434.09961,13485.4502,0
22-05-2018,13484.5498,13530.5498,13420.09961,13453.7998,0
23-05-2018,13464.34961,13615.40039,13435.5,13517.2998,0
24-05-2018,13775.7002,13797.9502,13543.65039,13563.65039,0
25-05-2018,13762.34961,13963.7002,13715.5,13854.09961,0
28-05-2018,13497.7002,13832.9502,13457.59961,13832.9502,0
29-05-2018,13561.0498,13631.2998,13482.0498,13535.4502,0
30-05-2018,13557.7002,13627.0498,13480.5498,13548.84961,0
31-05-2018,13666,13695.2998,13460.7002,13515.34961,0
01-06-2018,13558.5498,13785.34961,13528.65039,13694.25,0
04-06-2018,13595.09961,13646.5498,13525.2002,13592.40039,0
05-06-2018,13408.90039,13638.75,13363.40039,13625.65039,0
06-06-2018,13528.7998,13554.25,13355.2002,13460.59961,0
07-06-2018,13683.75,13714.2002,13525.34961,13530.5498,0
08-06-2018,13769.7998,13841.65039,13674.34961,13677.7998,0
11-06-2018,13775.09961,13869.5498,13755.5,13807.5,0
12-06-2018,13859.84961,13889.4502,13771.34961,13817.7002,0
13-06-2018,14034.15039,14074.90039,13950.15039,14001.2002,0
14-06-2018,13825.40039,13984.75,13784.34961,13980.5498,0
15-06-2018,14121.5,14151.75,13841.59961,13868.5,0
18-06-2018,14024.2002,14223.34961,13995.90039,14223.34961,0
19-06-2018,13849.4502,14028.7002,13835.7002,13987.59961,0
20-06-2018,13810.90039,13914.9502,13782.15039,13900.84961,0
21-06-2018,13771.7002,13882.40039,13751.59961,13856.09961,0
22-06-2018,13777.09961,13844,13724.15039,13792.84961,0
25-06-2018,13865.2002,13918.0498,13791,13814,0
26-06-2018,13943.5,13981.15039,13848.7998,13862.7002,0
27-06-2018,14018.40039,14143.2998,13966.34961,14005.65039,0
28-06-2018,13873.7998,14139.65039,13853.09961,14070.90039,0
29-06-2018,13989.5,14020.75,13858.7002,13959.15039,0
02-07-2018,14072.2998,14086.7998,13977.90039,14024.59961,0
03-07-2018,14222.5498,14238.90039,14074.84961,14100.7998,0
04-07-2018,14126.15039,14243.9502,14099.25,14243.7998,0
05-07-2018,13970.5,14184.4502,13898.90039,14180.2998,0
06-07-2018,14015.9502,14063.25,13925.5498,14008.15039,0
09-07-2018,14108.84961,14141.15039,13993.59961,14111.84961,0
10-07-2018,14222.75,14299.5,14174.59961,14275.09961,0
11-07-2018,14536.4502,14629.5,14337.5498,14352.15039,0
12-07-2018,14515.65039,14627.7998,14437.65039,14611.4502,0
13-07-2018,14534.90039,14654.5498,14462.9502,14559.15039,0
16-07-2018,14617.0498,14776,14443,14554.25,0
17-07-2018,14618.25,14709.59961,14539.59961,14609.5498,0
18-07-2018,14631.7002,14762.2998,14568.5498,14695.65039,0
19-07-2018,14489.84961,14693.4502,14420,14638.09961,0
20-07-2018,14701.40039,14771.0498,14518.5,14541.34961,0
23-07-2018,14683.2002,14726.7002,14571.59961,14726.7002,0
24-07-2018,14663.90039,14768.90039,14620.9502,14768.84961,0
25-07-2018,14575.34961,14697.84961,14539.25,14697.84961,0
26-07-2018,14468.09961,14559.5,14423.75,14510.59961,0
27-07-2018,14517.90039,14553.7998,14450.15039,14476.4502,0
30-07-2018,14420.5498,14561.0498,14391.15039,14538.90039,0
31-07-2018,14587.7998,14617.75,14386.7998,14432.59961,0
01-08-2018,14679.34961,14690.59961,14586.5498,14618.65039,0
02-08-2018,14552.59961,14739.7998,14541.34961,14689.09961,0
03-08-2018,14649.09961,14663.59961,14588.9502,14632.34961,0
06-08-2018,14605.5498,14731.09961,14572.90039,14694.7002,0
07-08-2018,14613.75,14688.09961,14588.5498,14660.09961,0
08-08-2018,14608.2002,14663.0498,14534.59961,14650.59961,0
09-08-2018,14603.34961,14662.4502,14588.9502,14660.5498,0
10-08-2018,14679.2998,14702.15039,14568.2998,14661.90039,0
13-08-2018,14880.25,14902.40039,14683,14697.7002,0
14-08-2018,15009.25,15090.90039,14872.9502,14927.40039,0
16-08-2018,15044.34961,15122.65039,15017.25,15021.9502,0
17-08-2018,15126.40039,15143.34961,14982.34961,15059.9502,0
20-08-2018,14996.09961,15054.09961,14946.5498,15033.65039,0
21-08-2018,15134.65039,15183.25,15041.84961,15072.4502,0
23-08-2018,15321.9502,15361.40039,15185.25,15195,0
24-08-2018,15260.0498,15410.2002,15239.34961,15337.90039,0
27-08-2018,15514.9502,15539.65039,15274.34961,15285.09961,0
28-08-2018,15583.0498,15641.40039,15528.40039,15546.5,0
29-08-2018,15524.9502,15621.90039,15439.4502,15617,0
30-08-2018,15529.84961,15576.65039,15428.09961,15519.59961,0
31-08-2018,15811.40039,15833.65039,15567.5,15575.9502,0
03-09-2018,15724.7002,16048.25,15703,16013.0498,0
04-09-2018,16048.7002,16094.0498,15783.5498,15799.34961,0
05-09-2018,16039.90039,16124.59961,15976.4502,16088.7002,0
06-09-2018,16081.65039,16121.5,15932.65039,16047.9502,0
07-09-2018,16104.7998,16130.59961,15975,16126.25,0
10-09-2018,16105.2998,16229.84961,16085.5,16150.65039,0
11-09-2018,15993.2002,16217.75,15970.09961,16182,0
12-09-2018,16054.0498,16124.5498,15977.84961,16092.09961,0
14-09-2018,16072.5,16104.0498,15843.59961,16046.40039,0
17-09-2018,16119.7998,16207.5,16080.75,16096.40039,0
18-09-2018,16031,16152.84961,16003.2002,16152.84961,0
19-09-2018,16063.9502,16115.15039,15982.0498,16092.65039,0
21-09-2018,15833.5,16047.2002,15579.9502,16023.65039,0
24-09-2018,16175.2998,16235.0498,15820.65039,15862.40039,0
25-09-2018,16234.90039,16360.59961,16081.90039,16207,0
26-09-2018,15932.4502,16292.2998,15877.90039,16285.75,0
27-09-2018,16018,16094.0498,15943.90039,15979.5,0
28-09-2018,15838.0498,15972,15734.9502,15932.09961,0
01-10-2018,16213.59961,16282.0498,15861.5,15897.09961,0
03-10-2018,15909.7998,16278,15874.25,16208.75,0
04-10-2018,15441.09961,15835.2002,15403.90039,15835.2002,0
05-10-2018,15591.65039,15710,15265.65039,15416.90039,0
08-10-2018,15305.2002,15644.2002,15198.25,15538.2002,0
09-10-2018,15369.7998,15429.9502,15137.75,15305.15039,0
10-10-2018,15143.2002,15380.84961,15053.2998,15356.2998,0
11-10-2018,14683,14890.65039,14554.25,14721.09961,0
12-10-2018,14539.2002,14721.9502,14408.4502,14701.84961,0
15-10-2018,14797.2002,14846.9502,14564.2998,14639.5,0
16-10-2018,14887.34961,14975.5498,14743.90039,14876.0498,0
17-10-2018,14949.59961,15190.65039,14903.5,15031.0498,0
19-10-2018,14476.84961,14776.4502,14421.65039,14776.4502,0
22-10-2018,14421.4502,14527.5498,14299.15039,14527.5498,0
23-10-2018,14014.7002,14406.75,13977.65039,14318.9502,0
24-10-2018,14049.15039,14183.5498,13826.2998,14125.5,0
25-10-2018,14070.7998,14179.7002,13863.90039,13894.7998,0
26-10-2018,13798.59961,14070.0498,13769.84961,14057.0498,0
29-10-2018,14132.65039,14188,13696.5,13837.65039,0
30-10-2018,14355.84961,14437.59961,14028.7998,14088.25,0
31-10-2018,14940.09961,14994.84961,14376.75,14428.7002,0
01-11-2018,14622,14991.59961,14541.2002,14991.59961,0
02-11-2018,14396.7002,14780.09961,14356.09961,14639.0498,0
05-11-2018,14471.75,14534.0498,14345.25,14377.5,0
06-11-2018,14577.2998,14660.15039,14468.25,14499.7998,0
07-11-2018,14674.4502,14698.9502,14645.0498,14654.25,0
09-11-2018,14553.25,14796.90039,14483.34961,14793.75,0
12-11-2018,14650.5,14821.5498,14565.0498,14604.9502,0
13-11-2018,14698.2002,14780,14561.5498,14637.25,0
14-11-2018,14338.5,14662.7998,14236.7002,14662.2998,0
15-11-2018,14354.15039,14573.09961,14264.59961,14315.4502,0
16-11-2018,14473.15039,14504.5,14356.65039,14426.7002,0
19-11-2018,14599.7998,14618.25,14433.2002,14544.7998,0
20-11-2018,14285.09961,14575.25,14262.2998,14575.25,0
21-11-2018,13879.15039,14245.0498,13827.15039,14244.75,0
22-11-2018,13835.7002,14109.4502,13819.7002,13955,0
26-11-2018,14025.40039,14083.7002,13581.34961,13836.9502,0
27-11-2018,14225.34961,14265.25,14000.40039,14057.90039,0
28-11-2018,14632.90039,14658.90039,14250.90039,14266.75,0
29-11-2018,14465.2998,14732.65039,14433.0498,14726.75,0
30-11-2018,14638.0498,14710.7998,14494.59961,14494.7002,0
03-12-2018,14740.40039,14790.7998,14630.75,14728.4502,0
04-12-2018,14999.90039,15015.09961,14728.2002,14757.4502,0
05-12-2018,15012.9502,15062.40039,14788.75,14932.4502,0
06-12-2018,14693.75,15064.25,14664.2998,14936.59961,0
07-12-2018,14662.90039,14700.0498,14461.9502,14686.7998,0
10-12-2018,14419.2002,14723.7002,14369.5,14486,0
11-12-2018,14579.59961,14684.4502,14307.2998,14385.34961,0
12-12-2018,14738.5498,14756.5,14521.2002,14640.15039,0
13-12-2018,14841,14908.90039,14652,14782.34961,0
14-12-2018,14851.40039,14913.7998,14741.7002,14810.40039,0
17-12-2018,14873.0498,14931.0498,14801.15039,14931.0498,0
18-12-2018,14730.90039,14809.5498,14662.09961,14776.4502,0
19-12-2018,14591.7998,14698.90039,14463.75,14686.0498,0
20-12-2018,14542.15039,14621.7998,14461.2998,14468.40039,0
21-12-2018,14207.84961,14505.5,14171.9502,14493.75,0
24-12-2018,14247.75,14371.75,14197.09961,14296.7998,0
26-12-2018,14158.90039,14229.2002,14018.40039,14229.2002,0
27-12-2018,14354.5,14460.7002,14273.84961,14300.9502,0
28-12-2018,14385.7998,14451.7002,14368.7002,14409.59961,0
31-12-2018,14440.2998,14481.40039,14394.5498,14458.5,0
02-01-2019,14447.09961,14593.84961,14371,14467.40039,0
03-01-2019,14322.15039,14542.2998,14276.5,14479.75,0
04-01-2019,14146.15039,14359.2002,13958.84961,14332.65039,0
07-01-2019,14291.5,14316,14204.65039,14238.0498,0
08-01-2019,14285.7002,14357.75,14238.2002,14344.59961,0
09-01-2019,14326.09961,14495.7002,14162.2002,14417.2002,0
10-01-2019,14323.25,14393.4502,14272.25,14388.84961,0
11-01-2019,14307.09961,14326.90039,14134.25,14288.9502,0
14-01-2019,14223.59961,14495.7002,14196,14474.5,0
15-01-2019,14658.5,14685.5,14262.40039,14265.7002,0
16-01-2019,14707.7998,14732.75,14610.09961,14688.84961,0
17-01-2019,14800.25,14813.90039,14660.0498,14714.25,0
18-01-2019,14893,14923.75,14709.4502,14744.0498,0
21-01-2019,14966.40039,15100.2002,14850,14920.34961,0
22-01-2019,14962.59961,15019.59961,14814.9502,14927.15039,0
23-01-2019,14888.75,15003.84961,14856.84961,14975.2002,0
24-01-2019,14971.90039,15003.5498,14793.25,14897.4502,0
25-01-2019,15039.2998,15161.2002,14927.25,14952.75,0
28-01-2019,15120.15039,15161.7002,15026.75,15085.0498,0
29-01-2019,15231.2998,15293,14986.7002,15126.15039,0
30-01-2019,15255.2002,15381.4502,15192.40039,15304,0
31-01-2019,15499.2998,15513.4502,15276.0498,15299.4502,0
01-02-2019,15724.2998,15751.75,15485.7002,15522.5498,0
04-02-2019,15754.7998,15819.7002,15635.90039,15727.2002,0
05-02-2019,15738.7002,15812.15039,15634.9502,15709,0
06-02-2019,16055.59961,16090.7002,15835.7002,15857.7002,0
07-02-2019,16085.84961,16167.84961,16031.15039,16045.5498,0
08-02-2019,16019.7998,16145.7002,15979.7998,16001.15039,0
11-02-2019,16099.0498,16159.0498,16002.5,16050.2002,0
12-02-2019,15938.65039,16094.59961,15788.09961,16093.4502,0
14-02-2019,15861.65039,16002.2002,15828.84961,15992.4502,0
15-02-2019,15815.59961,15912.4502,15620.4502,15898.40039,0
18-02-2019,15659,15948.09961,15618.0498,15895.5,0
19-02-2019,15333.5,15651.90039,15287.5,15644.0498,0
20-02-2019,15609.4502,15651.7002,15330.7998,15382.4502,0
21-02-2019,15588.90039,15691.40039,15492.2002,15609.15039,0
22-02-2019,15684.7002,15717.2998,15543.5,15582.7998,0
25-02-2019,16003.7002,16029.9502,15729.25,15738.9502,0
26-02-2019,15989.59961,16069.40039,15874.9502,15933.7998,0
27-02-2019,15902.09961,16007.65039,15803.7002,15983.7998,0
28-02-2019,15732,15974.09961,15694.84961,15974.09961,0
01-03-2019,15848.2998,15871.09961,15752.2002,15778.15039,0
05-03-2019,15664.09961,15839.2002,15634.5498,15839.2002,0
06-03-2019,15735.0498,15814.7002,15681.09961,15732.34961,0
07-03-2019,15582.09961,15788.15039,15558.9502,15788.15039,0
08-03-2019,15408.7002,15545.65039,15388.2002,15544.34961,0
11-03-2019,15388.5,15500.75,15349.59961,15432.90039,0
12-03-2019,15384.5498,15497.2002,15349.7998,15408.84961,0
13-03-2019,15342.90039,15550.84961,15300.25,15442.25,0
14-03-2019,15260.4502,15437.0498,15202.0498,15422.59961,0
15-03-2019,15546.59961,15649.25,15324.84961,15346,0
18-03-2019,15359.4502,15661.2998,15304.75,15614.7998,0
19-03-2019,15495.5498,15545.4502,15296,15432.5,0
20-03-2019,15599.25,15735.25,15554.4502,15563.9502,0
22-03-2019,15551.09961,15652.2998,15462.2002,15652.2998,0
25-03-2019,15416.84961,15579.0498,15388.40039,15579.0498,0
26-03-2019,15356.59961,15426.25,15218.25,15415.5,0
27-03-2019,15339.40039,15421.84961,15307.09961,15352.59961,0
28-03-2019,15566.75,15636.5,15399.4502,15410.34961,0
01-04-2019,15840.65039,15922.0498,15662.5498,15668.7998,0
02-04-2019,15988.40039,16013.25,15874.65039,15902.90039,0
03-04-2019,15962.9502,16009.84961,15862.5,15996.5,0
04-04-2019,15744.7998,15954.15039,15691,15947.7998,0
05-04-2019,15923.0498,15952.5,15759.7998,15800.4502,0
08-04-2019,16028.25,16061.2998,15857.15039,15982.84961,0
09-04-2019,16121.59961,16203.25,15999.65039,16048.25,0
10-04-2019,15999.15039,16172.7998,15978.2002,16138.84961,0
11-04-2019,15874.75,16030.84961,15852.2998,16018,0
12-04-2019,15911.09961,15989.7002,15832,15918.09961,0
15-04-2019,16113.7002,16136.59961,15862,15917.7002,0
16-04-2019,16084.90039,16176.59961,16064.34961,16166.15039,0
18-04-2019,16079.2998,16177.84961,16021,16177.84961,0
22-04-2019,16150.59961,16204.2998,16057.90039,16077.5498,0
23-04-2019,16166.2998,16193.59961,16082.4502,16179.4502,0
24-04-2019,16370.34961,16405.80078,16161.34961,16182.90039,0
25-04-2019,16352.7998,16388.55078,16299.2002,16361,0
26-04-2019,16504.44922,16523.75,16381.4502,16393.80078,0
30-04-2019,16705.40039,16720.40039,16502.44922,16510.94922,0
02-05-2019,16403.69922,16673.59961,16387.30078,16656.90039,0
03-05-2019,16092.9502,16265.2998,16065.4502,16259.5,0
06-05-2019,16111.34961,16146.40039,15925.40039,15949.2998,0
07-05-2019,16135.75,16225.84961,16100.65039,16145.65039,0
08-05-2019,16061.59961,16129.40039,15998.59961,16106.0498,0
09-05-2019,16132.84961,16164.90039,16002.4502,16031.59961,0
10-05-2019,15949.59961,16146.34961,15911.9502,16117.59961,0
13-05-2019,15955.2998,16095.7002,15915.15039,15949,0
14-05-2019,15762.75,15966.65039,15642.9502,15942.9502,0
15-05-2019,15776.7998,15896.2998,15743.7002,15793.34961,0
16-05-2019,15934,15994.25,15779.75,15816.65039,0
17-05-2019,15843.40039,16000.34961,15803.2002,15962.40039,0
20-05-2019,15968.2002,16009.65039,15642.7002,15933.2998,0
21-05-2019,15766.9502,15989.0498,15737.15039,15982.2998,0
22-05-2019,15666.15039,15812.25,15640.59961,15750.0498,0
23-05-2019,15538.84961,15819.0498,15506.2002,15772.0498,0
24-05-2019,15569.84961,15626.34961,15461.84961,15622.25,0
27-05-2019,15556.65039,15629.59961,15526.40039,15587.40039,0
28-05-2019,15762.0498,15806.2002,15554.90039,15614.09961,0
29-05-2019,15865.59961,15973,15754.34961,15773.2998,0
30-05-2019,15997.34961,16034.75,15879.2002,15908.9502,0
31-05-2019,16160.65039,16197.34961,16042.59961,16070.59961,0
03-06-2019,16360.5498,16391,16082.7998,16159.5,0
04-06-2019,16105.2002,16285.84961,16072.90039,16276.7998,0
06-06-2019,16012.09961,16159.75,15991.40039,16155.7998,0
07-06-2019,16109.84961,16155.0498,15972.75,16042.2998,0
10-06-2019,16362.40039,16381.65039,16152.2002,16176.84961,0
11-06-2019,16448.09961,16488.65039,16380.5,16406.25,0
12-06-2019,16425.94922,16446.94922,16283.65039,16441.75,0
13-06-2019,16316.59961,16421.80078,16282.65039,16340.0498,0
14-06-2019,16268.2002,16336.09961,16239.2002,16326.7002,0
17-06-2019,16228.2002,16313.5498,16190.90039,16285,0
18-06-2019,16322.5,16352.40039,16212.2998,16215.7002,0
19-06-2019,16282.7002,16391.5,16215.9502,16358.75,0
20-06-2019,16316.9502,16338.75,15994.9502,16039,0
21-06-2019,16189.40039,16358.9502,16154.84961,16343.34961,0
24-06-2019,16187.40039,16231.59961,16142.40039,16202.40039,0
25-06-2019,16214.4502,16252.9502,16050.59961,16158.7998,0
26-06-2019,16101.75,16255.2002,16079.2002,16152.7002,0
27-06-2019,15991.7998,16129.40039,15946.65039,16096.2002,0
28-06-2019,15936.4502,16085.40039,15904.7998,16069.90039,0
01-07-2019,15916.7002,16023.40039,15893.9502,15982.7002,0
02-07-2019,16074.09961,16096.9502,15886.4502,15952.90039,0
03-07-2019,15927.65039,16095.4502,15906.75,16091.09961,0
05-07-2019,15550.0498,15979.4502,15520,15960.84961,0
08-07-2019,15376,15478.0498,15318.0498,15410.84961,0
09-07-2019,15254.5,15432.15039,15123.7002,15381.34961,0
10-07-2019,15168.59961,15319.90039,15052.7002,15077,0
11-07-2019,15214.2998,15256.5498,15061.34961,15256.5498,0
12-07-2019,15227.40039,15290.59961,15186.09961,15227.59961,0
15-07-2019,15662.0498,15694.0498,15406.59961,15516.25,0
16-07-2019,15580.4502,15627.2002,15532.2998,15608.75,0
17-07-2019,15676,15707.9502,15510.5,15602.7002,0
18-07-2019,15498.5,15635.0498,15457,15554.90039,0
19-07-2019,15383.65039,15611.09961,15364.5,15520.7002,0
22-07-2019,15448.25,15493.9502,15336.2998,15387.4502,0
23-07-2019,15493.40039,15645.0498,15468.9502,15497.5498,0
24-07-2019,15380.75,15531.40039,15332.84961,15465.7998,0
25-07-2019,15474.65039,15510.59961,15343.0498,15383.15039,0
26-07-2019,15348.0498,15460.90039,15266.0498,15442.5,0
29-07-2019,15400.84961,15527.4502,15297,15365.09961,0
30-07-2019,15501.65039,15527.34961,15362.0498,15409.4502,0
31-07-2019,15620.2002,15648.75,15305.4502,15437.59961,0
01-08-2019,15332.09961,15593.5498,15277.75,15576.9502,0
02-08-2019,15422.09961,15461.0498,15209.2998,15277.65039,0
05-08-2019,15518.5498,15544.90039,15312.5498,15349.7002,0
06-08-2019,15514.7998,15636.2002,15435.7002,15479.2002,0
07-08-2019,15583.34961,15730.7002,15522.84961,15591.15039,0
08-08-2019,15867.9502,15918.4502,15654.65039,15677.4502,0
09-08-2019,15821.34961,15945.09961,15797.84961,15898,0
13-08-2019,15424.40039,15822.40039,15379.59961,15809.25,0
14-08-2019,15466.25,15518.34961,15299.2998,15467.34961,0
16-08-2019,15365.34961,15552.7002,15238.5498,15547.40039,0
19-08-2019,15415.15039,15514.90039,15396,15420.0498,0
20-08-2019,15597.75,15648.65039,15575.7998,15648.65039,0
21-08-2019,15578.15039,15680.0498,15562,15598.5,0
22-08-2019,15632,15703.15039,15478.7998,15581.5,0
23-08-2019,15816.59961,15872.84961,15639.40039,15647.65039,0
26-08-2019,15890.2002,15922.5498,15628.09961,15825.25,0
27-08-2019,15675.2998,15833.5498,15631.5,15817.2998,0
28-08-2019,15879.90039,15898,15703.09961,15704.09961,0
29-08-2019,15884.5498,15943.2998,15754.90039,15774.65039,0
30-08-2019,16010.40039,16039.25,15734.2002,15893.90039,0
03-09-2019,15984.90039,16189.4502,15935.90039,16027.09961,0
04-09-2019,16032.5,16090.84961,15944.40039,15985.75,0
05-09-2019,16030.9502,16142.65039,15972.2002,16109.2002,0
06-09-2019,16034.5498,16218.7998,15991.0498,16139.90039,0
09-09-2019,15919.40039,16030.4502,15883.59961,16023.9502,0
11-09-2019,15701.7998,15955.2002,15669.2998,15901.15039,0
12-09-2019,15583.25,15725.75,15525.15039,15674.2998,0
13-09-2019,15722.90039,15739.7002,15586.7002,15608.09961,0
16-09-2019,15743.15039,15854.15039,15602.59961,15774.4502,0
17-09-2019,15625.65039,15769.84961,15563.59961,15769.84961,0
18-09-2019,15702.2998,15731.0498,15584.09961,15649.0498,0
19-09-2019,15522.4502,15675.15039,15469.09961,15667,0
20-09-2019,15491.09961,15742.5498,15434.15039,15541.5498,0
23-09-2019,15040.65039,15611.7998,14735.5498,15611.7998,0
24-09-2019,15338.65039,15380.34961,15055.0498,15055.0498,0
25-09-2019,15379.90039,15471,15268.90039,15351.84961,0
26-09-2019,15312.90039,15456.84961,15208.40039,15374.5,0
27-09-2019,15236.40039,15412.90039,15214.2002,15297.7002,0
30-09-2019,15540.15039,15568.4502,15259.7998,15277.15039,0
01-10-2019,15300.25,15561.5,15240.9502,15559.65039,20800
03-10-2019,15277.9502,15417.25,15228.90039,15318.7998,0
04-10-2019,15340.2998,15418.7998,15285.15039,15328.40039,0
07-10-2019,15246.75,15472.34961,15226.7002,15368.15039,0
09-10-2019,15128.75,15317.15039,15051.34961,15305.09961,0
10-10-2019,15093.7998,15235.59961,15034.59961,15124.84961,0
11-10-2019,15321.90039,15388.9502,14865.09961,14871.4502,0
14-10-2019,15277.75,15338.59961,15147.7002,15202.2002,0
15-10-2019,15208.40039,15281.4502,15191.0498,15254.40039,0
16-10-2019,15344.9502,15373.34961,15213.2002,15223.5,0
17-10-2019,15281.90039,15313.90039,15160.2002,15257.9502,0
18-10-2019,15410.09961,15434.5498,15241,15271.9502,0
22-10-2019,14688.65039,15085.4502,14659.4502,15033.2998,0
23-10-2019,14833.34961,14911.2002,14566.5498,14640.84961,0
24-10-2019,14781.5,14970.34961,14756.5498,14956.65039,0
25-10-2019,14898.84961,14943.75,14720.84961,14883.40039,0
29-10-2019,15181.40039,15199.90039,14970.5,14980.15039,0
30-10-2019,15395.65039,15419.65039,15212.75,15343.7002,0
31-10-2019,15559.40039,15657.75,15417,15436.2998,0
01-11-2019,15471.2002,15636.2998,15411.7998,15575.34961,0
04-11-2019,15591.2998,15803.34961,15428.5,15474,0
05-11-2019,15533.4502,15613.09961,15422.7998,15613.09961,0
06-11-2019,15561.2998,15647.0498,15440.40039,15554.0498,0
07-11-2019,15624.40039,15639.7002,15532.15039,15635.5,24300
08-11-2019,15383.2998,15658.15039,15355.7002,15646.40039,0
11-11-2019,15308.5498,15354.0498,15228.7998,15343.25,0
13-11-2019,15240.9502,15374.0498,15192.2998,15307.90039,0
14-11-2019,15388.75,15410.2998,15217.2998,15292.90039,0
15-11-2019,15310.65039,15471.15039,15287.09961,15425.0498,0
18-11-2019,15295.25,15373.84961,15251,15326.7998,0
19-11-2019,15304.84961,15371.7998,15256.84961,15318.65039,0
20-11-2019,15318.5,15349.0498,15235,15349.0498,0
21-11-2019,15293.9502,15435.40039,15279.40039,15353.7002,0
22-11-2019,14995.90039,15220.0498,14931.34961,15216.5498,0
25-11-2019,15100.59961,15112.90039,14950.9502,15002.2002,0
26-11-2019,14922.15039,15212.65039,14867.4502,15174.65039,0
27-11-2019,15022.15039,15049,14946.5498,14957.5,0
28-11-2019,15121.7998,15136.2002,15042.65039,15069.15039,14700
29-11-2019,14998.0498,15147.25,14964.25,15132.9502,0
02-12-2019,14852,15070.65039,14819.40039,15056.84961,0
03-12-2019,14920.75,14956.4502,14808.40039,14870.90039,0
04-12-2019,15175.15039,15188.5498,14896.59961,14918.5,27200
05-12-2019,15367.5,15385.4502,15101.7998,15164.15039,28800
06-12-2019,15289.59961,15390.0498,15269.25,15383.4502,16900
09-12-2019,15157.15039,15322.5498,15136.25,15309.7002,18200
10-12-2019,14946.5498,15123.34961,14903.25,15120.0498,20100
11-12-2019,15130.2998,15147.34961,14963.65039,14972,23000
12-12-2019,14972.65039,15184.15039,14890.59961,15151.09961,27100
13-12-2019,15200.5498,15221.4502,14965.15039,14987.90039,30100
16-12-2019,15348.75,15446.25,15223.09961,15263.75,28600
17-12-2019,15637.15039,15670.34961,15387.2002,15417.5498,35700
18-12-2019,15710.65039,15835.7998,15649.15039,15680.5,46700
19-12-2019,15812.9502,15835.5,15654.7002,15741.2002,25100
20-12-2019,15844.5498,15890.9502,15781.25,15811.9502,30000
23-12-2019,15865.5,15936,15809.0498,15811.40039,15900
24-12-2019,15778.2002,15880.15039,15739.4502,15877.40039,16000
26-12-2019,15706.4502,15806.84961,15690.9502,15784.4502,17800
27-12-2019,15780.7002,15824.15039,15657.5,15740.40039,16700
30-12-2019,15775,15868.9502,15715.09961,15801.5,0
31-12-2019,15652.40039,15775.25,15634.5,15754.0498,19600
02-01-2020,15709.65039,15762.09961,15679.65039,15754.90039,15200
03-01-2020,15936.59961,16004.4502,15722.65039,15727.59961,26000
06-01-2020,15879.7998,16067.65039,15831.84961,15934.59961,24000
07-01-2020,15895.2002,15988.7002,15799.7998,15893.34961,24200
08-01-2020,15953.4502,15974.84961,15816.7998,15840.90039,27400
09-01-2020,15925.15039,16017.25,15857.25,15970.65039,27900
10-01-2020,15959.90039,16059.34961,15930.65039,16040.65039,20200
13-01-2020,16225.90039,16275.2002,16075.75,16135.5,61100
14-01-2020,16362.34961,16385.94922,16226.90039,16238.15039,34500
15-01-2020,16346.84961,16366.75,16217.09961,16354.2002,35200
16-01-2020,16381.65039,16423.84961,16277.25,16372.15039,26200
17-01-2020,16356.59961,16447.34961,16310.75,16396.5,20000
20-01-2020,16207.15039,16465.05078,16162.5,16389.59961,27100
21-01-2020,16175.2002,16221.5,16133.59961,16190.7998,17500
22-01-2020,16334.5498,16404.59961,16211.7998,16245.9502,26800
23-01-2020,16474.40039,16501.19922,16367.75,16380.59961,30000
24-01-2020,16472.75,16498.75,16356.9502,16410.5,21200
27-01-2020,16393.55078,16483.90039,16385.65039,16456.19922,13600
28-01-2020,16429.75,16448.05078,16320.59961,16442.84961,19700
29-01-2020,16479.30078,16577.94922,16452,16513.19922,22200
30-01-2020,16327.90039,16514.09961,16287.75,16509,18900
31-01-2020,16144.15039,16365.7998,16098.4502,16333.15039,26300
03-02-2020,16059.90039,16418.90039,16034.2998,16282,29000
04-02-2020,16350.84961,16377.4502,16155.7998,16174.7998,25200
05-02-2020,16448.55078,16463.59961,16283.25,16354.4502,21900
06-02-2020,16371.15039,16621.34961,16330.65039,16480.75,24000
07-02-2020,16470.15039,16493.25,16382.40039,16453,15700
10-02-2020,16431.94922,16522.40039,16306.25,16481.5,18000
11-02-2020,16452.30078,16512.09961,16409.15039,16482.40039,17000
12-02-2020,16538.09961,16599.05078,16419.44922,16462.25,18600
13-02-2020,16673.05078,16696.84961,16513.75,16578.75,18900
14-02-2020,16642.75,16828.19922,16624.25,16682.30078,19600
17-02-2020,16647.69922,16737.65039,16596.19922,16707.65039,0
18-02-2020,16748.75,16773.19922,16526.40039,16586.90039,20800
19-02-2020,16772.5,16882.44922,16754.25,16796.40039,16900
20-02-2020,16649.40039,16843.65039,16623.90039,16826.30078,20300
24-02-2020,16461.80078,16749.25,16416.84961,16642.75,23400
25-02-2020,16562.5,16642.40039,16443.25,16490.40039,25300
26-02-2020,16332.25,16539.25,16297.25,16497.15039,26800
27-02-2020,16123.7998,16258.65039,16053.7002,16244.9502,24500
28-02-2020,15212.9502,15788.4502,15156.7998,15726.15039,42900
02-03-2020,15427.65039,15722,15298,15355.0498,36500
03-03-2020,15723.2002,15793.09961,15495.7002,15615.0498,29600
04-03-2020,15864.2998,15919.9502,15612.75,15824.90039,32100
05-03-2020,15871.34961,16150.59961,15841.09961,15912.0498,26900
06-03-2020,15663.5,15699.9502,15443,15607.34961,26000
09-03-2020,14854.90039,15371,14705.40039,15333.5498,36800
11-03-2020,14681.40039,14823.7998,14356.09961,14524.15039,43300
12-03-2020,13384.84961,14231.9502,13317.65039,14177.40039,42900
13-03-2020,13539.09961,13835.34961,11624.84961,12561.9502,47400
16-03-2020,12451.34961,13078.65039,12355.15039,12963.7002,49500
17-03-2020,12099.25,12677.2002,11999.5498,12517.5,44100
18-03-2020,11753,12451.09961,11643.90039,12287.7998,45500
19-03-2020,11340,11698.2998,10991.25,11183.9502,52500
20-03-2020,12363.4502,12710.5498,11363.5,11382.40039,66400
23-03-2020,11179.59961,11602.4502,11108.65039,11328.25,44700
24-03-2020,11865.0498,12053.7998,11159.2998,11159.75,51300
25-03-2020,12233.34961,12514.25,11657.25,11856.90039,47600
26-03-2020,12535.59961,12751.5498,12306.34961,12496.9502,47100
27-03-2020,12569.09961,12949.59961,12403.84961,12778.15039,43300
30-03-2020,12318.7998,12774.59961,12152.9502,12152.9502,40800
31-03-2020,12763.65039,12930.7998,12466.59961,12681.75,38800
01-04-2020,12045.84961,12690.59961,11989.59961,12680.5,40900
03-04-2020,11680.0498,12146.9502,11621.2002,12129.84961,40600
07-04-2020,12588.9502,12647.40039,12132.2998,12147,39400
08-04-2020,12491.5498,12897.5,12437.75,12468.59961,40400
09-04-2020,12728.5498,12867.34961,12648.7998,12810.7998,36100
13-04-2020,12603.09961,12795.7002,12527.15039,12698.84961,28500
15-04-2020,12702.59961,12951.40039,12661,12792.4502,47900
16-04-2020,12463.59961,12605.40039,12205.90039,12430.2998,69400
17-04-2020,12649.25,12992.0498,12596.65039,12878.34961,46500
20-04-2020,12847.65039,12937.9502,12742.5498,12812.59961,39200
21-04-2020,12408.84961,12632.5,12375.7998,12513.65039,37300
22-04-2020,12571.2998,12619.4502,12322.9502,12393.90039,27600
23-04-2020,13128.2002,13199.75,12596.59961,12639.7998,39800
24-04-2020,12816.2002,13101.40039,12792.90039,13001.90039,32500
27-04-2020,13121.15039,13248.9502,12928.0498,12957.34961,40200
28-04-2020,13133.65039,13317.2002,13067.75,13301.9502,38800
29-04-2020,13424.9502,13470.7998,13144.7998,13250.59961,37600
30-04-2020,14108.40039,14212.09961,13750.25,13841.59961,61200
04-05-2020,13454.25,13700.25,13424.34961,13646.09961,48700
05-05-2020,13388.0498,13667.84961,13351.4502,13637.7998,35400
06-05-2020,13394.7002,13580.0498,13262.25,13437.2998,39800
07-05-2020,13292.7002,13489.5498,13268.40039,13408,48600
08-05-2020,13403.59961,13530.84961,13324,13509.4502,0
11-05-2020,13593.5498,13763.7998,13489.25,13521.59961,29800
12-05-2020,13687.75,13733.5,13480.75,13537.15039,32000
13-05-2020,13776.9502,13960.34961,13612.7998,13960.34961,26700
14-05-2020,13293.75,13483.7002,13246.7998,13396.0498,40100
15-05-2020,13196.34961,13375.7998,13108.40039,13375.4502,30500
18-05-2020,13314.40039,13408.7998,13109.9502,13278.25,35400
19-05-2020,13446.59961,13524.2002,13197.59961,13272.34961,28300
20-05-2020,13517.40039,13556.90039,13362.5498,13443.5,27900
21-05-2020,13647.90039,13732,13468.5,13495.40039,28500
22-05-2020,13842.65039,13902.7998,13571.65039,13622.25,37800
26-05-2020,13574.9502,13930.84961,13522.9502,13860.84961,28700
27-05-2020,13952.90039,14017.0498,13488.09961,13667.15039,40500
28-05-2020,14028.59961,14068.2998,13759.15039,13964.90039,41100
29-05-2020,14010.5,14080.5498,13762.9502,13893.40039,86600
01-06-2020,14307.09961,14431.34961,14140.84961,14155.65039,45100
02-06-2020,14422.40039,14492.2998,14269.7002,14358,34100
03-06-2020,14361.7002,14549,14317.2002,14507.25,40000
04-06-2020,14627.4502,14695.09961,14380.84961,14380.84961,44600
05-06-2020,14627.4502,14732.84961,14599.75,14715.90039,38700
08-06-2020,14894.59961,14990.25,14713.4502,14824.75,48700
09-06-2020,14737.84961,14983.2002,14712.2998,14869.40039,39000
10-06-2020,14842.0498,14882.59961,14690.90039,14774.7998,39400
11-06-2020,14619.4502,14840.65039,14585.4502,14823.9502,34700
12-06-2020,14402.75,14442.65039,14123.5498,14125.7998,35500
15-06-2020,14396.7002,14571.9502,14238.0498,14444.25,0
16-06-2020,14450.7998,14667.40039,14375.5,14634,0
17-06-2020,14478.4502,14559.5498,14382.9502,14418.7998,0
18-06-2020,14551.25,14623.9502,14443,14478.65039,0
19-06-2020,14499.7998,14625.7998,14422.4502,14532.7002,0
22-06-2020,14463.7002,14550.34961,14432.4502,14537.7998,27900
23-06-2020,14680.40039,14725.40039,14320.7002,14398.4502,45700
24-06-2020,14581.4502,14761.2002,14547.2002,14675.7002,36300
25-06-2020,14411.2002,14590.5,14383.59961,14486.40039,36300
26-06-2020,14994.65039,15086,14476.4502,14496.7002,77800
29-06-2020,14768,14979.2002,14737.4502,14874.2002,28100
30-06-2020,14754.2998,14854.40039,14692.4502,14812.7002,25900
01-07-2020,14732.15039,14842.84961,14704.5,14767.34961,19800
02-07-2020,15122.5498,15195.2002,14782.4502,14803.5,41200
03-07-2020,15285.90039,15336.84961,15148.5,15164.25,27200
06-07-2020,15464.9502,15580.5,15351.7002,15351.7002,31900
07-07-2020,15784.9502,15806.84961,15440.09961,15528.0498,51600
08-07-2020,15513.65039,15765.0498,15473.5,15765,28400
09-07-2020,15535.9502,15663.4502,15468.40039,15572.34961,26600
10-07-2020,15565.2002,15656.0498,15417.5,15471.7002,27600
13-07-2020,15819.2002,15885.5498,15624.7998,15643.09961,44800
14-07-2020,15640.5498,15941.65039,15611.84961,15779.5,42000
15-07-2020,16459.84961,16624.65039,15830.5,15853.7998,193800
16-07-2020,16926.05078,17491.15039,16715.75,16971.25,190500
17-07-2020,16821.34961,16975.19922,16693.34961,16936.94922,88200
20-07-2020,17258.30078,17376.15039,16849.15039,16880.34961,61200
21-07-2020,17273.19922,17514.05078,17219.69922,17453.34961,63700
22-07-2020,17076.05078,17321.69922,16978.40039,17317.30078,38300
23-07-2020,17045.19922,17082.55078,16949.15039,17071.80078,35700
24-07-2020,17286,17322.69922,16944.55078,16944.55078,75700
27-07-2020,17626.75,17735.65039,17290.55078,17323,65300
28-07-2020,18042.75,18103.65039,17634.40039,17647.90039,74600
29-07-2020,17880.5,18108.69922,17783.30078,17959.80078,45700
30-07-2020,18003.55078,18252.69922,17967.19922,17995.25,63700
31-07-2020,18071.84961,18353.5,17909.30078,18166.30078,47100
03-08-2020,17965.80078,18140.84961,17840.30078,18099.40039,33100
04-08-2020,17808,18092,17716.40039,18029.40039,0
05-08-2020,17869.80078,18139.25,17818.15039,17889.55078,35500
06-08-2020,18188.75,18222.80078,17943.84961,18009.69922,43900
07-08-2020,18004.15039,18182.30078,17977.69922,18182.30078,32100
10-08-2020,18159.55078,18205.25,18016.80078,18090.25,26000
11-08-2020,18057.09961,18331.65039,18036.5,18202.5,30800
12-08-2020,18066,18109.80078,17900,18077.15039,38900
13-08-2020,18107.19922,18344.05078,18032.90039,18141.34961,35300
14-08-2020,18022.65039,18230.09961,17994.65039,18137.30078,25700
17-08-2020,18223.59961,18306.94922,18103.30078,18136.65039,39300
18-08-2020,18270.34961,18375.15039,18209.55078,18318.59961,0
19-08-2020,18210.84961,18354.80078,18187.55078,18340,0
20-08-2020,18126.09961,18252.30078,18083.25,18181.40039,0
21-08-2020,18065.30078,18282.55078,18047.94922,18266.90039,0
24-08-2020,18010.94922,18112.90039,17915.59961,18092.55078,0
25-08-2020,17973.69922,18047.5,17914.5,18028.80078,0
26-08-2020,18128,18156.15039,17940.69922,18022.69922,0
27-08-2020,18102.65039,18305.55078,18075.75,18231.94922,0
28-08-2020,18122,18253.59961,18093.44922,18216.30078,0
31-08-2020,17928.84961,18426.40039,17791.84961,18163.25,0
01-09-2020,17814.05078,18154.40039,17775.65039,17954.59961,0
02-09-2020,18077,18114.84961,17858.30078,17860.65039,0
03-09-2020,18348.55078,18497.94922,18108,18148.25,0
04-09-2020,18073.94922,18259.80078,18012.80078,18049.19922,0
07-09-2020,18176.80078,18208.94922,17962.34961,18093.05078,28400
08-09-2020,18395.75,18671.75,18213.55078,18304.25,0
09-09-2020,18261.5,18439.55078,18193.44922,18264.19922,0
10-09-2020,18395.84961,18416.75,18217.09961,18385.94922,0
11-09-2020,18633.25,18740.84961,18338.09961,18347.65039,0
14-09-2020,19505.09961,19592.30078,18799.55078,18804.84961,0
15-09-2020,19627.30078,19823,19392.34961,19511.5,0
16-09-2020,19770.34961,19802.40039,19533.69922,19642.30078,0
17-09-2020,19817.69922,20014.65039,19605.05078,19660.44922,0
18-09-2020,19827.09961,20067.69922,19777.75,19889.94922,0
21-09-2020,19729,20331.59961,19683.84961,19855.55078,0
22-09-2020,19866.09961,20113.40039,19376.69922,19813.34961,0
23-09-2020,19805.65039,20226.30078,19615.15039,20016.80078,0
24-09-2020,18973.05078,19658,18914.69922,19630.30078,0
25-09-2020,19629.34961,19678.5,19077.84961,19108.75,0
28-09-2020,19783.05078,19836.94922,19463.65039,19774.75,0
29-09-2020,19831.80078,20146.34961,19782.34961,19891.05078,0
30-09-2020,19951.34961,20048.55078,19741.65039,19880.59961,0
01-10-2020,20110.40039,20196.05078,20009.30078,20129.80078,0
05-10-2020,20809,20940.90039,20341.44922,20375.90039,0
06-10-2020,20896.75,20995.30078,20573.90039,20995.30078,0
07-10-2020,21017.40039,21121.59961,20771.65039,20897.55078,0
08-10-2020,21697.25,22169.30078,21501.94922,21531.84961,0
09-10-2020,21837.65039,21922.75,21540.65039,21703.44922,0
12-10-2020,22202.09961,22320,21845.05078,21990.84961,0
13-10-2020,22492.59961,22619,22186.05078,22230.19922,0
14-10-2020,22204.05078,22490.30078,22129.94922,22475.84961,0
15-10-2020,21567.30078,22570.5,21364.15039,22473.65039,0
16-10-2020,21538.15039,21908.80078,21247.55078,21638.25,0
19-10-2020,21391.90039,21683.80078,21354.90039,21683.80078,0
20-10-2020,21694.34961,21779.80078,21346.05078,21397.5,0
21-10-2020,21577.65039,21892.30078,21406.09961,21757.05078,0
22-10-2020,21413.5,21767.05078,21290.44922,21480.69922,0
23-10-2020,21523.59961,21621.59961,21385.15039,21546.65039,0
26-10-2020,21265.69922,21595.80078,21148.65039,21493.30078,0
27-10-2020,21023.40039,21371.59961,20932.69922,21287.09961,0
28-10-2020,20810.30078,21194.75,20701,21121.90039,0
29-10-2020,20876.94922,20961.05078,20548.30078,20667.69922,0
30-10-2020,20916.84961,21197.30078,20797.5,20912.94922,0
02-11-2020,20732.30078,21012.44922,20669.34961,20964.15039,0
03-11-2020,20736,21017.94922,20679.65039,20792.25,0
04-11-2020,21104.55078,21468.44922,20765.80078,20769.90039,0
05-11-2020,21385.65039,21596,21284.59961,21383.69922,0
06-11-2020,21492.30078,21582.19922,21251.55078,21435.15039,0
09-11-2020,21820.15039,21926.90039,21620.55078,21751.65039,0
10-11-2020,20978.5,21633.09961,20862.69922,21633.09961,0
11-11-2020,21330.5,21365.65039,20967.80078,21029.25,0
12-11-2020,21363.34961,21610.05078,21291.69922,21380.19922,0
13-11-2020,21436.84961,21462,21219.80078,21305.34961,0
17-11-2020,21488.55078,21706.19922,21361.44922,21704.05078,0
18-11-2020,21314.84961,21557.09961,21153.84961,21519.15039,0
19-11-2020,21114.44922,21451.80078,21070.25,21285.75,0
20-11-2020,21409.25,21500.65039,21121.75,21275.34961,0
23-11-2020,22007.05078,22047.05078,21432.65039,21551.84961,0
24-11-2020,22064.30078,22281.84961,22016.94922,22099.59961,0
25-11-2020,21705.90039,22132.90039,21675.90039,22087.90039,0
26-11-2020,21859.90039,21919.15039,21544.05078,21717.40039,36600
27-11-2020,21764.90039,21972.94922,21697,21879.15039,0
01-12-2020,22170.90039,22216.44922,21814.40039,21921.09961,0
02-12-2020,22319,22371.55078,21961.44922,22149.34961,0
03-12-2020,22202.19922,22458.80078,22147.30078,22458.75,0
04-12-2020,22309.80078,22347.84961,22130.30078,22222.25,0
07-12-2020,22440.90039,22482.90039,22271,22333.30078,0
08-12-2020,22617.40039,22737.94922,22387.34961,22484.34961,0
09-12-2020,22803.44922,22895.5,22720.5,22799.94922,0
10-12-2020,22755.75,22809.55078,22606.59961,22693.94922,0
11-12-2020,22664,22901.75,22541.09961,22754.5,0
14-12-2020,22746.69922,22792.44922,22487.30078,22786,30500
15-12-2020,22715.09961,22779.69922,22608.34961,22656.34961,29900
16-12-2020,22906.25,22933.80078,22701.55078,22830.40039,0
17-12-2020,22892.25,22960.5,22835.40039,22913.15039,0
18-12-2020,23256.59961,23416.5,23148.5,23173.15039,0
21-12-2020,22844.59961,23506.69922,22458.15039,23233.5,0
22-12-2020,23611.59961,23680.90039,22745.25,22921.84961,0
23-12-2020,24167.75,24228.80078,23758.40039,23787.80078,0
24-12-2020,24009.25,24163.19922,23828.05078,24163.19922,0
28-12-2020,24100.30078,24192.05078,24037.80078,24065.40039,0
29-12-2020,24274.05078,24424.19922,24090.30078,24093.05078,0
30-12-2020,24330.05078,24394.75,24176.25,24312.5,0
31-12-2020,24251.34961,24295.19922,24137.80078,24255.94922,0
04-01-2021,25110.05078,25158.84961,24508.94922,24612.05078,0
05-01-2021,25769.15039,25824.15039,25029.84961,25057.65039,0
06-01-2021,25419.15039,26036.69922,25240.5,25841.30078,0
07-01-2021,25251.19922,25702.30078,25131.90039,25692.05078,0
08-01-2021,26162.40039,26227.5,25523.75,25558.30078,0
11-01-2021,27027.75,27095.75,26528,26703.19922,0
12-01-2021,26982.09961,27127.25,26805,27008,0
13-01-2021,27004.30078,27103.90039,26737.40039,27077.69922,0
14-01-2021,26965.55078,27176.5,26245.09961,26804.65039,0
15-01-2021,26362.80078,27037.65039,26301.40039,26939.69922,0
18-01-2021,25916.25,26423.59961,25830.40039,26395.59961,54400
19-01-2021,26043.5,26254.05078,25987.30078,26080.09961,41600
20-01-2021,26619.69922,26758.09961,26142.94922,26147.19922,0
21-01-2021,26450.15039,26872.94922,26321.80078,26808.5,0
22-01-2021,26489.75,26667.55078,26292.80078,26316.55078,0
25-01-2021,26023.30078,26685.80078,25911.80078,26607.65039,0
27-01-2021,25865.30078,26236.55078,25628.69922,26073.09961,0
28-01-2021,25301.25,25807.65039,25239.69922,25639.90039,0
29-01-2021,24645.75,25539.84961,24559.65039,25516.80078,0
01-02-2021,24922.69922,25139.15039,24308.90039,24709.25,0
02-02-2021,25447.80078,25574.75,25107.19922,25277.44922,38500
03-02-2021,25680.90039,25949.69922,25341.40039,25590.05078,35500
04-02-2021,25570.05078,25862.5,25505.25,25749.69922,0
05-02-2021,25331.59961,25733.5,25188.40039,25689.69922,0
08-02-2021,25915.59961,26028,25415.94922,25588.5,0
09-02-2021,25779.15039,26301.19922,25659.90039,25933.80078,0
10-02-2021,25885.30078,25941.05078,25570.19922,25779.90039,0
11-02-2021,26043.44922,26080.15039,25795.84961,25860.84961,0
12-02-2021,26093.80078,26455.05078,26012.25,26111.80078,0
15-02-2021,26001.09961,26279.30078,25959.09961,26243.09961,0
16-02-2021,25613.94922,26167.84961,25519.94922,26130.40039,0
17-02-2021,25282.94922,25672.25,25234.69922,25610.40039,0
18-02-2021,25618.55078,25686.84961,25262.65039,25270.94922,0
19-02-2021,25503.19922,25676,25292.65039,25634.94922,0
22-02-2021,24766.44922,25617.34961,24646.44922,25579.75,0
23-02-2021,24807.80078,25199.59961,24709.15039,24933.69922,0
24-02-2021,24779.40039,24872.34961,24518.69922,24814.55078,19700
25-02-2021,24872.44922,25199.80078,24830.69922,24979,34500
26-02-2021,24301.44922,24689,24212.80078,24611.19922,0
01-03-2021,24556.30078,24846.09961,24451.44922,24494.65039,0
02-03-2021,25301.84961,25435.40039,24770.34961,24809.69922,0
03-03-2021,25772.65039,25814.90039,25331.40039,25582.59961,0
04-03-2021,25631.84961,25981.34961,25450.44922,25471.69922,0
05-03-2021,25229.59961,25697.75,25113.44922,25504.69922,0
08-03-2021,25347.94922,25549.30078,25259.59961,25368.19922,0
09-03-2021,25582.34961,25685.80078,25095.34961,25388.80078,0
10-03-2021,26010.09961,26136.55078,25782.30078,25862.05078,0
12-03-2021,25888.25,26298,25819.90039,26060.44922,0
15-03-2021,26032.05078,26094.15039,25651.80078,25859.15039,0
16-03-2021,26363.84961,26602.65039,26111.09961,26132.44922,0
17-03-2021,26183.5,26657.09961,26113.75,26378.19922,0
18-03-2021,25373.34961,26395.94922,25012.5,26365.90039,0
19-03-2021,25562.75,25687.40039,25028.30078,25273.34961,0
22-03-2021,26035.34961,26102.80078,25418.44922,25649.05078,0
23-03-2021,26105.69922,26315.80078,25928,26105.69922,0
24-03-2021,25802.94922,26114.59961,25738.15039,25863.55078,0
25-03-2021,25237.09961,25766,25131.40039,25739.80078,0
26-03-2021,25385.09961,25687.05078,25276.59961,25475.30078,0
30-03-2021,26121.09961,26306.65039,25429.19922,25531.09961,44200
31-03-2021,25855,26130.59961,25788,26130.59961,0
01-04-2021,25980.40039,26289.09961,25855.34961,26039.84961,0
05-04-2021,26491.40039,26630.80078,25978.94922,26035.5,0
06-04-2021,26532.19922,26715.19922,26403.44922,26715.19922,0
07-04-2021,26831,26899.19922,26401.69922,26514.94922,0
08-04-2021,27148.40039,27413.55078,26845.84961,26899.5,0
09-04-2021,27367.05078,27520.09961,27109.94922,27322.05078,0
12-04-2021,26727.80078,27524.59961,26545.65039,27504.40039,0
13-04-2021,25851.30078,26759.19922,25513.40039,26737.69922,0
15-04-2021,26010.84961,26084.15039,25293.30078,25577,0
16-04-2021,26324.90039,26476.65039,26131.19922,26183.44922,0
19-04-2021,26236.90039,26524.65039,25875.90039,26012.40039,0
20-04-2021,25877.59961,26496.5,25736.44922,26495.59961,0
22-04-2021,25826.69922,26055,25718.59961,25902.59961,64600
23-04-2021,25609.09961,25926.05078,25531.94922,25746.44922,0
26-04-2021,25680.30078,25887.09961,25521.19922,25633.09961,0
27-04-2021,25815.75,25871.44922,25686.94922,25737.19922,0
28-04-2021,25962.09961,25992.5,25781.15039,25952.65039,0
29-04-2021,25874.30078,26162.19922,25827.15039,26162.19922,0
30-04-2021,25664.44922,26154.30078,25593.90039,25777.75,0
03-05-2021,25676.05078,25785.59961,25427.90039,25544.84961,26600
04-05-2021,25489,25801.25,25398.94922,25783.19922,27200
05-05-2021,25786.94922,25857.65039,25564.59961,25670.55078,0
06-05-2021,26258.69922,26387.65039,25639.59961,25868.25,0
07-05-2021,26269.44922,26454.09961,26180.25,26378.80078,0
10-05-2021,26273.44922,26390.80078,26106.34961,26340.59961,0
11-05-2021,26106.69922,26146.5,25968.09961,26098.90039,0
12-05-2021,25855.44922,26105.19922,25728.44922,26105.19922,0
14-05-2021,25588.19922,25901.19922,25461.94922,25896.19922,0
17-05-2021,25703.55078,25770.5,25499.44922,25650.44922,0
18-05-2021,25958.25,26094.09961,25840.55078,25898.90039,0
19-05-2021,25982.80078,26262.69922,25869.65039,25949.55078,0
20-05-2021,25894.5,26118.25,25821.55078,26075.40039,0
21-05-2021,26105.30078,26154,25936.59961,26012.84961,0
24-05-2021,26144.19922,26298.55078,26095.40039,26150.59961,0
25-05-2021,26393.90039,26550.55078,26241.15039,26275.44922,0
26-05-2021,26857.34961,26905.75,26380.5,26450.69922,0
27-05-2021,27164.80078,27350.25,26916.84961,26921.80078,0
28-05-2021,27122.80078,27278.69922,27041.90039,27238.09961,0
31-05-2021,27115.05078,27203.90039,26886.80078,27144.09961,0
01-06-2021,27144.40039,27254.15039,26953.5,27216.75,0
02-06-2021,26939.65039,27118.69922,26737.15039,27051.40039,0
03-06-2021,26987.90039,27159.94922,26855.19922,27088.44922,0
04-06-2021,26996.75,27167.5,26914.59961,27031.59961,0
07-06-2021,27295.65039,27330.40039,26997.80078,27078.40039,0
08-06-2021,27623.80078,27732.34961,27376.94922,27400.80078,0
09-06-2021,27539,27793.80078,27436.34961,27691.30078,0
10-06-2021,27798,27822.09961,27649.94922,27676.5,0
11-06-2021,28217.5,28347.5,27820.5,27866.25,0
14-06-2021,28314.09961,28467.34961,28134.65039,28371.90039,0
15-06-2021,28377.84961,28544.59961,28325.90039,28384.69922,0
16-06-2021,28448.84961,28600.19922,28241.25,28384.15039,0
17-06-2021,28611.34961,28714.59961,28343.05078,28355.15039,0
18-06-2021,28445.59961,28934.05078,28227.55078,28829.5,0
21-06-2021,28367,28393.05078,28083.75,28224.09961,0
22-06-2021,28523.55078,28656.40039,28396.5,28514.15039,0
23-06-2021,28258.5,28719.65039,28229.34961,28719.65039,0
24-06-2021,29048,29098.94922,28357.30078,28395.44922,0
25-06-2021,29210.55078,29284,28874.59961,29176.75,0
28-06-2021,29068.55078,29259.59961,28977.75,29259.59961,0
29-06-2021,28986.25,29183.84961,28934.15039,29049.65039,0
30-06-2021,29168,29311.55078,29036.94922,29057.15039,0
01-07-2021,29003.09961,29193.05078,28953.05078,29193.05078,15900
02-07-2021,29007.94922,29028.34961,28704,28983.5,16400
05-07-2021,28950.59961,29185.59961,28907.75,29117.44922,0
06-07-2021,28649.40039,28986.09961,28607.59961,28924,0
07-07-2021,28734.65039,28790.30078,28381.30078,28708.59961,0
08-07-2021,28749,28934.44922,28541.94922,28821.75,0
09-07-2021,28662.19922,28898.84961,28549.25,28669.19922,0
12-07-2021,28532.34961,28854.55078,28421.55078,28837.05078,0
13-07-2021,28439.75,28681.19922,28381.90039,28674.69922,0
14-07-2021,29339.84961,29376.90039,28534.84961,28581.25,0
15-07-2021,29718.05078,29835.90039,29284.80078,29303.34961,0
16-07-2021,29400.25,29734.75,29287.25,29734.75,0
19-07-2021,29264,29592.34961,29167.34961,29248.30078,0
20-07-2021,29252.5,29410.5,28992,29282.80078,0
22-07-2021,29779.94922,29808.44922,29335.69922,29335.69922,0
23-07-2021,29894.30078,30059.69922,29848.05078,29895.59961,0
26-07-2021,29940.40039,30139.19922,29859.59961,29886.19922,0
27-07-2021,29892.55078,30048.34961,29698.94922,29967.90039,0
28-07-2021,29954.15039,29993.55078,29510.34961,29934.05078,0
29-07-2021,30371.40039,30406,30037.09961,30037.19922,0
30-07-2021,30480.05078,30818.55078,30438.34961,30546.84961,0
02-08-2021,30803.05078,30832.30078,30547,30681.94922,0
03-08-2021,31165.84961,31196.44922,30872.34961,30974.75,0
04-08-2021,30977.15039,31338.80078,30895.44922,31296.80078,0
05-08-2021,31211.19922,31560.19922,30980.90039,31025.15039,0
06-08-2021,31303.30078,31460.30078,31057.59961,31251.19922,0
09-08-2021,31441,31685.40039,31324.75,31523.5,0
10-08-2021,31713.40039,31812.75,31431.15039,31489.94922,29900
11-08-2021,31670,31799.75,31522.40039,31767.90039,21200
12-08-2021,32245.09961,32289.84961,31667.34961,31667.34961,29100
13-08-2021,32678.80078,32821.89844,32264.15039,32308.84961,32200
16-08-2021,32577.94922,32905.35156,32438.25,32671.75,18000
17-08-2021,33414.75,33487.10156,32449.65039,32614,42300
18-08-2021,33448.89844,33840.44922,33268.60156,33482.85156,29400
20-08-2021,33351.35156,33652.39844,32949.89844,32954.19922,28500
23-08-2021,33919.80078,34153.39844,33567.35156,33582.14844,36600
24-08-2021,33838.39844,34262.60156,33634.75,34145.25,28600
25-08-2021,34083.94922,34399.85156,33764.10156,33887.75,25300
26-08-2021,34041.10156,34375.94922,33929.69922,34092.89844,21000
27-08-2021,34309.80078,34392.85156,33799.05078,34036.44922,26200
30-08-2021,34109.25,34480.14844,34027.5,34338.75,21200
31-08-2021,34570.25,34680.64844,34043.60156,34205.80078,40000
01-09-2021,34110.5,34780,34037.14844,34698.75,22300
02-09-2021,34680.30078,34846.89844,34051.89844,34218.25,27500
03-09-2021,34891.19922,34997.69922,34490.64844,34744.44922,20900
06-09-2021,35415.10156,35464.39844,34855.94922,34992.05078,27600
07-09-2021,34951.30078,35581.55078,34906.85156,35549.30078,19400
08-09-2021,34678.19922,34979.30078,34515.44922,34973.89844,22700
09-09-2021,34802.30078,34862.85156,34530,34676.19922,18000
13-09-2021,35129.60156,35242.5,34573.69922,34688.30078,21100
14-09-2021,35431.5,35476.89844,35020.69922,35224.25,20200
15-09-2021,36075.19922,36200,35375.35156,35462.35156,23100
16-09-2021,35852.44922,36310.75,35694.85156,36151.35156,19500
17-09-2021,35646.5,36131.25,35527,35915.39844,30300
20-09-2021,35400.05078,36130.55078,35346.19922,35462.39844,22500
21-09-2021,36086.05078,36127.80078,35332.85156,35609.10156,19600
22-09-2021,36422.44922,36713.14844,36145.94922,36154.05078,25700
23-09-2021,36816.89844,36867.44922,36532.44922,36691.94922,16700
24-09-2021,37103.25,37823.14844,37055,37128.75,39400
27-09-2021,36034.39844,37345.05078,35968.75,37335.89844,29900
28-09-2021,35239.94922,36082,34924.55078,36082,34200
29-09-2021,35282.64844,35578.30078,34733.94922,34894.89844,37000
30-09-2021,35028,35408.10156,34975.60156,35394.89844,25400
01-10-2021,34780.60156,35100.89844,34719.80078,34955.5,20000
04-10-2021,35126.14844,35184.55078,34778.25,34923.80078,16800
05-10-2021,35544.30078,35650.85156,34781.60156,34978.39844,20600
06-10-2021,35075.80078,35801.5,35003.05078,35689.55078,18500
07-10-2021,35703.85156,35903.94922,35233.30078,35323.60156,17800
08-10-2021,36402,36703.55078,35786.30078,35920.55078,31000
11-10-2021,35179.94922,35690.39844,34768.94922,35494.39844,43100
12-10-2021,34869.75,35294.14844,34512.80078,35179.19922,41100
13-10-2021,35285.60156,35324.44922,34872.39844,35053.69922,29400
14-10-2021,35744.85156,36412.44922,35571.39844,35921.44922,111700
18-10-2021,36306.35156,36400.60156,35863.39844,36012,58800
19-10-2021,37106.35156,37491.85156,36720,36841.60156,53800
20-10-2021,36846.80078,37463.89844,36534.5,37188.14844,37500
21-10-2021,35913.60156,36988.89844,35624.5,36988.89844,38300
22-10-2021,35394.64844,36297.19922,35098.19922,35892.64844,30400
25-10-2021,35005.39844,35521.05078,34529.85156,35467.10156,32100
26-10-2021,35162.35156,35699.85156,34957.75,35181.69922,40800
27-10-2021,35503.89844,35578,35163.05078,35245.05078,23600
28-10-2021,34913.60156,35575.64844,34787.10156,35575.64844,22600
29-10-2021,34408.75,35178.75,34288.55078,34820.30078,26900
01-11-2021,35290,35328.55078,34654.94922,34677.30078,19700
02-11-2021,35177.35156,35522.35156,35076.14844,35334.25,17700
03-11-2021,35177.10156,35525.75,35093.05078,35351.44922,15000
04-11-2021,35334.25,35452.35156,35302.44922,35403,2200
08-11-2021,35782.35156,35852.5,35177.94922,35606,22100
09-11-2021,35815.10156,36117.94922,35763.85156,35839.19922,18300
10-11-2021,35722.94922,35862.44922,35576.19922,35635.05078,15500
11-11-2021,35583.64844,35697,35141.30078,35626.64844,19600
12-11-2021,36332.30078,36378.05078,35732.75,35860.10156,23500
15-11-2021,36465.30078,36646.25,36302.94922,36391.10156,18700
16-11-2021,36643.89844,36794.25,36429.89844,36555.25,23800
17-11-2021,36660.89844,36835.94922,36431.25,36623.75,19700
18-11-2021,36007,36702.39844,35867.30078,36641.55078,22000
22-11-2021,35478.94922,36097,35224.55078,36097,24300
23-11-2021,35504.39844,35645.44922,34707.85156,35206,24100
24-11-2021,34966.25,35662.60156,34828.30078,35627.94922,20200
25-11-2021,35300.25,35365.75,34934.55078,34978,16900
26-11-2021,34606.14844,35190.10156,34512.60156,35024.69922,17400
29-11-2021,34870.75,35104.35156,33953.89844,34382.39844,21000
30-11-2021,35043.75,35654.19922,34918.60156,35018.89844,68200
01-12-2021,35429,35652.19922,35123.94922,35143,20200
02-12-2021,36157.85156,36195.64844,35418.25,35504.80078,23600
03-12-2021,35848.05078,36518.80078,35784.14844,36314.80078,22500
06-12-2021,34879.39844,35953.75,34828.14844,35835.44922,17500
07-12-2021,35272.30078,35384,34756.60156,35136.55078,16200
08-12-2021,35959.05078,36131.94922,35576.85156,35584.80078,18600
09-12-2021,35946.35156,36114,35573.35156,35963.69922,12400
10-12-2021,35939.60156,35974.75,35652.19922,35820.05078,11800
13-12-2021,36050.55078,36507.30078,35984.55078,36104.35156,20400
14-12-2021,36102.55078,36252.05078,35637.85156,35946.75,17400
15-12-2021,35737.19922,36060,35536.14844,36033.89844,13100
16-12-2021,36160.30078,36354.85156,35979.14844,36078.30078,18900
17-12-2021,36647.89844,37013.25,36497.94922,36704.19922,89100
20-12-2021,35916.44922,36598.35156,35559.30078,36411.85156,29300
21-12-2021,36627.14844,36970.55078,36147.60156,36159.19922,32300
22-12-2021,36989.14844,37014.75,36669,36853.85156,18900
23-12-2021,37362.85156,37528,37086.89844,37190.30078,18500
24-12-2021,37727.80078,37822.14844,37417.64844,37657.14844,34400
27-12-2021,37988.5,38029.30078,37431,37722.89844,19000
28-12-2021,38357.80078,38500.25,38164.44922,38184.60156,19000
29-12-2021,38274.64844,38484.89844,38181.89844,38269.10156,14200
30-12-2021,38658.80078,38897.60156,38153.35156,38231.14844,27100
31-12-2021,38701.05078,38861.10156,38468.39844,38708.14844,16300
03-01-2022,39123.80078,39286.35156,38752.55078,38752.60156,16700
04-01-2022,39370.69922,39446.69922,38828.60156,39243.5,19900
05-01-2022,38609.14844,39293.14844,38409.25,39261.55078,25200
06-01-2022,38009,38206.60156,37757.19922,38181.35156,25900
07-01-2022,38139.85156,38394.80078,38003.14844,38140.14844,21600
10-01-2022,38212.19922,38621.89844,37991.30078,38596.75,32800
11-01-2022,38605.44922,38664.39844,38138,38186.94922,26600
12-01-2022,38604.75,38902.80078,38424.75,38857.75,28100
13-01-2022,38607,38886.85156,38151.05078,38768.85156,61200
14-01-2022,38826.85156,38892.64844,38049.60156,38351.35156,35700
17-01-2022,38804.94922,38993.25,38486.35156,38764.64844,35400
18-01-2022,38091.75,38990.55078,38004.25,38830.14844,28100
19-01-2022,37281.69922,38011.89844,37236.14844,38011.89844,32700
20-01-2022,36662.19922,37249.05078,36512.5,37175,32000
21-01-2022,36054.60156,36579.64844,35836.64844,36354.30078,34500
24-01-2022,34821.60156,35969.85156,34563.19922,35934.19922,36400
25-01-2022,34707.44922,35065.80078,33956.55078,34490.35156,41900
27-01-2022,33475.05078,34362.85156,33251.69922,34338.10156,49300
28-01-2022,33851.94922,34473.5,33608.44922,33608.44922,48300
31-01-2022,34824.55078,34972.25,34440.30078,34519.30078,40400
01-02-2022,35371.64844,35435.5,34754.35156,35337.94922,29800
02-02-2022,35788.75,35845.30078,35278.55078,35556.5,32400
03-02-2022,35056.80078,35693.39844,34962.44922,35656.85156,21200
04-02-2022,35080.10156,35194.60156,34539.89844,34982.69922,21600
07-02-2022,34621.25,35148,34372.94922,34898,21600
08-02-2022,34521.55078,34862.10156,34189.64844,34687.85156,22700
09-02-2022,34983.30078,35052.64844,34707.64844,34741.85156,18600
10-02-2022,35341.85156,35379.85156,34994.75,35255.94922,17800
11-02-2022,34379.05078,34917.85156,34313.25,34889.44922,28100
14-02-2022,33880.64844,34466.64844,33666.25,33857.39844,29100
15-02-2022,34913.30078,35017.10156,34081.05078,34268.30078,22600
16-02-2022,34801.94922,35209.69922,34712.30078,35103.19922,21700
17-02-2022,34634.10156,35052.35156,34564.19922,35022.85156,18800
18-02-2022,34483.10156,34727.10156,34295.69922,34359.94922,21700
21-02-2022,34472.05078,34692.35156,33989.30078,34372,27100
22-02-2022,34129.55078,34287.19922,33600.44922,33678.35156,32900
23-02-2022,34114.30078,34430.94922,34042.69922,34385.10156,19900
24-02-2022,32547.90039,33396.25,32438.25,33077.64844,44300
25-02-2022,33476.94922,33678,33058.80078,33214.35156,27500
28-02-2022,33847.85156,33961.05078,32858.75,33180.35156,39200
02-03-2022,33720,33924.75,33484.60156,33748.39844,25400
03-03-2022,34130.30078,34410.69922,33887.55078,34032.19922,31900
04-03-2022,34177.69922,34504.85156,33462.19922,33720.64844,34400
07-03-2022,34135.89844,34435.60156,33499.35156,33524.60156,34500
08-03-2022,35055.55078,35162.94922,33977.89844,33977.89844,34100
09-03-2022,35440.55078,35726.25,35154.19922,35218.14844,35100
10-03-2022,35399.10156,35931.14844,35265.5,35931.14844,29000
11-03-2022,35348.69922,35478.35156,35148.10156,35203.80078,17400
14-03-2022,36028,36071.39844,35347.94922,35347.94922,28700
15-03-2022,35097.85156,36131.44922,34996.55078,36131.44922,26400
16-03-2022,35729.64844,35787.94922,35369.69922,35601.35156,20900
17-03-2022,35643.60156,36246.44922,35466.19922,36245.05078,42400
21-03-2022,35377.75,36135.5,35299.10156,35829.19922,26700
22-03-2022,36070.44922,36119.85156,35309.55078,35425.94922,25700
23-03-2022,36082,36362.94922,35883.10156,36251.85156,21300
24-03-2022,36516.75,36597.80078,35853.10156,35872.55078,16600
25-03-2022,36152.30078,36710.5,35914.80078,36630.19922,17500
28-03-2022,36026.05078,36207.75,35669.60156,36108.5,18400
29-03-2022,36146.75,36256.30078,35982.94922,36075.44922,17500
30-03-2022,36463.55078,36519.75,36244.44922,36493.10156,26800
31-03-2022,36317.19922,36663.19922,36164.89844,36517.94922,21700
01-04-2022,36343.39844,36424.60156,36039.64844,36228.25,18600
04-04-2022,36442.89844,36526.75,36130.35156,36347.55078,18800
05-04-2022,36466.55078,36813.10156,36423.5,36534.94922,22100
06-04-2022,35871.5,36371.89844,35781.5,36371,19000
07-04-2022,35423.25,35817.44922,35379.19922,35744.64844,24700
08-04-2022,35394.44922,35679.30078,35219.64844,35599.30078,21400
11-04-2022,34895.89844,35443.80078,34832.85156,35429.64844,29900
12-04-2022,34379.5,34747.75,34204.10156,34683.85156,26600
13-04-2022,34354.80078,34591,34231.80078,34553.10156,18500
18-04-2022,32780.05078,33366.14844,32600.90039,33174.55078,57300
19-04-2022,31804.19922,33108.64844,31569.34961,33108.64844,38800
20-04-2022,32173.40039,32306.34961,31718.15039,32030.75,27900
21-04-2022,32611.59961,32700,32145.30078,32399.59961,26500
22-04-2022,32426.69922,32748.84961,32186.40039,32287.84961,30100
25-04-2022,31744,32130.44922,31637.44922,32103.19922,22500
26-04-2022,31840.05078,32141.44922,31683.19922,32088.94922,19500
27-04-2022,31594.34961,31689.84961,31276.15039,31689.84961,26900
28-04-2022,31914.34961,32156.30078,31468.15039,31858.5,28000
29-04-2022,31622.40039,32212.90039,31541.34961,32135.90039,33500
02-05-2022,31138.80078,31409.65039,30940.65039,31377.34961,37000
04-05-2022,30794.59961,31452.80078,30663.40039,31260.40039,25000
05-05-2022,31432.44922,31470.15039,31117.5,31215.69922,21100
06-05-2022,30719.44922,30881.09961,30278.84961,30803.75,31900
09-05-2022,30733.30078,30934.44922,30019.80078,30490.94922,31400
10-05-2022,30427.19922,30785.94922,30343.09961,30635,22900
11-05-2022,30050.25,30548.55078,29669.25,30425.55078,29100
12-05-2022,29756.84961,30184.34961,29497.25,29744.5,26400
13-05-2022,29624.84961,30115.05078,29539.05078,30062.80078,24100
16-05-2022,29403.5,29875.25,29278.34961,29680.65039,18000
17-05-2022,30218.75,30313.90039,29339.65039,29503.30078,23400
18-05-2022,30077.69922,30823.15039,30045.65039,30367.5,27900
19-05-2022,28352.15039,29495.15039,28193.59961,29448.44922,45400
20-05-2022,28789.40039,28897.44922,28577.65039,28884.75,26500
23-05-2022,29079.30078,29308.25,28604.69922,28861.34961,22000
24-05-2022,28531.5,29141.55078,28425.40039,29123.59961,23400
25-05-2022,27566.09961,28479.34961,27423.80078,28470.90039,33600
26-05-2022,27932.55078,28040.25,27516.40039,27729.15039,31500
27-05-2022,28641.59961,28728.30078,28210.80078,28302.30078,25700
30-05-2022,29753.30078,29837.65039,29069,29084.09961,28000
31-05-2022,29679.05078,29807.34961,29294.34961,29609.09961,55300
01-06-2022,29260.75,29829.75,29148.55078,29822.15039,22400
02-06-2022,29792.40039,29875.34961,29197.90039,29249.80078,24100
03-06-2022,29903.80078,30559,29858.15039,30169.94922,33100
06-06-2022,29819.80078,29972.84961,29281.44922,29750.69922,22400
07-06-2022,29351.69922,29650.55078,29243.90039,29593.44922,14300
08-06-2022,29472.15039,29588.40039,29155.59961,29519.65039,14200
09-06-2022,29761.55078,29802.80078,29062.19922,29254.40039,14100
10-06-2022,29114.30078,29350.59961,29022.75,29299.5,23600
13-06-2022,27914.59961,28443.84961,27792.09961,28419.84961,22900
14-06-2022,27953.34961,28249.59961,27502.05078,27626.19922,25900
15-06-2022,27812.44922,28131.15039,27786.65039,28017.94922,18600
16-06-2022,27136.44922,28224.5,27067.44922,28191.84961,29200
17-06-2022,26732.44922,26993.55078,26399.75,26866.59961,50900
20-06-2022,26966.19922,27112.65039,26544.80078,26819.44922,22800
21-06-2022,27810.65039,27895,27137.90039,27202.90039,23000
22-06-2022,27488.40039,27824.05078,27426.05078,27656.30078,25100
23-06-2022,28027.80078,28100.05078,27532.75,27532.75,26700
24-06-2022,27777.80078,28361.19922,27631.44922,28261,24600
27-06-2022,28345.94922,28588.69922,28251.40039,28293.19922,22500
28-06-2022,28509.09961,28602.05078,27983.59961,28218.5,19200
29-06-2022,28140.09961,28446.44922,28046.75,28105.69922,25400
30-06-2022,27843.34961,28325.65039,27775.75,28131.94922,27100
01-07-2022,28064.25,28151,27524.30078,27718.80078,17400
04-07-2022,27890.65039,28174.40039,27643.65039,28084.25,16500
05-07-2022,27695.15039,28233.05078,27642.59961,28020.30078,22700
06-07-2022,28007.59961,28148.90039,27628.55078,27778.65039,19400
07-07-2022,28196.34961,28459.25,28077.05078,28217.80078,17500
08-07-2022,28250.30078,28459.55078,28095.34961,28450.55078,18400
11-07-2022,27380.55078,27941.19922,27195.65039,27855.75,31000
12-07-2022,27063.75,27504.40039,27022.84961,27248.19922,22900
13-07-2022,26949.75,27247.44922,26872.75,27228.94922,32800
14-07-2022,26523.30078,27162.90039,26298,27155,29800
15-07-2022,26484.75,26734,26189.40039,26664.30078,34100
18-07-2022,27322.94922,27376.19922,26785.80078,26801.75,28800
19-07-2022,27346.15039,27399.5,27065.80078,27071.80078,23300
20-07-2022,28146.34961,28175.5,27631.40039,27701.05078,35900
21-07-2022,28342.90039,28369.94922,27848.75,28116.55078,42400
22-07-2022,28168.15039,28549.25,27862.05078,28429.55078,27400
25-07-2022,28216,28320.84961,27890.65039,28006.65039,23800
26-07-2022,27418.84961,28157.5,27383.94922,28157.5,29900
27-07-2022,27878.80078,27908.25,27339.94922,27420.65039,19700
28-07-2022,28663.05078,28703.40039,28170.44922,28225.09961,27400
29-07-2022,29152.30078,29355,28909.15039,28983.25,31500
01-08-2022,29220,29376.65039,28928.94922,29376.65039,16500
02-08-2022,29024.65039,29153.05078,28871.19922,29131.09961,21400
03-08-2022,29416.94922,29453.34961,28929.90039,29002.30078,25600
04-08-2022,29782.90039,29972.34961,29278.15039,29694.05078,30900
05-08-2022,29973.55078,30080.19922,29799.19922,29891.84961,20200
08-08-2022,29967.69922,30036.75,29694.15039,29999.15039,15200
10-08-2022,29701.15039,30013.44922,29456.80078,30013.44922,19600
11-08-2022,30233.69922,30388.90039,30073.94922,30164.19922,18800
12-08-2022,29885.90039,30195,29819.15039,30184.94922,15100
16-08-2022,29909,30141.34961,29826.25,30130.90039,0
17-08-2022,30256.90039,30328.15039,29784.15039,29917.34961,22100
18-08-2022,30018.90039,30166.09961,29857.65039,30148.80078,22300
19-08-2022,30036.09961,30474.65039,29943.90039,30095.44922,25500
22-08-2022,29478.90039,29881.75,29430.94922,29847.34961,19900
23-08-2022,28957.84961,29188.90039,28714.15039,29041.59961,25300
24-08-2022,28859.84961,29120.30078,28762.44922,28981.34961,13500
25-08-2022,28608.65039,29081.75,28561.80078,29061.55078,18200
26-08-2022,28691.59961,29067.55078,28638.94922,28862.34961,14900
29-08-2022,27678.94922,27773.09961,27333.05078,27648.09961,35900
30-08-2022,28407.90039,28466.80078,27831.34961,27971.94922,30100
01-09-2022,27846.80078,28020,27710.05078,27987.34961,28400
02-09-2022,27745.80078,28085.34961,27717.15039,28083.30078,17000
05-09-2022,27836.59961,27978.80078,27669.40039,27727,20000
06-09-2022,27742.80078,27967.09961,27580.34961,27884.84961,21200
07-09-2022,27832.40039,27917.80078,27487.69922,27500.5,17900
08-09-2022,28102.40039,28206.59961,27959.65039,28109.69922,19800
09-09-2022,28724.05078,28848.40039,28127.44922,28343.80078,21500
12-09-2022,29131.19922,29296.19922,28932.05078,28975.90039,23700
13-09-2022,29116.84961,29344.90039,29062.59961,29334.05078,18100
14-09-2022,28137.65039,28284.05078,28040.30078,28215.75,43300
15-09-2022,27734.34961,28265.75,27684.40039,28232.84961,28100
16-09-2022,26706.44922,27575.55078,26632.94922,27530.59961,50200
19-09-2022,26810.15039,27034,26506.90039,26882.65039,22600
20-09-2022,27020.59961,27370.34961,26969.55078,27079.15039,19600
21-09-2022,26843.25,27020.5,26805.44922,26896.80078,25900
22-09-2022,26782.65039,27009.05078,26552.44922,26659.05078,27300
23-09-2022,26592.34961,27063.5,26560.94922,26715.65039,27900
26-09-2022,26743.65039,27049.19922,26186.69922,26431.90039,31600
27-09-2022,27004.15039,27101.09961,26682.15039,26922.5,27400
28-09-2022,27067.65039,27243.19922,26773.80078,26778.84961,22600
29-09-2022,26819.05078,27300,26721.94922,27273.90039,25000
30-09-2022,26981.15039,27091,26453,26713.05078,27600
03-10-2022,26729.09961,27011.5,26597.55078,26950.05078,16700
04-10-2022,27496.94922,27530.80078,27106.5,27163.34961,22500
06-10-2022,27928.75,28009.30078,27726.05078,27734.84961,22200
07-10-2022,27733.59961,27972.75,27656.65039,27874.84961,14900
10-10-2022,28027.59961,28097.59961,27259.40039,27259.40039,23400
11-10-2022,27469.5,28313.30078,27400.05078,28065.15039,36400
12-10-2022,27694.65039,27752,27416.69922,27609.65039,20500
13-10-2022,27506.19922,27705.25,27346.5,27625.75,61300
14-10-2022,27954.05078,28371.30078,27842.69922,28221.05078,44900
17-10-2022,28019.15039,28128.84961,27798.69922,27903.34961,19000
18-10-2022,28315.19922,28402.94922,28211.55078,28342.5,24100
19-10-2022,28060.34961,28376.69922,28007.05078,28370.5,15200
20-10-2022,28432.19922,28462.25,27901.05078,27905.59961,19700
21-10-2022,28336.94922,28476.15039,28207.30078,28428.40039,14700
24-10-2022,28534.30078,28663.65039,28504.55078,28632.84961,3800
25-10-2022,28722.84961,28820.15039,28544.65039,28687.90039,16500
27-10-2022,28572.19922,28827.44922,28403.30078,28787.09961,22300
28-10-2022,28318.34961,28629.55078,28267.19922,28567.65039,13800
31-10-2022,28727.59961,28843.15039,28573.25,28588.69922,16000
01-11-2022,29270.65039,29296.15039,28874.65039,28924.25,21500
02-11-2022,29138.65039,29307,29023.5,29299.40039,15600
03-11-2022,28795.75,28969.19922,28643.5,28866.34961,16600
04-11-2022,28693.05078,28757.94922,28425.59961,28756.75,15700
07-11-2022,28741.30078,28944.19922,28480.65039,28815.94922,16300
09-11-2022,28626.80078,28940.40039,28505.30078,28940.40039,14000
10-11-2022,28505.75,28667.84961,28284.65039,28287.84961,14500
11-11-2022,29591.94922,29733.15039,29163.75,29182.34961,37800
14-11-2022,29849.30078,29945.15039,29610.55078,29709.75,21700
15-11-2022,29865.30078,29926.15039,29531.65039,29789.84961,17000
16-11-2022,29951.5,30125.19922,29812.90039,29920.65039,18100
17-11-2022,29681.40039,29838.59961,29610.09961,29810.44922,14000
18-11-2022,29669.25,29890.5,29398.94922,29739.19922,15000
21-11-2022,29209.55078,29576.15039,29153.90039,29520.15039,13000
22-11-2022,29446.90039,29478,29020.34961,29195.69922,15000
23-11-2022,29405.65039,29592.05078,29365.25,29574.65039,13100
24-11-2022,30178.65039,30258,29464.75,29507.55078,20800
25-11-2022,30334.59961,30400.34961,29981.15039,30233.90039,18600
28-11-2022,30309.65039,30619.65039,30152.84961,30207.75,18400
29-11-2022,30345.65039,30568.34961,30228.09961,30242.40039,13300
30-11-2022,30391.69922,30499.34961,30133.94922,30274.5,34400
01-12-2022,31120.5,31227.59961,30723.25,30749.44922,30800
02-12-2022,31052.09961,31135.19922,30869.69922,31097.55078,22900
05-12-2022,30891.5,31104.09961,30750.55078,31052,17100
06-12-2022,30443,30690.40039,30323.94922,30656.19922,17000
07-12-2022,30187.05078,30337.30078,30091.19922,30319.25,15200
08-12-2022,30115,30226.55078,29983.40039,30175.84961,14400
09-12-2022,29168.44922,30196.25,29038.59961,30196.25,36300
12-12-2022,29050.5,29183.80078,28661.09961,28940.94922,22600
13-12-2022,29376.55078,29421.09961,28993.80078,29103.5,17100
14-12-2022,29713.90039,29810.34961,29503.09961,29546.94922,18400
15-12-2022,29087.94922,29615.94922,29039.25,29609.59961,20500
16-12-2022,28702.19922,29131.84961,28623.65039,28805.94922,32700
19-12-2022,28556.44922,28698.25,28374.44922,28567.69922,19000
20-12-2022,28612.5,28644.09961,28109.15039,28464.84961,19300
21-12-2022,28764.25,28958.15039,28658.69922,28742.30078,19500
22-12-2022,28763.90039,29022.30078,28629.84961,28973.34961,18200
23-12-2022,28237.05078,28603.59961,28179.55078,28442.80078,19000
27-12-2022,28636.25,28685,28333.80078,28551.75,12800
28-12-2022,28583.44922,28715.30078,28346.25,28495.75,13400
29-12-2022,28687.19922,28724.75,28386.65039,28408.30078,16200
30-12-2022,28621.69922,29027,28564.75,28887.80078,15500
02-01-2023,28737.30078,28777.59961,28474.69922,28681.55078,1084494200
03-01-2023,28962.30078,29032.40039,28636.40039,28713.69922,14200
04-01-2023,28677.80078,28925.44922,28600.75,28912.59961,17300
05-01-2023,28527.75,28803.05078,28386,28803.05078,21300
06-01-2023,27956.44922,28507.15039,27908.75,28466.90039,18900
09-01-2023,28748.15039,28780,28134.05078,28134.05078,26300
10-01-2023,28502.69922,28661.69922,28242.90039,28627.80078,19600
11-01-2023,28596.34961,28946,28460,28550.65039,19400
12-01-2023,28720.30078,28832.59961,28509.5,28722.44922,21500
13-01-2023,28933.75,29060.94922,28292.30078,28717,34600
16-01-2023,29264.65039,29327.90039,28895.40039,29037.05078,30100
17-01-2023,29498,29518.84961,29259.09961,29291.15039,22500
18-01-2023,29617.80078,29715.80078,29541.94922,29580.25,25500
19-01-2023,29632.34961,29714.94922,29396.05078,29487.5,19700
20-01-2023,29529.65039,29783.80078,29479.69922,29574.44922,24000
23-01-2023,30086,30124.05078,29505.5,29620.25,18300
24-01-2023,30316.90039,30499.75,30151.55078,30220.5,23100
25-01-2023,30043.90039,30231.40039,30004.75,30208.09961,14000
27-01-2023,29766.44922,30234.34961,29542.44922,30052.69922,19800
30-01-2023,30094.84961,30224.5,29606.34961,29842.69922,21200
31-01-2023,29740.34961,30172.75,29556.30078,30163.19922,29500
01-02-2023,30018.25,30083.40039,29659,29885.94922,17600
02-02-2023,30566.75,30610.09961,30107.09961,30124.90039,23900
03-02-2023,30597.65039,30849.59961,30417.90039,30839.05078,20000
06-02-2023,30411.09961,30534.69922,30186.69922,30502.90039,14200
07-02-2023,30310.69922,30544.09961,30250.75,30429.75,13700
08-02-2023,30774.05078,30938.40039,30415.59961,30415.59961,21900
09-02-2023,30990.84961,31012.94922,30665.44922,30769.80078,15900
10-02-2023,30870.19922,30900.15039,30636.40039,30839.25,13800
13-02-2023,30289.65039,30792.84961,30238.05078,30790.19922,20400
14-02-2023,30588.75,30759.44922,30457.40039,30481.5,16900
15-02-2023,30934.34961,30959.30078,30324.19922,30512,17300
16-02-2023,31434.84961,31587.34961,31024.15039,31042.30078,32200
17-02-2023,31054.84961,31218.25,30963.05078,31147.09961,15800
20-02-2023,31222.34961,31405.30078,30961.94922,31056.05078,15900
21-02-2023,30947.25,31393,30911.05078,31318.34961,13400
22-02-2023,30608.19922,30815.90039,30503.34961,30621.09961,14900
23-02-2023,30598.40039,30899.40039,30497.55078,30759.59961,15700
24-02-2023,30514.90039,30859.69922,30445.90039,30732.44922,11300
27-02-2023,29919.19922,30345.5,29667.09961,30338.69922,15700
28-02-2023,29663.94922,30294.44922,29608.94922,29986.19922,46200
01-03-2023,30097.75,30121.65039,29712.80078,29722.15039,14100
02-03-2023,29717.44922,29936.40039,29618.59961,29883.09961,15800
03-03-2023,29817.05078,29988.55078,29774.05078,29968.75,14800
06-03-2023,30179.75,30340.94922,30032.05078,30048.69922,19000
08-03-2023,30065.75,30096.69922,29729.25,29944.19922,15000
09-03-2023,29742.34961,30096.59961,29712,30090.25,14000
10-03-2023,29545.5,29584.44922,29324,29418.59961,11300
13-03-2023,29267,30051.59961,29187.09961,29695,31200
14-03-2023,28784.69922,29402.25,28638.90039,29281.25,25500
15-03-2023,28716.5,29179.5,28689.40039,29080.34961,19100
16-03-2023,28517.25,28746.34961,28400.34961,28694.30078,18800
17-03-2023,28854.44922,29120.75,28721.09961,28737.69922,31800
20-03-2023,28442.94922,28744.30078,28209.05078,28732.84961,22400
21-03-2023,28164.84961,28552,28124.25,28455.65039,21600
22-03-2023,28217.59961,28549,28148.40039,28375.90039,0
23-03-2023,27999.25,28116.44922,27843.25,28065.80078,19300
24-03-2023,27935.65039,28453.84961,27869.5,28208.34961,19400
27-03-2023,27948.75,28193.59961,27818.25,27985.65039,13400
28-03-2023,27702.80078,28090.75,27674.69922,27998.30078,19000
29-03-2023,28011.30078,28113.94922,27639.65039,27777.94922,23500
31-03-2023,28698.59961,28741.59961,28277,28379.75,22600
03-04-2023,28633,28841.59961,28449.25,28841.59961,13100
05-04-2023,28977.19922,29032.65039,28506.69922,28520,21500
06-04-2023,28764.55078,29004.80078,28666,28876.19922,16900
10-04-2023,29041.59961,29086.40039,28739.40039,28810.84961,12600
11-04-2023,28675.75,29095.44922,28530.5,29051.75,17700
12-04-2023,28980.34961,29031.05078,28578.09961,28773.40039,16300
13-04-2023,28342.80078,28736.69922,28230,28713.65039,27400
17-04-2023,27008.19922,27076.15039,26184.44922,27059.15039,84900
18-04-2023,27166.94922,27189.40039,26851.69922,27189.40039,28100
19-04-2023,26687.44922,27193.09961,26640.19922,27174.59961,26900
20-04-2023,26637.15039,26868.90039,26597.94922,26694.09961,19800
21-04-2023,26822.09961,26835.69922,26602.80078,26701.69922,27000
24-04-2023,27013.65039,27034.90039,26721.5,26910.69922,24400
25-04-2023,26985.80078,27082.09961,26820.69922,27028.80078,18000
26-04-2023,27065,27158.75,26977.55078,27007.55078,16600
27-04-2023,27355.25,27378.09961,27024.15039,27079,24400
28-04-2023,27708.19922,27743,27388.80078,27401.94922,39000
02-05-2023,28025,28154.09961,27756,27792.69922,26000
03-05-2023,27743.75,27883.44922,27693.30078,27872.40039,16100
04-05-2023,27883.19922,27912.5,27685.55078,27716.55078,14100
05-05-2023,27719.94922,27915.25,27634.84961,27905.34961,14900
08-05-2023,27920.94922,27947,27735.15039,27837.30078,14900
09-05-2023,28125.5,28168.44922,27910.65039,27961,15500
10-05-2023,28091.75,28236.84961,27998.94922,28220.44922,14700
11-05-2023,28102,28348.34961,28039.19922,28298.25,16100
12-05-2023,28028.40039,28164.44922,27874.09961,28070.84961,15500
15-05-2023,28165.40039,28323.55078,27957.5,28083.75,13700
16-05-2023,28216,28421.05078,28178.69922,28252.75,12300
17-05-2023,27942.94922,28300.09961,27776.80078,28197.80078,22400
18-05-2023,27892.55078,28137.69922,27858.75,28125.44922,13800
19-05-2023,28303.65039,28369.40039,28007.05078,28063.34961,22900
22-05-2023,29007.30078,29062.05078,28294.25,28357.59961,22200
23-05-2023,28873.69922,29319.90039,28830,29076.5,20800
24-05-2023,28890.80078,28959.34961,28655,28721.15039,14800
25-05-2023,28928.75,28970.94922,28686.19922,28854.94922,16200
26-05-2023,29355.90039,29384.84961,28975.94922,28975.94922,17500
29-05-2023,29240.19922,29659.59961,29200.25,29629.75,13600
30-05-2023,29297.65039,29405.19922,29172.69922,29253.5,17300
31-05-2023,29319.75,29495.05078,29212.5,29248.05078,46000
01-06-2023,29446.25,29599.09961,29382.05078,29455.34961,13600
02-06-2023,29328.15039,29550.15039,29272.55078,29485.84961,21200
05-06-2023,29238.75,29533.40039,29217.34961,29459.15039,14800
06-06-2023,28689.05078,29013.90039,28485.84961,29003.5,27300
07-06-2023,28913.69922,28937.94922,28754.84961,28886.69922,16900
08-06-2023,28591.09961,28918.05078,28568.59961,28892.65039,19000
09-06-2023,28355.34961,28674.44922,28322.15039,28645.69922,19100
12-06-2023,28784,28844.30078,28402.55078,28457.44922,18200
13-06-2023,28899.30078,28974.15039,28866.19922,28935.90039,17900
14-06-2023,28855.05078,28928.65039,28666.90039,28896.25,18300
15-06-2023,28699,28833.25,28645.80078,28824.59961,27900
16-06-2023,28588.80078,28759.40039,28441.05078,28671.09961,42600
19-06-2023,28708.30078,28750.69922,28568.55078,28641.44922,16300
20-06-2023,28930.80078,28966.94922,28640.30078,28728.5,20000
21-06-2023,29025.69922,29084.44922,28869.80078,29022.69922,15600
22-06-2023,28811.15039,28977.90039,28750.40039,28969.15039,17600
23-06-2023,28554.30078,28752.5,28482.15039,28747.59961,18300
26-06-2023,28590.09961,28631.75,28451.15039,28539.80078,12100
27-06-2023,28800.15039,28821.84961,28630.44922,28681.94922,11700
28-06-2023,28843,28997.34961,28778.15039,28945,16000
30-06-2023,29563,29594.19922,28957.15039,29013.15039,28000
03-07-2023,29424.80078,29718.94922,29334.40039,29648.40039,19300
04-07-2023,29729.84961,29743.34961,29444.80078,29557.55078,19000
05-07-2023,29841.84961,29910.34961,29702.65039,29910,21300
06-07-2023,29805.19922,29848.05078,29690.25,29792.09961,18400
07-07-2023,29560.44922,29937.75,29508.84961,29654.25,18800
10-07-2023,29194.75,29609.84961,29116.30078,29609.84961,15800
11-07-2023,29324.80078,29371.5,29092.69922,29299.30078,20100
12-07-2023,29118.05078,29424.75,29020.19922,29412.5,24400
13-07-2023,29628.19922,29903.65039,29115.69922,29158.55078,39800
14-07-2023,30945.5,31017.55078,29847.05078,29860.55078,53600
17-07-2023,31041.59961,31658.09961,30805,31007.59961,51100
18-07-2023,31371.15039,31491.75,30865.84961,31089.90039,37100
19-07-2023,31353.55078,31653.84961,31068.15039,31490.44922,30000
20-07-2023,31145.94922,31348.59961,30960.75,31292.34961,20500
21-07-2023,29871.05078,30338.09961,29701.19922,29854.25,78300
24-07-2023,29843.44922,30112.90039,29807.15039,29993.84961,21700
25-07-2023,29761.15039,29921.40039,29685.40039,29899,18000
26-07-2023,29800.40039,29988.90039,29770.19922,29854.40039,16000
27-07-2023,29745,29895,29670.5,29826,36200
28-07-2023,29490.25,29829.75,29339.34961,29741.15039,19400
31-07-2023,29928.44922,29951.59961,29452.34961,29605.5,22500
01-08-2023,30288.65039,30348.75,29948,29998.15039,20700
02-08-2023,30043.59961,30259.40039,29801.55078,30253.09961,19300
03-08-2023,29971.15039,30054.34961,29685.15039,29913.65039,17300
04-08-2023,30436.09961,30555.80078,30027.30078,30082.55078,22500
07-08-2023,30779.25,30809,30451.34961,30582.44922,15000
08-08-2023,30824.94922,30910.55078,30670.15039,30817.25,22500
09-08-2023,30940.05078,30964.69922,30590.55078,30772.5,17000
10-08-2023,30867,30967.75,30722.19922,30845.65039,16900
11-08-2023,30819.15039,31164.30078,30764.5,30950.30078,23300
14-08-2023,31028.90039,31058.90039,30570.5,30755.80078,13700
16-08-2023,31212.09961,31304.75,31047,31129.30078,0
17-08-2023,31060.19922,31238.25,30885.40039,31205.30078,17300
18-08-2023,30604.05078,30934.09961,30515,30907.44922,20000
21-08-2023,30937.59961,30987.65039,30597.05078,30626.25,12900
22-08-2023,30902.40039,31024.59961,30785.69922,30973.90039,11400
23-08-2023,30924.09961,31084.65039,30887.44922,31036.94922,12200
24-08-2023,31112.15039,31212.44922,31004.75,31084.55078,37500
25-08-2023,30914.55078,30998.94922,30803,30907.84961,15200
28-08-2023,30773.59961,31025.75,30745,30975.34961,11100
29-08-2023,30866.05078,30978.25,30784.84961,30899.94922,11400
30-08-2023,31103.90039,31197.75,31023.75,31069.84961,11800
31-08-2023,31164.90039,31428,31067.69922,31175.09961,35300
01-09-2023,31514.34961,31550.94922,31149.25,31166.59961,14300
04-09-2023,32163.94922,32197.84961,31454.5,31552.5,3083434400
05-09-2023,32365.30078,32482.65039,32014.94922,32207.40039,24000
06-09-2023,32312.30078,32515.05078,32038.55078,32437.84961,19400
07-09-2023,32448.34961,32497.65039,32153.40039,32264.5,17700
08-09-2023,32415.65039,32561.25,32353.40039,32450.75,12700
11-09-2023,32642.80078,32674.44922,32458.05078,32531,15300
12-09-2023,32977.89844,33114.14844,32429.5,32758.55078,24400
13-09-2023,32886.69922,32982.35156,32713.09961,32943.14844,14900
14-09-2023,33045.39844,33240.19922,32949.55078,32991.44922,24000
15-09-2023,33355.05078,33402.75,33156.19922,33216.89844,31900
18-09-2023,33129.5,33266.89844,33030.35156,33255.10156,14200
20-09-2023,32949.19922,33167.30078,32851.75,32860.89844,16600
21-09-2023,32919.94922,32976.85156,32504.75,32849.89844,20700
22-09-2023,32906.30078,33109.64844,32664.40039,32799.05078,22900
25-09-2023,32648.59961,32960.94922,32581.15039,32881.35156,15200
26-09-2023,32471,32693.25,32391.44922,32675.09961,12200
27-09-2023,32594.65039,32651,32339.94922,32439.05078,13800
28-09-2023,31879.59961,32623.34961,31808.75,32616.05078,26100
29-09-2023,31784.40039,32020.34961,31514.90039,31814.65039,22000
03-10-2023,31717.25,31852.65039,31499.34961,31772.75,14300
04-10-2023,31811.5,31874.69922,31412.5,31531.34961,16000
05-10-2023,32125.40039,32368.44922,31956.90039,31995,21400
06-10-2023,32341.69922,32438.40039,32098.80078,32251.44922,14000
09-10-2023,32308.55078,32638.25,32203.55078,32216.15039,17400
10-10-2023,32569.44922,32616.34961,32200.25,32423.94922,14500
11-10-2023,32548.05078,32981.89844,32489.59961,32688.69922,24900
12-10-2023,32003.65039,32556.5,31907,32474.15039,28500
13-10-2023,31807.94922,32024.34961,31434.09961,31457.5,37300
16-10-2023,31750.40039,31949.75,31710.65039,31831.05078,15800
17-10-2023,31794.90039,31938.19922,31770.75,31884.25,13200
18-10-2023,31606.65039,31882.44922,31568.19922,31778.55078,14900
19-10-2023,31540.05078,31667,31345.55078,31345.55078,31200
20-10-2023,31469.34961,31605.75,31360.5,31445.44922,17300
23-10-2023,30848.40039,31456.09961,30802.05078,31358.44922,13500
25-10-2023,30530.5,31004.19922,30469,30790.34961,16600
26-10-2023,30225.65039,30312.44922,30054.19922,30184,28200
27-10-2023,30599.69922,30676.94922,30313.94922,30328.25,15100
30-10-2023,30641,30698.40039,30433.65039,30627.90039,11000
31-10-2023,30582.25,30769.19922,30396.05078,30765.25,12400
01-11-2023,30344.84961,30694.44922,30283.15039,30609.44922,10900
02-11-2023,30582.75,30731.55078,30495.30078,30575.80078,12400
03-11-2023,30779.94922,30924.84961,30739.34961,30797.25,11800
06-11-2023,30972.94922,31034.15039,30863.65039,30955.34961,9500
07-11-2023,30981.59961,31052.5,30860.65039,30949.94922,9400
08-11-2023,30917.19922,31128.90039,30865.25,31049.75,11100
09-11-2023,30717.69922,30993.05078,30655.55078,30982.65039,20500
10-11-2023,30639.05078,30680.84961,30504.09961,30623.69922,12700
13-11-2023,30635.84961,30810.34961,30572.94922,30793.65039,8900
15-11-2023,31429.34961,31472.5,30987.75,31095.80078,24300
16-11-2023,32273.34961,32453.65039,31431.5,31555.09961,26900
17-11-2023,32191.34961,32405.84961,32134.65039,32288.90039,16400
20-11-2023,32383.19922,32600.34961,32198.09961,32202.30078,15300
21-11-2023,32325.69922,32587.15039,32300.05078,32507.75,12400
22-11-2023,32564.40039,32583.44922,32262.15039,32298,11100
23-11-2023,32370.65039,32688,32334.5,32657.15039,14200
24-11-2023,32055.15039,32420.44922,32010,32341,11800
28-11-2023,32118.5,32187.94922,31807.84961,32115.84961,14300
29-11-2023,32608.40039,32633,32248.34961,32258.5,18800
30-11-2023,32582.19922,32701.65039,32455.30078,32569.80078,39500
01-12-2023,32598.69922,32729.80078,32478.75,32729.80078,13400
04-12-2023,32665.55078,32888.19922,32522.44922,32888.19922,16800
05-12-2023,32479.15039,32755.19922,32252.44922,32754,19000
06-12-2023,33022.60156,33073.05078,32529.30078,32560.15039,25300
07-12-2023,32961.60156,33111.64844,32891.75,33053.64844,16800
08-12-2023,33392.89844,33452.39844,33012.69922,33098.64844,25700
11-12-2023,33514.25,33615.69922,33332.5,33424,16300
12-12-2023,33493.89844,33799.80078,33358,33484.80078,19700
13-12-2023,33066.64844,33497.44922,32715.65039,33466.30078,23500
14-12-2023,34223.35156,34308.55078,33419.10156,33451.94922,44000
15-12-2023,35782.44922,35947.60156,34427.55078,34427.55078,67500
18-12-2023,35685.55078,36132,35487.94922,35707.30078,27600
19-12-2023,35345,35762.10156,35091.94922,35728.39844,20600
20-12-2023,34741.05078,35928.5,34621,35492.80078,32400
21-12-2023,34846.05078,35020,34394.55078,34406.80078,19900
22-12-2023,35637.80078,35770.44922,34740.14844,34974.64844,39200
26-12-2023,35493.44922,35682.64844,35185.44922,35421.14844,40100
27-12-2023,35741,35814.69922,35447.10156,35557.30078,22900
28-12-2023,35691.64844,35850.39844,35614.80078,35812,21700
29-12-2023,35515,35781.10156,35395.05078,35559.39844,18000
02-01-2024,35283.10156,35701.80078,35106.14844,35668.05078,18400
03-01-2024,34395.44922,35076.94922,34367.75,35039.05078,24900
04-01-2024,34409.39844,34800.35156,34236.60156,34552.94922,26900
05-01-2024,34851.75,34991.55078,34459.44922,34469.69922,24600
08-01-2024,34514.64844,34881.80078,34419.75,34876.64844,15000
09-01-2024,34662.44922,35139.35156,34608.44922,34926.64844,18700
10-01-2024,34834.35156,34941,34546.94922,34693,16300
11-01-2024,34735.25,35104.94922,34665.10156,34978.30078,21900
12-01-2024,36521.69922,36581.10156,35659.55078,35673,67100
15-01-2024,37201.94922,37929.30078,37109.35156,37538.44922,99200
16-01-2024,36727.10156,37132.39844,36600.44922,37132.39844,28800
17-01-2024,36960.39844,37107.19922,36289.30078,36299.60156,35600
18-01-2024,36730.5,36826.44922,36136.39844,36784.35156,34200
19-01-2024,37069.25,37263.94922,36831.35156,37065,24400
23-01-2024,36521.35156,37383.44922,36424.89844,36958.30078,31200
24-01-2024,37090.14844,37174.19922,36435.30078,36761.60156,23600
25-01-2024,36496.19922,36938.60156,36354.10156,36938.60156,30800
29-01-2024,36531.89844,36653.25,36351.5,36553.80078,18300
30-01-2024,36381.94922,37022.89844,36321.10156,36682.10156,19500
31-01-2024,36638.39844,36704.5,36228.85156,36373.94922,25100
01-02-2024,36534.55078,36951.39844,36451.14844,36632.5,18700
02-02-2024,37323.25,37663.94922,36729.94922,36730.14844,26900
05-02-2024,37162.14844,37574.44922,37097.94922,37441,15400
06-02-2024,38246.30078,38286,37161.60156,37267.14844,36900
07-02-2024,37767.75,38373.44922,37734.55078,38345.39844,17800
08-02-2024,37851.60156,38101.5,37625.75,37893.44922,20900
09-02-2024,37699.25,38082.05078,37443.75,37891.5,16100
12-02-2024,37998,38285.35156,37770,37770,38300
13-02-2024,38204,38258.5,37605.30078,38070.39844,20500
14-02-2024,37775.39844,37844.69922,37200.05078,37724.75,23000
15-02-2024,37999.55078,38270.44922,37735.60156,38053.30078,19200
16-02-2024,38477.05078,38516.55078,38131.85156,38211.55078,29500
20-02-2024,38029.69922,38347.89844,37780.19922,38190.75,15700
21-02-2024,37405.89844,38001.44922,37302.60156,37938.85156,18900
22-02-2024,38130.14844,38192.10156,37395.35156,37535.75,23900
23-02-2024,38045.64844,38490.44922,37980.10156,38487.5,22900
26-02-2024,37598.64844,38005.85156,37384.89844,37991.89844,14500
27-02-2024,37870.25,37929.30078,37606.69922,37606.69922,17900
28-02-2024,37741.75,38138.35156,37594.5,37926.64844,14800
29-02-2024,37720.39844,37896.05078,37414.94922,37616.19922,26400
01-03-2024,37516.05078,37888.85156,37462.85156,37823.69922,18800
04-03-2024,37314.80078,37733.25,37279.44922,37634.25,14500
05-03-2024,36720.75,37202.30078,36613.10156,37180.05078,18100
06-03-2024,37001.80078,37050.14844,36134,36627.64844,20100
07-03-2024,37099.89844,37318.94922,36838.35156,37057.94922,20500
11-03-2024,36988.30078,37203.85156,36820.35156,37082,21000
12-03-2024,37224.25,37568.94922,36981.69922,36991.5,20600
13-03-2024,36946.44922,37556.60156,36689.10156,37320.80078,21800
14-03-2024,37679.60156,37723.35156,36607.64844,36901.89844,26000
15-03-2024,37500.69922,37592.05078,37264.89844,37524.35156,30300
18-03-2024,36886.05078,37522.85156,36746.60156,37458.85156,14300
19-03-2024,35814.64844,36573.05078,35783.39844,36562,25700
20-03-2024,35748.89844,36115.19922,35697.85156,35875.60156,15000
21-03-2024,36026.80078,36296.35156,35816.80078,36039.19922,26600
22-03-2024,35188.39844,35419.25,34701.75,35256.60156,48800
26-03-2024,34969.10156,35400.14844,34938,35003.10156,29100
27-03-2024,34744.35156,35121.55078,34693.60156,35057.39844,22400
28-03-2024,34898.14844,35203.25,34786.64844,34862.60156,35100
01-04-2024,35042.80078,35265.30078,34963.80078,35224,16258200
02-04-2024,34793.94922,34984.35156,34769.89844,34900.14844,17500
03-04-2024,35047.39844,35289.69922,34626.19922,34682.60156,27300
04-04-2024,35426.69922,35649.60156,34915.14844,35314.69922,31100
05-04-2024,35247.89844,35371.10156,35146.5,35331.80078,15000
08-04-2024,35064.14844,35429.94922,35018.60156,35381,27200
09-04-2024,35079.35156,35568.80078,35002.80078,35241.89844,24200
10-04-2024,35293.14844,35350.60156,34952.25,35191.14844,19200
12-04-2024,35018.10156,35363.60156,34980.85156,35222.55078,31900
15-04-2024,34463.60156,35188.14844,34335.14844,34845.80078,26100
16-04-2024,33574.94922,34175.60156,33504.35156,34108.60156,37500
18-04-2024,33498.64844,34102.14844,33445.35156,33746.39844,47200
19-04-2024,33368.30078,33538.55078,32915.5,33047.35156,43300
22-04-2024,33538.80078,33627.55078,33341.64844,33488.75,25300
23-04-2024,33714.55078,33803.85156,33614.25,33752.85156,18900
24-04-2024,33442.55078,33840.10156,33393.64844,33829.55078,13400
25-04-2024,33554.44922,33659.44922,33283.44922,33283.44922,29000
26-04-2024,33666.25,34307.44922,33574.60156,33743.10156,51300
29-04-2024,33579.39844,33792.85156,33527.05078,33640.75,28000
30-04-2024,33200.94922,33688.94922,33145.89844,33547.69922,25700
02-05-2024,33203.35156,33332.19922,33059.30078,33059.30078,30400
03-05-2024,32908.39844,33305,32690.5,33248.5,31100
06-05-2024,33217.14844,33435.35156,32990.80078,33041.19922,18200
07-05-2024,33473,33525.5,32998.19922,33268.14844,22600
08-05-2024,33335.14844,33489.64844,33237.10156,33425.14844,21700
09-05-2024,33205.85156,33454.75,33006.94922,33275.75,22500
10-05-2024,32935.14844,33178.39844,32786.55078,33166.10156,20700
13-05-2024,33074.60156,33108.25,32669.25,32910.64844,13000
14-05-2024,33122.85156,33321.60156,32918.69922,33106.75,12900
15-05-2024,33117.39844,33292.35156,32986.05078,33144,13700
16-05-2024,33668.44922,33705.19922,33208.25,33364.64844,32600
17-05-2024,33381.85156,33766.69922,33361,33763.85156,20200
21-05-2024,33379.75,33453.60156,33191.75,33253,21300
22-05-2024,33613.10156,33724.35156,33364.14844,33444.25,18800
23-05-2024,34042.85156,34098.05078,33615.35156,33683.69922,25500
24-05-2024,33824.30078,34088.19922,33761.69922,34024.64844,15500
27-05-2024,33995.25,34227.05078,33769.89844,33914.44922,35800
28-05-2024,33880.85156,34136.25,33802.05078,34095.64844,21800
29-05-2024,33542.69922,33888.89844,33515.14844,33888.89844,20700
30-05-2024,32806.75,33433.25,32685.34961,33363.89844,31500
31-05-2024,32386.09961,32816.85156,32280.80078,32732.80078,76700
03-06-2024,32511.40039,33143.55078,32455.80078,33114.69922,26500
04-06-2024,32315.55078,32594.34961,31320.15039,32575.19922,37300
05-06-2024,33087.94922,33319.60156,32410.80078,32464.05078,26600
06-06-2024,34023.80078,34093.14844,33343,33451.69922,35900
07-06-2024,35169.89844,35248.10156,34256.30078,34274.60156,81900
10-06-2024,34526.25,35167.75,34360.64844,35140.44922,60800
11-06-2024,34531.44922,34751.30078,34483.39844,34600.85156,16900
12-06-2024,34547.44922,35016.39844,34505.89844,34860.05078,30300
13-06-2024,34902.05078,35039.55078,34783.19922,34796.39844,27000
14-06-2024,34598.55078,35035.69922,34568.85156,35035.69922,19200
18-06-2024,34802.94922,34917.64844,34655.89844,34696,28600
19-06-2024,34927.10156,35036.64844,34604.05078,34904.89844,24000
20-06-2024,34936.44922,35002.5,34728.60156,35002.5,23900
21-06-2024,35200.30078,35875.30078,35061,35474.35156,88800
24-06-2024,35143.80078,35282,34918.14844,35067.75,18100
25-06-2024,35426.89844,35468,35004.85156,35146.64844,16000
26-06-2024,35406.60156,35593.94922,35336,35484.05078,18200
27-06-2024,36123.69922,36191.19922,35105.69922,35289.25,54800
28-06-2024,36157.5,36334.64844,36041.19922,36154.19922,29200
01-07-2024,36869.19922,37093.35156,36085.44922,36103,0
02-07-2024,37299.14844,37525.44922,36944.89844,37006.35156,0
03-07-2024,37314.35156,37444,37064,37439.44922,0
04-07-2024,37725.89844,37935.10156,37399.10156,37455.64844,32000
05-07-2024,37720.75,37884.64844,37491.39844,37754.14844,20600
08-07-2024,37742.25,37949.80078,37582.69922,37766,20600
09-07-2024,37668.64844,37827.80078,37603.85156,37747.30078,16000
10-07-2024,37280.75,37824.64844,37110.35156,37713.94922,23500
11-07-2024,37332.60156,37636.19922,37108.35156,37464.85156,24500
12-07-2024,39023,39237.69922,37825.25,37917.35156,76200
15-07-2024,38911.35156,39567,38831.64844,39432.10156,35300
16-07-2024,39141.5,39280,38730.55078,39013.75,22100
18-07-2024,40010.39844,40075.69922,39010.35156,39010.35156,41700
19-07-2024,39923.30078,40682.69922,39833.10156,40682.69922,63900
22-07-2024,39773.14844,39945.5,39418.44922,39664.85156,57200
23-07-2024,40044.69922,40193.85156,39081.30078,39773.75,30800
24-07-2024,40115.05078,40282.10156,39918.75,40003,21200
25-07-2024,40055.5,40198.64844,39693.60156,39809.80078,27700
26-07-2024,40977.35156,41073.64844,40081.89844,40164.44922,42900
29-07-2024,40820.10156,41381.10156,40691.35156,41220.75,18100
30-07-2024,40776.35156,40889.89844,40561.60156,40827.10156,14500
31-07-2024,40851.10156,41074.05078,40657.05078,40728.75,17800
01-08-2024,40709.39844,41036.05078,40537.19922,40862.39844,20100
02-08-2024,39730.30078,40632.25,39662.64844,40346.55078,24200
05-08-2024,38435.94922,39044.69922,37829.10156,38822.55078,33000
06-08-2024,38624.19922,39395.39844,38551.69922,38565.85156,21500
07-08-2024,39194.80078,39427.10156,38882.94922,39269.05078,16000
08-08-2024,38448.30078,39098.75,38371.14844,39030.5,21600
09-08-2024,39043.30078,39252.39844,38931.85156,39007.69922,13900
12-08-2024,39109.55078,39329.05078,38747.85156,39038.94922,13600
13-08-2024,39114.85156,39383.30078,38972.69922,39198.25,12400
14-08-2024,39731.25,39767.14844,39177.69922,39259.69922,24100
16-08-2024,40878.25,40927.14844,40063.89844,40287.30078,33700
19-08-2024,41236.85156,41271.60156,40736.55078,40940.89844,16300
20-08-2024,41572.80078,41746.55078,41366.19922,41421.25,17900
21-08-2024,41570.85156,41603.60156,41368.05078,41532.05078,11500
22-08-2024,41506.19922,41834,41406.19922,41735.25,17000
23-08-2024,41089.85156,41548.75,41029.5,41492.75,16900
26-08-2024,41662.10156,41820.89844,41319.05078,41343.44922,21200
27-08-2024,41709.25,41936.69922,41589.85156,41696.85156,14800
28-08-2024,42394.39844,42717.14844,41594.89844,41792.89844,37800
29-08-2024,42591.64844,42790.30078,42151.5,42191.10156,31500
30-08-2024,42787.80078,42913.94922,42455.10156,42644.10156,38100
02-09-2024,42975.60156,43299.5,42847.80078,42864.85156,22600
03-09-2024,42851.30078,43194.55078,42746.75,42953.10156,20100
04-09-2024,42450.5,42498.44922,42023.5,42315.69922,22900
05-09-2024,42644.64844,42766.05078,42294.55078,42578.14844,17700
06-09-2024,42228.89844,42983.60156,42167.14844,42607.85156,22500
09-09-2024,41919.05078,42431.64844,41809.64844,42104.05078,18600
10-09-2024,42644.19922,42937.44922,42055.85156,42128.30078,21600
11-09-2024,42473.30078,42984.19922,42406.14844,42710.14844,15900
12-09-2024,43152.10156,43265.25,42449.05078,42836.5,26400
13-09-2024,43394.35156,43571.64844,42989.39844,43244.19922,28000
16-09-2024,43352.64844,43583.14844,43286.80078,43457.39844,11500
17-09-2024,43415,43645.89844,43133.55078,43294.44922,12500
18-09-2024,42089.30078,43222.44922,41814.39844,43222.44922,27100
19-09-2024,41945.60156,42850.44922,41670.80078,42551,32400
20-09-2024,42204.39844,42375.19922,41614.25,42186.85156,39800
23-09-2024,41987.44922,42378.5,41785.14844,42288.35156,14000
24-09-2024,42243.94922,42403.89844,41691.39844,41863.35156,21800
25-09-2024,41960.94922,42222.85156,41645.85156,42128.14844,17300
26-09-2024,42160.89844,42345.39844,41982.85156,42033.89844,27100
27-09-2024,42312.60156,43377.94922,42270.55078,42738.55078,46500
30-09-2024,41946.10156,42275.39844,41853.25,42045.55078,20900
01-10-2024,42434.80078,42470.5,41916.30078,41916.30078,19500
03-10-2024,41762.60156,42325.85156,41631.5,41978.44922,26100
04-10-2024,41912.5,42566.14844,41682.94922,41682.94922,28100
07-10-2024,42190.60156,42491.85156,41760.10156,42134.64844,22000
08-10-2024,42387.55078,42445.25,41639.44922,42275.25,18400
09-10-2024,42622.75,42920.55078,42498.55078,42524.69922,16700
10-10-2024,42088.80078,42880.39844,42012.35156,42801.05078,19800
11-10-2024,42335.69922,42567.19922,41734.19922,41770.5,20800
14-10-2024,42872.75,42985.10156,42357.75,42383.25,28300
15-10-2024,42731.30078,43329.5,42572.80078,42917.64844,29400
16-10-2024,42230.69922,42691.14844,42168.69922,42605.35156,17100
17-10-2024,42734.35156,42900.44922,42369.80078,42455.60156,35400
18-10-2024,42106.5,42579.75,41838,42216.89844,58500
21-10-2024,41562.69922,42609.05078,41481.55078,42426.44922,28100
22-10-2024,41238.80078,41850.60156,41155.85156,41556.35156,21800
23-10-2024,42222.10156,42530.94922,41151.35156,41168.39844,27400
24-10-2024,42139.85156,42379.60156,41926.85156,41929.25,16300
25-10-2024,42038.85156,42366.14844,41874.55078,42235.30078,19000
28-10-2024,42205.39844,42401.30078,41963.30078,42012.60156,19200
29-10-2024,42031.44922,42210.89844,41746.60156,42167.55078,16300
30-10-2024,41668.60156,42164.35156,41572.10156,41975.35156,22800
31-10-2024,40407.55078,41501.94922,40191.94922,41501.94922,29400
01-11-2024,40433.64844,40646.69922,40366.5,40568.64844,2200
04-11-2024,40421.80078,40472.44922,39975,40202.25,21800
05-11-2024,40424.60156,40658.25,40225.19922,40345.44922,11900
06-11-2024,42039.5,42105.5,40675.05078,40770.60156,34500
07-11-2024,41752.39844,42369.64844,41348.75,42151.5,19600
08-11-2024,42050.14844,42306.69922,41840.69922,41938.80078,21700
11-11-2024,42590.30078,42798.14844,41793.64844,41991.35156,18100
12-11-2024,42609.55078,42884.60156,42462.05078,42846,18300
13-11-2024,42369.5,42659.69922,42201.39844,42484.44922,15000
14-11-2024,42390.85156,42633,42162.80078,42318.75,16600
18-11-2024,41406.55078,42442.85156,41035.39844,42442.85156,21800
19-11-2024,41748.35156,42447.64844,41534.60156,41534.60156,18800
21-11-2024,41952.80078,42325.85156,41678.19922,41928.89844,19200
22-11-2024,43332.10156,43436.14844,41983.55078,42229.19922,24600
25-11-2024,43618.14844,43751.64844,43337.60156,43697.85156,42000
26-11-2024,44085.94922,44244.60156,43699.44922,43763.19922,21700
27-11-2024,44018.69922,44330.60156,43980.14844,44132.5,18100
28-11-2024,42968.75,44013.10156,42864.80078,43948,24100
29-11-2024,43146.25,43468.94922,42738.75,42873.80078,16700
02-12-2024,43547,43578,42860.80078,43171.75,14500
03-12-2024,43754.94922,43811.5,43404,43794.69922,28300
04-12-2024,43949.25,44225.55078,43585.05078,43761.14844,28900
05-12-2024,44806.39844,45027.94922,44023.89844,44174.80078,34800
06-12-2024,44716.05078,44852.30078,44519.69922,44780.44922,17900
09-12-2024,44832,44913.30078,44477.14844,44648.30078,19500
10-12-2024,45199.75,45377.75,44824.14844,44848.5,32300
11-12-2024,45350.35156,45398.94922,45046.60156,45238.80078,19400
12-12-2024,45701.64844,46002.64844,45375.5,45409.69922,29300
13-12-2024,45995.80078,46088.89844,45073.5,45496.94922,20500
16-12-2024,45653.60156,46005.19922,45536.85156,45937.10156,15600
17-12-2024,45413.75,45759.64844,45213.85156,45576.14844,24200
18-12-2024,45526.85156,45693,45237.30078,45293.05078,21600
19-12-2024,44954.19922,45265.94922,44434.10156,44493.44922,27800
20-12-2024,43771.05078,45647.30078,43663.05078,45513.35156,47400
23-12-2024,43828.35156,44267.39844,43643.94922,44011.5,16400
24-12-2024,43668.89844,44203.05078,43262.10156,43897,15500
26-12-2024,43664.25,43851,43420.89844,43708.19922,100
27-12-2024,43721.39844,43863.64844,43546.05078,43707,15700
30-12-2024,43971.44922,44175.5,43259.80078,43674.05078,41600
